[soak-daily] 2026-09-19T16:13:20Z start: soak 60min (head 66bdb414)
[bench] commit=66bdb414 dirty=0 profile=test-ci rustc=rustc 1.99.0-nightly (9f36de775 2026-07-19)
[bench] results → bench/results/2026-09-19-66bdb414
[bench] building bench-harness (test-ci)...
    Updating crates.io index
    Blocking waiting for file lock on package cache
    Blocking waiting for file lock on package cache
 Downloading crates ...
  Downloaded rustc_version v0.4.1
  Downloaded sea-query-derive v1.0.0
  Downloaded aead v0.6.1
  Downloaded alloc-no-stdlib v2.0.4
  Downloaded icu_collator v1.5.0
  Downloaded heck v0.4.1
  Downloaded icu_properties_data v2.2.0
  Downloaded jobserver v0.1.34
  Downloaded headers-core v0.3.0
  Downloaded ipnet v2.12.0
  Downloaded icu_normalizer v2.2.0
  Downloaded ident_case v1.0.1
  Downloaded hex v0.4.3
  Downloaded httparse v1.10.1
  Downloaded icu_list_data v1.5.1
  Downloaded k12 v0.5.1
  Downloaded http-body-util v0.1.3
  Downloaded inout v0.2.2
  Downloaded icu_decimal_data v1.5.1
  Downloaded http v0.2.12
  Downloaded headers v0.4.1
  Downloaded scoped-tls v1.0.1
  Downloaded imsz v0.4.1
  Downloaded hyper-util v0.1.20
  Downloaded lebe v0.5.3
  Downloaded idna_adapter v1.2.2
  Downloaded icu_datetime v1.5.1
  Downloaded adler2 v2.0.1
  Downloaded icu_calendar_data v1.5.1
  Downloaded icu_decimal v1.5.0
  Downloaded rust-argon2 v3.0.0
  Downloaded kstring v2.0.4
  Downloaded lazy_static v1.5.0
  Downloaded icu_plurals v1.5.0
  Downloaded icu_timezone_data v1.5.1
  Downloaded http-body v1.0.1
  Downloaded is-macro v0.3.7
  Downloaded inventory v0.3.24
  Downloaded icu_pattern v0.2.0
  Downloaded icu_provider_adapters v1.5.0
  Downloaded heck v0.5.0
  Downloaded icu_casemap_data v1.5.1
  Downloaded icu_locid_transform v1.5.0
  Downloaded keccak v0.2.0
  Downloaded icu_properties v1.5.1
  Downloaded icu_provider v1.5.0
  Downloaded httpdate v1.0.3
  Downloaded is_terminal_polyfill v1.70.2
  Downloaded icu_plurals_data v1.5.1
  Downloaded konst_macro_rules v0.2.19
  Downloaded serde_core v1.0.228
  Downloaded kem v0.3.0
  Downloaded icu_provider_macros v1.5.0
  Downloaded icu_timezone v1.5.0
  Downloaded guillotiere v0.7.0
  Downloaded hash2curve v0.14.0
  Downloaded icu_list v1.5.0
  Downloaded konst v0.2.20
  Downloaded icu_provider v2.2.0
  Downloaded icu_experimental v0.1.0
  Downloaded hashlink v0.11.1
  Downloaded imgref v1.12.1
  Downloaded hmac v0.13.0
  Downloaded icu_locid_transform_data v1.5.1
  Downloaded accesskit v0.24.0
  Downloaded iana-time-zone v0.1.65
  Downloaded keyboard-types v0.8.3
  Downloaded hybrid-array v0.4.14
  Downloaded imagesize v0.15.0
  Downloaded hstr v3.0.6
  Downloaded icu_locid v1.5.0
  Downloaded icu_normalizer_data v2.2.0
  Downloaded icu_casemap v1.5.1
  Downloaded icu_normalizer_data v1.5.1
  Downloaded regex v1.12.3
  Downloaded image-webp v0.2.4
  Downloaded icu_collections v2.2.0
  Downloaded aes-gcm v0.11.0
  Downloaded regex-automata v0.4.14
  Downloaded icu_properties v2.2.0
  Downloaded html5ever v0.39.0
  Downloaded icu_normalizer v1.5.0
  Downloaded itertools v0.10.5
  Downloaded half v2.7.1
  Downloaded icu_collections v1.5.0
  Downloaded icu_locale_core v2.2.0
  Downloaded resvg v0.48.1
  Downloaded http v1.4.1
  Downloaded semver v1.0.28
  Downloaded rand v0.8.6
  Downloaded profiling-procmacros v1.0.18
  Downloaded icu_calendar v1.5.2
  Downloaded rustc-hash v2.1.2
  Downloaded libffi v3.2.0
  Downloaded same-file v1.0.6
  Downloaded aligned-vec v0.6.4
  Downloaded anstream v1.0.0
  Downloaded anstyle-parse v1.0.0
  Downloaded sea-query-rusqlite v0.8.0
  Downloaded idna v1.1.0
  Downloaded itertools v0.15.0
  Downloaded addr2line v0.25.1
  Downloaded hashbrown v0.15.5
  Downloaded hashbrown v0.16.1
  Downloaded hashbrown v0.14.5
  Downloaded h2 v0.4.14
  Downloaded hyper v1.10.0
  Downloaded rfc6979 v0.6.0
  Downloaded hkdf v0.13.0
  Downloaded kurbo v0.13.1
  Downloaded itertools v0.14.0
  Downloaded aead-stream v0.6.0
  Downloaded rustversion v1.0.22
  Downloaded serde_derive v1.0.228
  Downloaded icu_capi v1.5.0
  Downloaded anstyle-query v1.1.5
  Downloaded raw-window-handle v0.6.2
  Downloaded rayon-core v1.13.0
  Downloaded icu_properties_data v1.5.1
  Downloaded roxmltree v0.20.0
  Downloaded quick-error v2.0.1
  Downloaded serde_bytes v0.11.19
  Downloaded rustls-platform-verifier v0.7.0
  Downloaded harfrust v0.12.0
  Downloaded rustls-webpki v0.103.13
  Downloaded ahash v0.8.12
  Downloaded image v0.25.10
  Downloaded rustc-demangle v0.1.27
  Downloaded allocator-api2 v0.2.21
  Downloaded roxmltree v0.21.1
  Downloaded rand_core v0.10.1
  Downloaded selectors v0.40.0
  Downloaded aes v0.9.2
  Downloaded serde v1.0.228
  Downloaded rand v0.9.4
  Downloaded pulldown-cmark-escape v0.11.0
  Downloaded khronos_api v3.1.0
  Downloaded icu_collator_data v1.5.1
  Downloaded aligned v0.4.3
  Downloaded rustls-pki-types v1.14.1
  Downloaded rgb v0.8.53
  Downloaded icu_segmenter v1.5.0
  Downloaded rustls v0.23.43
  Downloaded rayon v1.12.0
  Downloaded jiff v0.2.28
  Downloaded libc v0.2.186
  Downloaded ryu v1.0.23
  Downloaded rustix v0.38.44
  Downloaded scopeguard v1.2.0
  Downloaded alloc-stdlib v0.2.2
  Downloaded read-fonts v0.41.0
  Downloaded icu_experimental_data v0.1.1
  Downloaded seq-macro v0.3.6
  Downloaded aes-kw v0.3.1
  Downloaded anstyle v1.0.14
  Downloaded rand_core v0.6.4
  Downloaded rand_core v0.9.5
  Downloaded rand_chacha v0.9.0
  Downloaded ravif v0.13.0
  Downloaded psm v0.1.31
  Downloaded sec1 v0.8.1
  Downloaded harfbuzz-sys v0.8.0
  Downloaded quote v1.0.45
  Downloaded rustls-native-certs v0.8.4
  Downloaded anyhow v1.0.102
  Downloaded quick_cache v0.6.22
  Downloaded selectors v0.37.0
  Downloaded rand v0.10.2
  Downloaded rsa v0.10.0-rc.18
  Downloaded rusqlite v0.38.0
  Downloaded icu_segmenter_data v1.5.1
  Downloaded icu_datetime_data v1.5.1
  Downloaded embedded-io v0.4.0
  Downloaded equator v0.4.2
  Downloaded euclid v0.22.14
  Downloaded enumset v1.1.13
  Downloaded pulldown-cmark v0.12.2
  Downloaded aho-corasick v1.1.4
  Downloaded encoding_rs v0.8.35
  Downloaded from_variant v3.0.0
  Downloaded foldhash v0.2.0
  Downloaded futures-macro v0.3.32
  Downloaded find-msvc-tools v0.1.9
  Downloaded fs_extra v1.3.0
  Downloaded filetime v0.2.29
  Downloaded fastrand v2.4.1
  Downloaded fontsan v0.7.0
  Downloaded gaol v0.2.1
  Downloaded ghash v0.6.0
  Downloaded glib-sys v0.22.8
  Downloaded gio-sys v0.22.8
  Downloaded gstreamer-app v0.25.2
  Downloaded gstreamer-base v0.25.3
  Downloaded gstreamer-gl-egl-sys v0.25.0
  Downloaded gstreamer-sdp v0.25.3
  Downloaded gstreamer-video-sys v0.25.3
  Downloaded sha1 v0.11.0
  Downloaded siphasher v1.0.3
  Downloaded sha3 v0.12.0
  Downloaded smallbitvec v2.6.1
  Downloaded strict-num v0.1.1
  Downloaded speexdsp-resampler v0.1.0
  Downloaded strum_macros v0.28.0
  Downloaded strsim v0.11.1
  Downloaded stacker v0.1.24
  Downloaded stylo_malloc_size_of v0.20.0
  Downloaded surfman v0.13.0
  Downloaded swc_allocator v4.0.1
  Downloaded swc_config_macro v1.0.1
  Downloaded swc_ecma_hooks v0.9.0
  Downloaded swc_ecma_parser v41.1.0
  Downloaded swc_macros_common v1.0.1
  Downloaded synstructure v0.13.2
  Downloaded termcolor v1.4.1
  Downloaded tar v0.4.46
  Downloaded tikv-jemallocator v0.6.1
  Downloaded thiserror-impl v1.0.69
  Downloaded to_shmem_derive v0.1.0
  Downloaded tinyvec v1.11.0
  Downloaded toml v1.1.2+spec-1.1.0
  Downloaded toml_writer v1.1.1+spec-1.1.0
  Downloaded tower-service v0.3.3
  Downloaded tracing-attributes v0.1.31
  Downloaded uluru v3.1.0
  Downloaded unic-ucd-ident v0.9.0
  Downloaded tracing v0.1.44
  Downloaded unicode-id-start v1.4.0
  Downloaded unicode-vo v0.1.0
  Downloaded universal-hash v0.6.1
  Downloaded utf8parse v0.2.2
  Downloaded usvg v0.48.1
  Downloaded vello_common v0.2.0
  Downloaded void v1.0.2
  Downloaded wasm-bindgen-macro v0.2.122
  Downloaded wasm-bindgen-macro-support v0.2.122
  Downloaded wnaf v0.14.0
  Downloaded webrender_api v0.70.0
  Downloaded writeable v0.5.5
  Downloaded x11-dl v2.21.0
  Downloaded x25519-dalek v3.0.0
  Downloaded yoke-derive v0.8.2
  Downloaded zerofrom v0.1.8
  Downloaded zstd-pure-rs v0.1.1
  Downloaded libm v0.2.16
  Downloaded zune-inflate v0.2.54
  Downloaded malloc_size_of_derive v0.1.3
  Downloaded markup5ever v0.39.0
  Downloaded lock_api v0.4.14
  Downloaded regex-automata v0.2.0
  Downloaded sea-query v1.0.2
  Downloaded linux-raw-sys v0.4.15
  Downloaded module-lattice v0.2.3
  Downloaded num-rational v0.4.2
  Downloaded phf_codegen v0.13.1
  Downloaded polyval v0.7.3
  Downloaded plane-split v0.18.0
  Downloaded ppv-lite86 v0.2.21
  Downloaded phf_macros v0.13.1
  Downloaded primeorder v0.14.0
  Downloaded proc-macro-crate v3.5.0
  Downloaded bincode v1.3.3
  Downloaded bindgen v0.72.1
  Downloaded block-padding v0.4.2
  Downloaded calendrical_calculations v0.1.3
  Downloaded cobs v0.3.0
  Downloaded crossbeam-deque v0.8.6
  Downloaded ctutils v0.4.2
  Downloaded enumset_derive v0.15.0
  Downloaded errno v0.3.14
  Downloaded fontdb v0.24.0
  Downloaded futures-util v0.3.32
  Downloaded gif v0.14.2
  Downloaded gstreamer-webrtc v0.25.2
  Downloaded svgtypes v0.16.1
  Downloaded to_shmem v0.5.0
  Downloaded tokio-util v0.7.18
  Downloaded regex-syntax v0.8.10
  Downloaded tungstenite v0.30.0
  Downloaded topological-sort v0.1.0
  Downloaded tracy-rs v0.1.2
  Downloaded unic-char-property v0.9.0
  Downloaded untrusted v0.9.0
  Downloaded url v2.5.8
  Downloaded vcpkg v0.2.15
  Downloaded vello_cpu v0.2.0
  Downloaded wayland-sys v0.31.11
  Downloaded wr_glyph_rasterizer v0.70.0
  Downloaded wuff v0.2.8
  Downloaded rustix v1.1.4
  Downloaded webrender v0.70.0
  Downloaded xml-rs v0.8.28
  Downloaded xml5ever v0.39.0
  Downloaded zerocopy v0.8.49
  Downloaded zerovec-derive v0.11.3
  Downloaded zeroize_derive v1.5.0
  Downloaded libloading v0.8.9
  Downloaded async-recursion v1.1.1
  Downloaded atomic-waker v1.1.2
  Downloaded atomic_refcell v0.1.14
  Downloaded arg_enum_proc_macro v0.3.4
  Downloaded arrayref v0.3.9
  Downloaded as-slice v0.2.1
  Downloaded ast_node v5.0.0
  Downloaded app_units v0.7.8
  Downloaded zstd-sys v2.0.16+zstd.1.5.7
  Downloaded memmap2 v0.9.10
  Downloaded ml-dsa v0.1.1
  Downloaded mio v1.2.1
  Downloaded lol_html v3.0.0
  Downloaded arrayvec v0.7.6
  Downloaded avif-serialize v0.8.9
  Downloaded argon2 v0.6.0-rc.8
  Downloaded ascii v1.1.0
  Downloaded autocfg v1.5.1
  Downloaded linux-raw-sys v0.12.1
  Downloaded av1-grain v0.2.5
  Downloaded nom v8.0.0
  Downloaded num-conv v0.2.2
  Downloaded num_cpus v1.17.0
  Downloaded once_cell v1.21.4
  Downloaded ocb3 v0.2.0-rc.3
  Downloaded phc v0.6.1
  Downloaded parking_lot_core v0.9.12
  Downloaded peek-poke-derive v0.3.0
  Downloaded phf_macros v0.11.3
  Downloaded phf_generator v0.13.1
  Downloaded png v0.18.1
  Downloaded potential_utf v0.1.5
  Downloaded async-tungstenite v0.35.0
  Downloaded bitstream-io v4.10.0
  Downloaded primefield v0.14.0
  Downloaded bytemuck_derive v1.10.2
  Downloaded blowfish v0.10.0
  Downloaded backtrace v0.3.76
  Downloaded bcrypt v0.19.2
  Downloaded ar_archive_writer v0.5.2
  Downloaded brotli v8.0.3
  Downloaded color_quant v1.1.0
  Downloaded castaway v0.2.4
  Downloaded cfg-expr v0.20.8
  Downloaded cpufeatures v0.3.0
  Downloaded async-compression v0.4.42
  Downloaded crc32fast v1.5.0
  Downloaded constant_time_eq v0.4.2
  Downloaded color v0.3.3
  Downloaded chrono v0.4.44
  Downloaded cssparser v0.36.0
  Downloaded derive_builder_macro v0.20.2
  Downloaded diplomat_core v0.8.1
  Downloaded darling_macro v0.20.11
  Downloaded darling_core v0.21.3
  Downloaded curve25519-dalek v5.0.0
  Downloaded flate2 v1.1.9
  Downloaded fdeflate v0.3.7
  Downloaded fontconfig-parser v0.5.8
  Downloaded enumn v0.1.14
  Downloaded elliptic-curve v0.14.1
  Downloaded enum-map-derive v0.17.0
  Downloaded ecdsa v0.17.0
  Downloaded futures-sink v0.3.32
  Downloaded glib-macros v0.22.6
  Downloaded futures v0.3.32
  Downloaded getrandom v0.4.2
  Downloaded group v0.14.0
  Downloaded simplecss v0.2.2
  Downloaded gstreamer-sdp-sys v0.25.0
  Downloaded sha2 v0.11.0
  Downloaded gstreamer-base-sys v0.25.3
  Downloaded gstreamer-sys v0.25.2
  Downloaded string_enum v1.0.2
  Downloaded time-macros v0.2.27
  Downloaded svg_fmt v0.4.5
  Downloaded syn v2.0.117
  Downloaded tempfile v3.27.0
  Downloaded swc_ecma_ast v25.0.0
  Downloaded thiserror-impl v2.0.18
  Downloaded swc_ecma_transforms_typescript v49.0.0
  Downloaded stylo_derive v0.20.0
  Downloaded aws-lc-rs v1.17.0
  Downloaded tokio v1.52.3
  Downloaded toml_edit v0.25.13+spec-1.1.0
  Downloaded tracing-core v0.1.36
  Downloaded triomphe v0.1.15
  Downloaded unic-common v0.9.0
  Downloaded urlpattern v0.3.0
  Downloaded uuid v1.24.0
  Downloaded weezl v0.1.12
  Downloaded writeable v0.6.3
  Downloaded unicode-script v0.5.8
  Downloaded walkdir v2.5.0
  Downloaded web_atoms v0.2.6
  Downloaded xmlwriter v0.1.0
  Downloaded yoke-derive v0.7.5
  Downloaded zmij v1.0.21
  Downloaded zeroize v1.9.0
  Downloaded zune-jpeg v0.5.15
  Downloaded mime_guess v2.0.5
  Downloaded loop9 v0.1.5
  Downloaded nom-rfc8288 v0.4.0
  Downloaded pxfm v0.1.29
  Downloaded mozangle v0.6.0
  Downloaded num-integer v0.1.46
  Downloaded av-scenechange v0.14.1
  Downloaded object v0.37.3
  Downloaded p384 v0.14.0
  Downloaded pastey v0.2.3
  Downloaded pkcs8 v0.11.0
  Downloaded phf_shared v0.11.3
  Downloaded percent-encoding v2.3.2
  Downloaded proc-macro2 v1.0.106
  Downloaded base64 v0.22.1
  Downloaded bitflags v2.11.1
  Downloaded brotli-decompressor v5.0.1
  Downloaded cfg_aliases v0.2.1
  Downloaded byte-slice-cast v1.2.3
  Downloaded bytes-str v0.2.8
  Downloaded displaydoc v0.2.6
  Downloaded ed448 v0.5.0
  Downloaded ed448-goldilocks v0.14.0-pre.15
  Downloaded etagere v0.2.15
  Downloaded ff v0.14.0
  Downloaded gstreamer-gl-sys v0.25.0
  Downloaded shlex v1.3.0
  Downloaded system-deps v7.0.8
  Downloaded tinystr v0.7.6
  Downloaded thiserror v2.0.18
  Downloaded subtle v2.6.1
  Downloaded strck_ident v0.1.2
  Downloaded stylo_traits v0.20.0
  Downloaded sponge-cursor v0.1.0
  Downloaded swc_ecma_utils v31.0.0
  Downloaded skrifa v0.44.0
  Downloaded tower-layer v0.3.3
  Downloaded tokio-rustls v0.26.4
  Downloaded unicode-bidi v0.3.18
  Downloaded v_frame v0.3.9
  Downloaded webrender_build v0.70.0
  Downloaded wasm-bindgen v0.2.122
  Downloaded unicode_categories v0.1.1
  Downloaded zerofrom-derive v0.1.7
  Downloaded wuff-capi v0.2.0
  Downloaded zstd v0.13.3
  Downloaded diplomat-runtime v0.8.3
  Downloaded ring v0.17.14
  Downloaded rav1e v0.8.1
  Downloaded dpi v0.1.2
  Downloaded dragonbox_ecma v0.1.12
  Downloaded dtoa v1.0.11
  Downloaded libsqlite3-sys v0.36.0
  Downloaded log v0.4.33
  Downloaded minimal-lexical v0.2.1
  Downloaded num-derive v0.4.2
  Downloaded openssl-probe v0.2.1
  Downloaded parking_lot v0.12.5
  Downloaded phf_shared v0.13.1
  Downloaded poly1305 v0.9.1
  Downloaded peniko v0.6.1
  Downloaded prettyplease v0.2.37
  Downloaded base64ct v1.8.3
  Downloaded blake2b_simd v1.0.4
  Downloaded built v0.8.1
  Downloaded compression-codecs v0.4.38
  Downloaded chardetng v0.1.17
  Downloaded data-url v0.3.2
  Downloaded ctr v0.10.1
  Downloaded cookie v0.18.1
  Downloaded derive_more-impl v2.1.1
  Downloaded cbc v0.2.1
  Downloaded crypto-primes v0.7.2
  Downloaded fallible-iterator v0.3.0
  Downloaded env_filter v1.0.1
  Downloaded foldhash v0.1.5
  Downloaded ed25519-dalek v3.0.0
  Downloaded futures-core v0.3.32
  Downloaded gl_generator v0.14.0
  Downloaded gleam v0.15.1
  Downloaded sha1 v0.10.6
  Downloaded string_cache v0.9.0
  Downloaded siphasher v0.3.11
  Downloaded stylo_atoms v0.20.0
  Downloaded gstreamer-play v0.25.0
  Downloaded swc_common v23.0.1
  Downloaded swc_eq_ignore_macros v1.0.1
  Downloaded time-core v0.1.8
  Downloaded toml_datetime v1.1.1+spec-1.1.0
  Downloaded tendril v0.5.0
  Downloaded tungstenite v0.26.2
  Downloaded utf-8 v0.7.6
  Downloaded vlq v0.5.1
  Downloaded webpki-roots v1.0.7
  Downloaded zeitstempel v0.2.2
  Downloaded zerovec v0.11.6
  Downloaded memchr v2.8.1
  Downloaded x448 v0.14.0-pre.12
  Downloaded libz-sys v1.1.28
  Downloaded base16ct v1.0.0
  Downloaded num-traits v0.2.19
  Downloaded muldiv v1.0.1
  Downloaded block-buffer v0.12.1
  Downloaded pico-args v0.5.0
  Downloaded pem-rfc7468 v1.0.0
  Downloaded p256 v0.14.0
  Downloaded powerfmt v0.2.0
  Downloaded byteorder-lite v0.1.0
  Downloaded chacha20poly1305 v0.11.0
  Downloaded compression-core v0.4.32
  Downloaded crossbeam-channel v0.5.15
  Downloaded glslopt v0.1.14
  Downloaded serde_spanned v1.1.1
  Downloaded simd-adler32 v0.3.9
  Downloaded der v0.8.1
  Downloaded dtoa-short v0.3.5
  Downloaded gstreamer-audio v0.25.3
  Downloaded simd_helpers v0.1.0
  Downloaded gimli v0.32.3
  Downloaded fearless_simd v0.4.1
  Downloaded gstreamer-webrtc-sys v0.25.0
  Downloaded tiny-skia v0.12.0
  Downloaded yeslogic-fontconfig-sys v6.0.1
  Downloaded zerotrie v0.1.3
  Downloaded zerovec-derive v0.10.3
  Downloaded miniz_oxide v0.8.9
  Downloaded new_debug_unreachable v1.0.6
  Downloaded nom-language v0.1.0
  Downloaded num-complex v0.4.6
  Downloaded ohos-deviceinfo-sys v0.1.7
  Downloaded num_enum_derive v0.7.6
  Downloaded option-operations v0.6.1
  Downloaded par-core v2.0.0
  Downloaded paste v1.0.15
  Downloaded pastey v0.1.1
  Downloaded pin-project-lite v0.2.17
  Downloaded petgraph v0.8.3
  Downloaded base64 v0.23.1
  Downloaded freetype-sys v0.23.0
  Downloaded string_cache_codegen v0.6.1
  Downloaded swapper v0.1.0
  Downloaded swc_ecma_transforms_react v49.0.0
  Downloaded unicode-properties v0.1.4
  Downloaded xattr v1.6.1
  Downloaded thin-vec v0.2.18
  Downloaded try-lock v0.2.5
  Downloaded utf8_iter v1.0.4
  Downloaded tinyvec_macros v0.1.1
  Downloaded webdriver v0.53.0
  Downloaded mime v0.3.17
  Downloaded noop_proc_macro v0.3.0
  Downloaded pkg-config v0.3.33
  Downloaded p521 v0.14.0
  Downloaded bstr v1.12.1
  Downloaded byteorder v1.5.0
  Downloaded zerotrie v0.2.4
  Downloaded ordered-channel v1.2.0
  Downloaded bumpalo v3.20.3
  Downloaded cdp-protocol v0.3.1
  Downloaded chacha20 v0.10.1
  Downloaded cipher v0.5.2
  Downloaded const-oid v0.10.2
  Downloaded cpubits v0.1.1
  Downloaded libffi-sys v2.3.0
  Downloaded compact_str v0.7.1
  Downloaded content-security-policy v0.8.1
  Downloaded crypto-common v0.2.2
  Downloaded compact_str v0.8.2
  Downloaded buf-read-ext v0.4.0
  Downloaded cssparser v0.37.0
  Downloaded darling v0.21.3
  Downloaded darling_macro v0.21.3
  Downloaded dbl v0.5.0
  Downloaded dlib v0.5.3
  Downloaded derive_builder_core v0.20.2
  Downloaded digest v0.11.3
  Downloaded ed25519 v3.0.0
  Downloaded either v1.16.0
  Downloaded encoding_c_mem v0.2.6
  Downloaded fallible-streaming-iterator v0.1.9
  Downloaded fixed_decimal v0.5.6
  Downloaded fnv v1.0.7
  Downloaded build-parallel v0.1.2
  Downloaded crypto-bigint v0.7.5
  Downloaded fst v0.4.7
  Downloaded futures-executor v0.3.32
  Downloaded glib v0.22.8
  Downloaded glow v0.17.0
  Downloaded gstreamer-app-sys v0.25.0
  Downloaded gstreamer-gl v0.25.2
  Downloaded gstreamer-play-sys v0.25.0
  Downloaded servo_arc v0.4.3
  Downloaded shake v0.1.0
  Downloaded sha3 v0.11.0
  Downloaded slab v0.4.12
  Downloaded socket2 v0.6.4
  Downloaded static_assertions v1.1.0
  Downloaded strck v0.1.2
  Downloaded strum_macros v0.26.4
  Downloaded stylo_static_prefs v0.20.0
  Downloaded swc_config v5.0.0
  Downloaded swc_ecma_transforms_base v44.0.2
  Downloaded dashmap v6.2.1
  Downloaded swc_ecma_visit v25.0.0
  Downloaded sync_wrapper v1.0.2
  Downloaded target-lexicon v0.13.5
  Downloaded thiserror v1.0.69
  Downloaded futures-task v0.3.32
  Downloaded float-cmp v0.9.0
  Downloaded sys-locale v0.3.2
  Downloaded sha1_smol v1.0.1
  Downloaded swc_atoms v9.0.3
  Downloaded diplomat v0.8.0
  Downloaded spki v0.8.0
  Downloaded tinystr v0.8.3
  Downloaded env_logger v0.11.10
  Downloaded glifo v0.3.0
  Downloaded aws-lc-sys v0.41.0
  Downloaded num-bigint v0.4.6
  Downloaded pkcs1 v0.8.0-rc.4
  Downloaded peek-poke v0.3.0
  Downloaded gobject-sys v0.22.6
  Downloaded serdect v0.4.3
  Downloaded bytes v1.11.1
  Downloaded better_scoped_tls v1.0.1
  Downloaded colorchoice v1.0.5
  Downloaded freetype v0.8.0
  Downloaded deranged v0.5.8
  Downloaded encoding_c v0.9.8
  Downloaded cshake v0.2.1
  Downloaded time v0.3.47
  Downloaded tikv-jemalloc-sys v0.6.1+5.3.0-1-ge13ca993e8ccb9ba9847cc330696e02839f328f7
  Downloaded strum v0.26.3
  Downloaded swc_ecma_codegen_macros v2.0.2
  Downloaded version-compare v0.2.1
  Downloaded tiny-skia-path v0.12.0
  Downloaded moxcms v0.8.1
  Downloaded unicase v2.9.0
  Downloaded zune-core v0.5.1
  Downloaded write16 v1.0.0
  Downloaded typenum v1.20.0
  Downloaded dunce v1.0.5
  Downloaded polycool v0.4.0
  Downloaded password-hash v0.6.1
  Downloaded clang-sys v1.8.1
  Downloaded cssparser-macros v0.6.1
  Downloaded fixedbitset v0.5.7
  Downloaded blake2 v0.11.0-rc.6
  Downloaded unicode-segmentation v1.13.3
  Downloaded strum v0.28.0
  Downloaded tokio-macros v2.7.0
  Downloaded wr_malloc_size_of v0.2.2
  Downloaded smallvec v1.15.1
  Downloaded stable_deref_trait v1.2.1
  Downloaded linebender_resource_handle v0.1.1
  Downloaded postcard v1.1.3
  Downloaded cmov v0.5.4
  Downloaded cmake v0.1.58
  Downloaded gstreamer-audio-sys v0.25.3
  Downloaded slotmap v1.1.1
  Downloaded crossbeam-utils v0.8.21
  Downloaded num_threads v0.1.7
  Downloaded unicode-width v0.2.2
  Downloaded litemap v0.7.5
  Downloaded cookie v0.16.2
  Downloaded crossbeam-epoch v0.9.18
  Downloaded num_enum v0.7.6
  Downloaded curve25519-dalek-derive v0.1.1
  Downloaded bytemuck v1.25.0
  Downloaded const_format_proc_macros v0.2.34
  Downloaded futures-channel v0.3.32
  Downloaded derive_more v2.1.1
  Downloaded gstreamer-video v0.25.3
  Downloaded want v0.3.1
  Downloaded darling v0.20.11
  Downloaded derive_builder v0.20.2
  Downloaded form_urlencoded v1.2.2
  Downloaded font-types v0.12.3
  Downloaded swc_ecma_codegen v28.0.1
  Downloaded getrandom v0.2.17
  Downloaded toml_parser v1.1.2+spec-1.1.0
  Downloaded phf v0.11.3
  Downloaded zerovec v0.10.4
  Downloaded profiling v1.0.18
  Downloaded const_format v0.2.36
  Downloaded stylo_dom v0.20.0
  Downloaded bit_field v0.10.3
  Downloaded getrandom v0.3.4
  Downloaded glob v0.3.3
  Downloaded nom v7.1.3
  Downloaded embedded-io v0.6.1
  Downloaded futures-io v0.3.32
  Downloaded tower v0.5.3
  Downloaded yoke v0.8.2
  Downloaded darling_core v0.20.11
  Downloaded precomputed-hash v0.1.1
  Downloaded swc_visit v2.0.1
  Downloaded utf16_iter v1.0.5
  Downloaded smartstring v1.0.1
  Downloaded phf_generator v0.11.3
  Downloaded winnow v1.0.3
  Downloaded gstreamer v0.25.3
  Downloaded taffy v0.13.0
  Downloaded litemap v0.8.2
  Downloaded data-encoding v2.11.0
  Downloaded serde_json v1.0.150
  Downloaded typed-arena v2.0.2
  Downloaded yoke v0.7.5
  Downloaded no_std_io2 v0.9.4
  Downloaded unic-ucd-version v0.9.0
  Downloaded cssparser-macros v0.7.0
  Downloaded enum-map v2.7.3
  Downloaded twox-hash v2.1.2
  Downloaded unicode-xid v0.2.6
  Downloaded wasm-bindgen-shared v0.2.122
  Downloaded zstd-safe v7.2.4
  Downloaded y4m v0.8.0
  Downloaded maybe-rayon v0.1.1
  Downloaded ml-kem v0.3.2
  Downloaded equator-macro v0.4.2
  Downloaded cc v1.2.62
  Downloaded thread_local v1.1.10
  Downloaded cexpr v0.6.0
  Downloaded core_maths v0.1.1
  Downloaded signature v3.0.0
  Downloaded zerocopy-derive v0.8.49
  Downloaded phf v0.13.1
  Downloaded gstreamer-gl-egl v0.25.0
  Downloaded unic-char-range v0.9.0
  Downloaded exr v1.74.0
    Blocking waiting for file lock on package cache
   Compiling serde_core v1.0.228
   Compiling proc-macro2 v1.0.106
   Compiling serde v1.0.228
   Compiling libc v0.2.186
   Compiling quote v1.0.45
   Compiling syn v2.0.117
   Compiling jobserver v0.1.34
   Compiling cc v1.2.62
   Compiling rustversion v1.0.22
   Compiling rand_core v0.10.1
   Compiling bitflags v2.11.1
   Compiling getrandom v0.4.2
   Compiling toml_datetime v1.1.1+spec-1.1.0
   Compiling icu_normalizer_data v2.2.0
   Compiling serde_spanned v1.1.1
   Compiling serde_derive v1.0.228
   Compiling synstructure v0.13.2
   Compiling thiserror-impl v2.0.18
   Compiling bytemuck_derive v1.10.2
   Compiling zerofrom-derive v0.1.7
   Compiling thiserror v2.0.18
   Compiling displaydoc v0.2.6
   Compiling bytemuck v1.25.0
   Compiling zerofrom v0.1.8
   Compiling yoke-derive v0.8.2
   Compiling zerovec-derive v0.11.3
   Compiling toml v1.1.2+spec-1.1.0
   Compiling yoke v0.8.2
   Compiling zerocopy v0.8.49
   Compiling zerovec v0.11.6
   Compiling zerotrie v0.2.4
   Compiling zerocopy-derive v0.8.49
   Compiling smallvec v1.15.1
   Compiling allocator-api2 v0.2.21
   Compiling tinystr v0.8.3
   Compiling potential_utf v0.1.5
   Compiling icu_locale_core v2.2.0
   Compiling log v0.4.33
   Compiling icu_collections v2.2.0
   Compiling zeroize_derive v1.5.0
   Compiling icu_provider v2.2.0
   Compiling zeroize v1.9.0
   Compiling phf_generator v0.13.1
   Compiling phf_macros v0.11.3
   Compiling icu_properties v2.2.0
   Compiling icu_normalizer v2.2.0
   Compiling phf v0.11.3
   Compiling either v1.16.0
   Compiling hybrid-array v0.4.14
   Compiling phf_codegen v0.13.1
   Compiling ppv-lite86 v0.2.21
   Compiling idna_adapter v1.2.2
   Compiling simd-adler32 v0.3.9
   Compiling hashbrown v0.17.1
   Compiling rand_chacha v0.9.0
   Compiling idna v1.1.0
   Compiling miniz_oxide v0.8.9
   Compiling bumpalo v3.20.3
   Compiling rand v0.9.4
   Compiling bun_mimalloc_sys v0.1.1 (/home/putao/code/rust/bao/src/mimalloc_sys)
   Compiling phf_shared v0.13.1
   Compiling url v2.5.8
   Compiling flate2 v1.1.9
   Compiling strum_macros v0.26.4
   Compiling const_format_proc_macros v0.2.34
   Compiling twox-hash v2.1.2
   Compiling bun_wyhash v0.1.2 (/home/putao/code/rust/bao/src/wyhash)
   Compiling phf_macros v0.13.1
   Compiling bun_core v0.1.17 (/home/putao/code/rust/bao/src/bun_core)
   Compiling const_format v0.2.36
   Compiling phf v0.13.1
   Compiling strum v0.26.3
   Compiling bun_hash v0.1.0 (/home/putao/code/rust/bao/src/hash)
   Compiling bun_core_macros v0.1.1 (/home/putao/code/rust/bao/src/bun_core_macros)
   Compiling bun_simdutf_sys v0.1.1 (/home/putao/code/rust/bao/src/simdutf_sys)
   Compiling bun_dispatch v0.1.0 (/home/putao/code/rust/bao/src/dispatch)
   Compiling bun_output_tags v0.1.0 (/home/putao/code/rust/bao/src/bun_output_tags)
   Compiling encoding_rs v0.8.35
   Compiling indexmap v2.14.0
   Compiling yoke-derive v0.7.5
   Compiling crypto-common v0.2.2
   Compiling zerovec-derive v0.10.3
   Compiling yoke v0.7.5
   Compiling libz-sys v1.1.28
   Compiling euclid v0.22.14
   Compiling derive_more-impl v2.1.1
   Compiling zerovec v0.10.4
   Compiling generic-array v0.14.7
   Compiling servo_arc v0.4.3
warning: bun_mimalloc_sys@0.1.1: In file included from /home/putao/code/rust/bao/src/mimalloc_sys/csrc/mimalloc/src/static.c:23:
warning: bun_mimalloc_sys@0.1.1: In file included from /home/putao/code/rust/bao/src/mimalloc_sys/csrc/mimalloc/src/alloc.c:21:
warning: bun_mimalloc_sys@0.1.1: /home/putao/code/rust/bao/src/mimalloc_sys/csrc/mimalloc/src/alloc-override.c:332:44: warning: alias and aliasee have different types 'size_t (void *)' (aka 'unsigned long (void *)') and 'size_t (const void *) noexcept' (aka 'unsigned long (const void *) noexcept') [-Wattribute-alias]
warning: bun_mimalloc_sys@0.1.1:   332 |   size_t malloc_usable_size(void *p)       MI_FORWARD1(mi_usable_size,p)
warning: bun_mimalloc_sys@0.1.1:       |                                            ^
warning: bun_mimalloc_sys@0.1.1: /home/putao/code/rust/bao/src/mimalloc_sys/csrc/mimalloc/src/alloc-override.c:37:35: note: expanded from macro 'MI_FORWARD1'
warning: bun_mimalloc_sys@0.1.1:    37 |   #define MI_FORWARD1(fun,x)      MI_FORWARD(fun)
warning: bun_mimalloc_sys@0.1.1:       |                                   ^
warning: bun_mimalloc_sys@0.1.1: /home/putao/code/rust/bao/src/mimalloc_sys/csrc/mimalloc/src/alloc-override.c:35:49: note: expanded from macro 'MI_FORWARD'
warning: bun_mimalloc_sys@0.1.1:    35 |     #define MI_FORWARD(fun)      __attribute__((alias(#fun), used, visibility("default")));
warning: bun_mimalloc_sys@0.1.1:       |                                                 ^
warning: bun_mimalloc_sys@0.1.1: /home/putao/code/rust/bao/src/mimalloc_sys/csrc/mimalloc/src/free.c:437:26: note: aliasee is declared here
warning: bun_mimalloc_sys@0.1.1:   437 | mi_decl_nodiscard size_t mi_usable_size(const void* p) mi_attr_noexcept {
warning: bun_mimalloc_sys@0.1.1:       |                          ^
warning: bun_mimalloc_sys@0.1.1: 1 warning generated.
   Compiling bun_alloc v0.1.4 (/home/putao/code/rust/bao/src/bun_alloc)
   Compiling darling_core v0.20.11
   Compiling tinystr v0.7.6
   Compiling derive_more v2.1.1
   Compiling litemap v0.7.5
   Compiling writeable v0.5.5
   Compiling darling_macro v0.20.11
   Compiling block-buffer v0.10.4
   Compiling crypto-common v0.1.7
   Compiling icu_provider_macros v1.5.0
   Compiling digest v0.10.7
   Compiling darling v0.20.11
   Compiling parking_lot_core v0.9.12
   Compiling lock_api v0.4.14
   Compiling libm v0.2.16
   Compiling foldhash v0.1.5
   Compiling icu_locid v1.5.0
   Compiling hashbrown v0.15.5
   Compiling icu_provider v1.5.0
   Compiling core_maths v0.1.1
   Compiling block-buffer v0.12.1
   Compiling darling_core v0.21.3
   Compiling icu_collections v1.5.0
   Compiling tokio-macros v2.7.0
   Compiling icu_segmenter_data v1.5.1
   Compiling tokio v1.52.3
   Compiling darling_macro v0.21.3
   Compiling darling v0.21.3
   Compiling parking_lot v0.12.5
   Compiling enum-map-derive v0.17.0
   Compiling enum-map v2.7.3
   Compiling icu_segmenter v1.5.0
   Compiling enumset_derive v0.15.0
   Compiling string_cache v0.9.0
   Compiling string_cache_codegen v0.6.1
   Compiling rayon-core v1.13.0
   Compiling target-lexicon v0.13.5
   Compiling khronos_api v3.1.0
   Compiling enumset v1.1.13
   Compiling serde_json v1.0.150
   Compiling app_units v0.7.8
   Compiling bun_paths v0.1.12 (/home/putao/code/rust/bao/src/paths)
   Compiling kurbo v0.13.1
   Compiling cfg-expr v0.20.8
   Compiling gl_generator v0.14.0
   Compiling web_atoms v0.2.6
   Compiling bun_libuv_sys v0.1.11 (/home/putao/code/rust/bao/src/libuv_sys)
   Compiling fdeflate v0.3.7
   Compiling font-types v0.12.3
   Compiling cssparser-macros v0.7.0
   Compiling freetype-sys v0.23.0
   Compiling system-deps v7.0.8
   Compiling cssparser v0.37.0
   Compiling png v0.18.1
   Compiling read-fonts v0.41.0
   Compiling bun_errno v0.1.11 (/home/putao/code/rust/bao/src/errno)
   Compiling selectors v0.40.0
   Compiling num-conv v0.2.2
   Compiling time-core v0.1.8
   Compiling deranged v0.5.8
   Compiling time-macros v0.2.27
   Compiling to_shmem v0.5.0
   Compiling rustix v0.38.44
   Compiling rayon v1.12.0
   Compiling bao-stylo v0.20.1 (/home/putao/code/rust/bao/vendor/stylo)
   Compiling to_shmem_derive v0.1.0
   Compiling crossbeam-utils v0.8.21
   Compiling slotmap v1.1.1
   Compiling malloc_size_of_derive v0.1.3
   Compiling glslopt v0.1.14
   Compiling bun_ptr v0.1.12 (/home/putao/code/rust/bao/src/ptr)
   Compiling time v0.3.47
   Compiling bun_sys v0.1.12 (/home/putao/code/rust/bao/src/sys)
   Compiling skrifa v0.44.0
   Compiling tendril v0.5.0
   Compiling stylo_atoms v0.20.0
   Compiling stylo_static_prefs v0.20.0
   Compiling color v0.3.3
   Compiling peek-poke-derive v0.3.0
   Compiling serde_bytes v0.11.19
   Compiling tikv-jemalloc-sys v0.6.1+5.3.0-1-ge13ca993e8ccb9ba9847cc330696e02839f328f7
   Compiling num_cpus v1.17.0
   Compiling bun_collections v0.1.13 (/home/putao/code/rust/bao/src/collections)
   Compiling roxmltree v0.20.0
   Compiling stylo_malloc_size_of v0.20.0
   Compiling peniko v0.6.1
   Compiling build-parallel v0.1.2
   Compiling fontconfig-parser v0.5.8
   Compiling peek-poke v0.3.0
   Compiling markup5ever v0.39.0
   Compiling tiny-skia-path v0.12.0
   Compiling paste v1.0.15
   Compiling gleam v0.15.1
   Compiling wr_malloc_size_of v0.2.2
   Compiling webrender_build v0.70.0
   Compiling guillotiere v0.7.0
   Compiling strum_macros v0.28.0
   Compiling bun_collections_macros v0.1.0 (/home/putao/code/rust/bao/src/collections_macros)
   Compiling lazy_static v1.5.0
   Compiling linux-raw-sys v0.12.1
   Compiling uuid v1.24.0
   Compiling rustix v1.1.4
   Compiling vello_common v0.2.0
   Compiling strum v0.28.0
   Compiling fontdb v0.24.0
   Compiling webrender_api v0.70.0
   Compiling freetype v0.8.0
   Compiling harfrust v0.12.0
   Compiling svgtypes v0.16.1
   Compiling itertools v0.14.0
   Compiling simplecss v0.2.2
   Compiling cobs v0.3.0
   Compiling base64 v0.23.1
   Compiling fastrand v2.4.1
   Compiling usvg v0.48.1
   Compiling tempfile v3.27.0
   Compiling wr_glyph_rasterizer v0.70.0
   Compiling etagere v0.2.15
   Compiling postcard v1.1.3
   Compiling stylo_traits v0.20.0
   Compiling glifo v0.3.0
   Compiling tiny-skia v0.12.0
   Compiling stylo_dom v0.20.0
   Compiling sha2 v0.10.9
   Compiling stylo_derive v0.20.0
   Compiling plane-split v0.18.0
   Compiling bincode v1.3.3
   Compiling rgb v0.8.53
   Compiling num-derive v0.4.2
   Compiling keyboard-types v0.8.3
   Compiling vello_cpu v0.2.0
   Compiling resvg v0.48.1
   Compiling content-security-policy v0.8.1
   Compiling urlpattern v0.3.0
   Compiling bao-ipc-channel v0.22.0 (/home/putao/code/rust/bao/vendor/ipc-channel)
   Compiling taffy v0.13.0
   Compiling tracing-attributes v0.1.31
   Compiling tracing v0.1.44
   Compiling equivalent v1.0.2
   Compiling toml_edit v0.25.13+spec-1.1.0
   Compiling proc-macro-crate v3.5.0
   Compiling num_enum_derive v0.7.6
   Compiling num_enum v0.7.6
   Compiling httparse v1.10.1
   Compiling bao-servo-config-macro v0.5.2 (/home/putao/code/rust/bao/vendor/servo/components/config/macro)
   Compiling enumn v0.1.14
   Compiling accesskit v0.24.0
   Compiling bao-servo-config v0.5.2 (/home/putao/code/rust/bao/vendor/servo/components/config)
   Compiling bun_boringssl_sys v0.1.11 (/home/putao/code/rust/bao/src/boringssl_sys)
   Compiling memchr v2.8.1
   Compiling sha1 v0.10.6
   Compiling digest v0.11.3
   Compiling bun_url v0.1.12 (/home/putao/code/rust/bao/src/url)
   Compiling futures-macro v0.3.32
   Compiling cpufeatures v0.3.0
   Compiling futures-util v0.3.32
   Compiling block-padding v0.4.2
   Compiling bun_lsquic_sys v0.1.11 (/home/putao/code/rust/bao/src/lsquic_sys)
   Compiling inout v0.2.2
   Compiling bun_http_types v0.1.13 (/home/putao/code/rust/bao/src/http_types)
   Compiling bun_semver v0.1.10 (/home/putao/code/rust/bao/src/semver)
   Compiling bun_uws_sys v0.1.15 (/home/putao/code/rust/bao/src/uws_sys)
   Compiling bun_ast v0.1.14 (/home/putao/code/rust/bao/src/ast)
   Compiling webrender v0.70.0
   Compiling fnv v1.0.7
   Compiling cipher v0.5.2
   Compiling bun_safety v0.1.10 (/home/putao/code/rust/bao/src/safety)
   Compiling ahash v0.8.12
   Compiling bun_threading v0.1.12 (/home/putao/code/rust/bao/src/threading)
warning: bun_uws_sys@0.1.15: In file included from /home/putao/code/rust/bao/src/uws_sys/csrc/bun-usockets/src/context.c:18:
warning: bun_uws_sys@0.1.15: /home/putao/code/rust/bao/src/uws_sys/csrc/bun-usockets/src/internal/internal.h:47:57: warning: declaration of 'struct us_loop_t' will not be visible outside of this function [-Wvisibility]
warning: bun_uws_sys@0.1.15:    47 | void us_internal_loop_update_pending_ready_polls(struct us_loop_t *loop,
warning: bun_uws_sys@0.1.15:       |                                                         ^
warning: bun_uws_sys@0.1.15: /home/putao/code/rust/bao/src/uws_sys/csrc/bun-usockets/src/internal/internal.h:48:57: warning: declaration of 'struct us_poll_t' will not be visible outside of this function [-Wvisibility]
warning: bun_uws_sys@0.1.15:    48 |                                                  struct us_poll_t *old_poll,
warning: bun_uws_sys@0.1.15:       |                                                         ^
warning: bun_uws_sys@0.1.15: 2 warnings generated.
warning: bun_uws_sys@0.1.15: In file included from /home/putao/code/rust/bao/src/uws_sys/csrc/bun-usockets/src/crypto/openssl.c:20:
warning: bun_uws_sys@0.1.15: /home/putao/code/rust/bao/src/uws_sys/csrc/bun-usockets/src/internal/internal.h:47:57: warning: declaration of 'struct us_loop_t' will not be visible outside of this function [-Wvisibility]
warning: bun_uws_sys@0.1.15:    47 | void us_internal_loop_update_pending_ready_polls(struct us_loop_t *loop,
warning: bun_uws_sys@0.1.15:       |                                                         ^
warning: bun_uws_sys@0.1.15: /home/putao/code/rust/bao/src/uws_sys/csrc/bun-usockets/src/internal/internal.h:48:57: warning: declaration of 'struct us_poll_t' will not be visible outside of this function [-Wvisibility]
warning: bun_uws_sys@0.1.15:    48 |                                                  struct us_poll_t *old_poll,
warning: bun_uws_sys@0.1.15:       |                                                         ^
warning: bun_uws_sys@0.1.15: 2 warnings generated.
warning: bun_uws_sys@0.1.15: In file included from /home/putao/code/rust/bao/src/uws_sys/csrc/bun-usockets/src/crypto/root_certs.cpp:1:
warning: bun_uws_sys@0.1.15: In file included from /home/putao/code/rust/bao/src/uws_sys/csrc/bun-usockets/src/crypto/./root_certs.h:27:
warning: bun_uws_sys@0.1.15: /home/putao/code/rust/bao/src/uws_sys/csrc/bun-usockets/src/libusockets.h:157:15: warning: pointer is missing a nullability type specifier (_Nonnull, _Nullable, or _Null_unspecified) [-Wnullability-completeness]
warning: bun_uws_sys@0.1.15:   157 |     const char* str;
warning: bun_uws_sys@0.1.15:       |               ^
warning: bun_uws_sys@0.1.15: /home/putao/code/rust/bao/src/uws_sys/csrc/bun-usockets/src/libusockets.h:157:15: note: insert '_Nullable' if the pointer may be null
warning: bun_uws_sys@0.1.15:   157 |     const char* str;
warning: bun_uws_sys@0.1.15:       |               ^
warning: bun_uws_sys@0.1.15:       |                 _Nullable
warning: bun_uws_sys@0.1.15: /home/putao/code/rust/bao/src/uws_sys/csrc/bun-usockets/src/libusockets.h:157:15: note: insert '_Nonnull' if the pointer should never be null
warning: bun_uws_sys@0.1.15:   157 |     const char* str;
warning: bun_uws_sys@0.1.15:       |               ^
warning: bun_uws_sys@0.1.15:       |                 _Nonnull
warning: bun_uws_sys@0.1.15: /home/putao/code/rust/bao/src/uws_sys/csrc/bun-usockets/src/libusockets.h:197:101: warning: pointer is missing a nullability type specifier (_Nonnull, _Nullable, or _Null_unspecified) [-Wnullability-completeness]
warning: bun_uws_sys@0.1.15:   197 | struct us_udp_socket_t *us_create_udp_socket(us_loop_r loop, void (*data_cb)(struct us_udp_socket_t *, void *, int), void (*drain_cb)(struct us_udp_socket_t *), void (*close_cb)(struct us_udp_socket_t *), void (*recv_error_cb)(struct us_udp_socket_t *, int), const char *host, unsigned short port, int flags, int *err, void *user);
warning: bun_uws_sys@0.1.15:       |                                                                                                     ^
warning: bun_uws_sys@0.1.15: /home/putao/code/rust/bao/src/uws_sys/csrc/bun-usockets/src/libusockets.h:197:101: note: insert '_Nullable' if the pointer may be null
warning: bun_uws_sys@0.1.15:   197 | struct us_udp_socket_t *us_create_udp_socket(us_loop_r loop, void (*data_cb)(struct us_udp_socket_t *, void *, int), void (*drain_cb)(struct us_udp_socket_t *), void (*close_cb)(struct us_udp_socket_t *), void (*recv_error_cb)(struct us_udp_socket_t *, int), const char *host, unsigned short port, int flags, int *err, void *user);
warning: bun_uws_sys@0.1.15:       |                                                                                                     ^
warning: bun_uws_sys@0.1.15:       |                                                                                                      _Nullable
warning: bun_uws_sys@0.1.15: /home/putao/code/rust/bao/src/uws_sys/csrc/bun-usockets/src/libusockets.h:197:101: note: insert '_Nonnull' if the pointer should never be null
warning: bun_uws_sys@0.1.15:   197 | struct us_udp_socket_t *us_create_udp_socket(us_loop_r loop, void (*data_cb)(struct us_udp_socket_t *, void *, int), void (*drain_cb)(struct us_udp_socket_t *), void (*close_cb)(struct us_udp_socket_t *), void (*recv_error_cb)(struct us_udp_socket_t *, int), const char *host, unsigned short port, int flags, int *err, void *user);
warning: bun_uws_sys@0.1.15:       |                                                                                                     ^
warning: bun_uws_sys@0.1.15:       |                                                                                                      _Nonnull
warning: bun_uws_sys@0.1.15: /home/putao/code/rust/bao/src/uws_sys/csrc/bun-usockets/src/libusockets.h:197:109: warning: pointer is missing a nullability type specifier (_Nonnull, _Nullable, or _Null_unspecified) [-Wnullability-completeness]
warning: bun_uws_sys@0.1.15:   197 | struct us_udp_socket_t *us_create_udp_socket(us_loop_r loop, void (*data_cb)(struct us_udp_socket_t *, void *, int), void (*drain_cb)(struct us_udp_socket_t *), void (*close_cb)(struct us_udp_socket_t *), void (*recv_error_cb)(struct us_udp_socket_t *, int), const char *host, unsigned short port, int flags, int *err, void *user);
warning: bun_uws_sys@0.1.15:       |                                                                                                             ^
warning: bun_uws_sys@0.1.15: /home/putao/code/rust/bao/src/uws_sys/csrc/bun-usockets/src/libusockets.h:197:109: note: insert '_Nullable' if the pointer may be null
warning: bun_uws_sys@0.1.15:   197 | struct us_udp_socket_t *us_create_udp_socket(us_loop_r loop, void (*data_cb)(struct us_udp_socket_t *, void *, int), void (*drain_cb)(struct us_udp_socket_t *), void (*close_cb)(struct us_udp_socket_t *), void (*recv_error_cb)(struct us_udp_socket_t *, int), const char *host, unsigned short port, int flags, int *err, void *user);
warning: bun_uws_sys@0.1.15:       |                                                                                                             ^
warning: bun_uws_sys@0.1.15:       |                                                                                                              _Nullable
warning: bun_uws_sys@0.1.15: /home/putao/code/rust/bao/src/uws_sys/csrc/bun-usockets/src/libusockets.h:197:109: note: insert '_Nonnull' if the pointer should never be null
warning: bun_uws_sys@0.1.15:   197 | struct us_udp_socket_t *us_create_udp_socket(us_loop_r loop, void (*data_cb)(struct us_udp_socket_t *, void *, int), void (*drain_cb)(struct us_udp_socket_t *), void (*close_cb)(struct us_udp_socket_t *), void (*recv_error_cb)(struct us_udp_socket_t *, int), const char *host, unsigned short port, int flags, int *err, void *user);
warning: bun_uws_sys@0.1.15:       |                                                                                                             ^
warning: bun_uws_sys@0.1.15:       |                                                                                                              _Nonnull
warning: bun_uws_sys@0.1.15: /home/putao/code/rust/bao/src/uws_sys/csrc/bun-usockets/src/libusockets.h:197:68: warning: pointer is missing a nullability type specifier (_Nonnull, _Nullable, or _Null_unspecified) [-Wnullability-completeness]
warning: bun_uws_sys@0.1.15:   197 | struct us_udp_socket_t *us_create_udp_socket(us_loop_r loop, void (*data_cb)(struct us_udp_socket_t *, void *, int), void (*drain_cb)(struct us_udp_socket_t *), void (*close_cb)(struct us_udp_socket_t *), void (*recv_error_cb)(struct us_udp_socket_t *, int), const char *host, unsigned short port, int flags, int *err, void *user);
warning: bun_uws_sys@0.1.15:       |                                                                    ^
warning: bun_uws_sys@0.1.15: /home/putao/code/rust/bao/src/uws_sys/csrc/bun-usockets/src/libusockets.h:197:68: note: insert '_Nullable' if the pointer may be null
warning: bun_uws_sys@0.1.15:   197 | struct us_udp_socket_t *us_create_udp_socket(us_loop_r loop, void (*data_cb)(struct us_udp_socket_t *, void *, int), void (*drain_cb)(struct us_udp_socket_t *), void (*close_cb)(struct us_udp_socket_t *), void (*recv_error_cb)(struct us_udp_socket_t *, int), const char *host, unsigned short port, int flags, int *err, void *user);
warning: bun_uws_sys@0.1.15:       |                                                                    ^
warning: bun_uws_sys@0.1.15:       |                                                                      _Nullable
warning: bun_uws_sys@0.1.15: /home/putao/code/rust/bao/src/uws_sys/csrc/bun-usockets/src/libusockets.h:197:68: note: insert '_Nonnull' if the pointer should never be null
warning: bun_uws_sys@0.1.15:   197 | struct us_udp_socket_t *us_create_udp_socket(us_loop_r loop, void (*data_cb)(struct us_udp_socket_t *, void *, int), void (*drain_cb)(struct us_udp_socket_t *), void (*close_cb)(struct us_udp_socket_t *), void (*recv_error_cb)(struct us_udp_socket_t *, int), const char *host, unsigned short port, int flags, int *err, void *user);
warning: bun_uws_sys@0.1.15:       |                                                                    ^
warning: bun_uws_sys@0.1.15:       |                                                                      _Nonnull
warning: bun_uws_sys@0.1.15: /home/putao/code/rust/bao/src/uws_sys/csrc/bun-usockets/src/libusockets.h:197:158: warning: pointer is missing a nullability type specifier (_Nonnull, _Nullable, or _Null_unspecified) [-Wnullability-completeness]
warning: bun_uws_sys@0.1.15:   197 | struct us_udp_socket_t *us_create_udp_socket(us_loop_r loop, void (*data_cb)(struct us_udp_socket_t *, void *, int), void (*drain_cb)(struct us_udp_socket_t *), void (*close_cb)(struct us_udp_socket_t *), void (*recv_error_cb)(struct us_udp_socket_t *, int), const char *host, unsigned short port, int flags, int *err, void *user);
warning: bun_uws_sys@0.1.15:       |                                                                                                                                                              ^
warning: bun_uws_sys@0.1.15: /home/putao/code/rust/bao/src/uws_sys/csrc/bun-usockets/src/libusockets.h:197:158: note: insert '_Nullable' if the pointer may be null
warning: bun_uws_sys@0.1.15:   197 | struct us_udp_socket_t *us_create_udp_socket(us_loop_r loop, void (*data_cb)(struct us_udp_socket_t *, void *, int), void (*drain_cb)(struct us_udp_socket_t *), void (*close_cb)(struct us_udp_socket_t *), void (*recv_error_cb)(struct us_udp_socket_t *, int), const char *host, unsigned short port, int flags, int *err, void *user);
warning: bun_uws_sys@0.1.15:       |                                                                                                                                                              ^
warning: bun_uws_sys@0.1.15:       |                                                                                                                                                               _Nullable
warning: bun_uws_sys@0.1.15: /home/putao/code/rust/bao/src/uws_sys/csrc/bun-usockets/src/libusockets.h:197:158: note: insert '_Nonnull' if the pointer should never be null
warning: bun_uws_sys@0.1.15:   197 | struct us_udp_socket_t *us_create_udp_socket(us_loop_r loop, void (*data_cb)(struct us_udp_socket_t *, void *, int), void (*drain_cb)(struct us_udp_socket_t *), void (*close_cb)(struct us_udp_socket_t *), void (*recv_error_cb)(struct us_udp_socket_t *, int), const char *host, unsigned short port, int flags, int *err, void *user);
warning: bun_uws_sys@0.1.15:       |                                                                                                                                                              ^
warning: bun_uws_sys@0.1.15:       |                                                                                                                                                               _Nonnull
warning: bun_uws_sys@0.1.15: /home/putao/code/rust/bao/src/uws_sys/csrc/bun-usockets/src/libusockets.h:197:124: warning: pointer is missing a nullability type specifier (_Nonnull, _Nullable, or _Null_unspecified) [-Wnullability-completeness]
warning: bun_uws_sys@0.1.15:   197 | struct us_udp_socket_t *us_create_udp_socket(us_loop_r loop, void (*data_cb)(struct us_udp_socket_t *, void *, int), void (*drain_cb)(struct us_udp_socket_t *), void (*close_cb)(struct us_udp_socket_t *), void (*recv_error_cb)(struct us_udp_socket_t *, int), const char *host, unsigned short port, int flags, int *err, void *user);
warning: bun_uws_sys@0.1.15:       |                                                                                                                            ^
warning: bun_uws_sys@0.1.15: /home/putao/code/rust/bao/src/uws_sys/csrc/bun-usockets/src/libusockets.h:197:124: note: insert '_Nullable' if the pointer may be null
warning: bun_uws_sys@0.1.15:   197 | struct us_udp_socket_t *us_create_udp_socket(us_loop_r loop, void (*data_cb)(struct us_udp_socket_t *, void *, int), void (*drain_cb)(struct us_udp_socket_t *), void (*close_cb)(struct us_udp_socket_t *), void (*recv_error_cb)(struct us_udp_socket_t *, int), const char *host, unsigned short port, int flags, int *err, void *user);
warning: bun_uws_sys@0.1.15:       |                                                                                                                            ^
warning: bun_uws_sys@0.1.15:       |                                                                                                                              _Nullable
warning: bun_uws_sys@0.1.15: /home/putao/code/rust/bao/src/uws_sys/csrc/bun-usockets/src/libusockets.h:197:124: note: insert '_Nonnull' if the pointer should never be null
warning: bun_uws_sys@0.1.15:   197 | struct us_udp_socket_t *us_create_udp_socket(us_loop_r loop, void (*data_cb)(struct us_udp_socket_t *, void *, int), void (*drain_cb)(struct us_udp_socket_t *), void (*close_cb)(struct us_udp_socket_t *), void (*recv_error_cb)(struct us_udp_socket_t *, int), const char *host, unsigned short port, int flags, int *err, void *user);
warning: bun_uws_sys@0.1.15:       |                                                                                                                            ^
warning: bun_uws_sys@0.1.15:       |                                                                                                                              _Nonnull
warning: bun_uws_sys@0.1.15: /home/putao/code/rust/bao/src/uws_sys/csrc/bun-usockets/src/libusockets.h:197:202: warning: pointer is missing a nullability type specifier (_Nonnull, _Nullable, or _Null_unspecified) [-Wnullability-completeness]
warning: bun_uws_sys@0.1.15:   197 | struct us_udp_socket_t *us_create_udp_socket(us_loop_r loop, void (*data_cb)(struct us_udp_socket_t *, void *, int), void (*drain_cb)(struct us_udp_socket_t *), void (*close_cb)(struct us_udp_socket_t *), void (*recv_error_cb)(struct us_udp_socket_t *, int), const char *host, unsigned short port, int flags, int *err, void *user);
warning: bun_uws_sys@0.1.15:       |                                                                                                                                                                                                          ^
warning: bun_uws_sys@0.1.15: /home/putao/code/rust/bao/src/uws_sys/csrc/bun-usockets/src/libusockets.h:197:202: note: insert '_Nullable' if the pointer may be null
warning: bun_uws_sys@0.1.15:   197 | struct us_udp_socket_t *us_create_udp_socket(us_loop_r loop, void (*data_cb)(struct us_udp_socket_t *, void *, int), void (*drain_cb)(struct us_udp_socket_t *), void (*close_cb)(struct us_udp_socket_t *), void (*recv_error_cb)(struct us_udp_socket_t *, int), const char *host, unsigned short port, int flags, int *err, void *user);
warning: bun_uws_sys@0.1.15:       |                                                                                                                                                                                                          ^
warning: bun_uws_sys@0.1.15:       |                                                                                                                                                                                                           _Nullable
warning: bun_uws_sys@0.1.15: /home/putao/code/rust/bao/src/uws_sys/csrc/bun-usockets/src/libusockets.h:197:202: note: insert '_Nonnull' if the pointer should never be null
warning: bun_uws_sys@0.1.15:   197 | struct us_udp_socket_t *us_create_udp_socket(us_loop_r loop, void (*data_cb)(struct us_udp_socket_t *, void *, int), void (*drain_cb)(struct us_udp_socket_t *), void (*close_cb)(struct us_udp_socket_t *), void (*recv_error_cb)(struct us_udp_socket_t *, int), const char *host, unsigned short port, int flags, int *err, void *user);
warning: bun_uws_sys@0.1.15:       |                                                                                                                                                                                                          ^
warning: bun_uws_sys@0.1.15:       |                                                                                                                                                                                                           _Nonnull
warning: bun_uws_sys@0.1.15: /home/putao/code/rust/bao/src/uws_sys/csrc/bun-usockets/src/libusockets.h:197:168: warning: pointer is missing a nullability type specifier (_Nonnull, _Nullable, or _Null_unspecified) [-Wnullability-completeness]
warning: bun_uws_sys@0.1.15:   197 | struct us_udp_socket_t *us_create_udp_socket(us_loop_r loop, void (*data_cb)(struct us_udp_socket_t *, void *, int), void (*drain_cb)(struct us_udp_socket_t *), void (*close_cb)(struct us_udp_socket_t *), void (*recv_error_cb)(struct us_udp_socket_t *, int), const char *host, unsigned short port, int flags, int *err, void *user);
warning: bun_uws_sys@0.1.15:       |                                                                                                                                                                        ^
warning: bun_uws_sys@0.1.15: /home/putao/code/rust/bao/src/uws_sys/csrc/bun-usockets/src/libusockets.h:197:168: note: insert '_Nullable' if the pointer may be null
warning: bun_uws_sys@0.1.15:   197 | struct us_udp_socket_t *us_create_udp_socket(us_loop_r loop, void (*data_cb)(struct us_udp_socket_t *, void *, int), void (*drain_cb)(struct us_udp_socket_t *), void (*close_cb)(struct us_udp_socket_t *), void (*recv_error_cb)(struct us_udp_socket_t *, int), const char *host, unsigned short port, int flags, int *err, void *user);
warning: bun_uws_sys@0.1.15:       |                                                                                                                                                                        ^
warning: bun_uws_sys@0.1.15:       |                                                                                                                                                                          _Nullable
warning: bun_uws_sys@0.1.15: /home/putao/code/rust/bao/src/uws_sys/csrc/bun-usockets/src/libusockets.h:197:168: note: insert '_Nonnull' if the pointer should never be null
warning: bun_uws_sys@0.1.15:   197 | struct us_udp_socket_t *us_create_udp_socket(us_loop_r loop, void (*data_cb)(struct us_udp_socket_t *, void *, int), void (*drain_cb)(struct us_udp_socket_t *), void (*close_cb)(struct us_udp_socket_t *), void (*recv_error_cb)(struct us_udp_socket_t *, int), const char *host, unsigned short port, int flags, int *err, void *user);
warning: bun_uws_sys@0.1.15:       |                                                                                                                                                                        ^
warning: bun_uws_sys@0.1.15:       |                                                                                                                                                                          _Nonnull
warning: bun_uws_sys@0.1.15: /home/putao/code/rust/bao/src/uws_sys/csrc/bun-usockets/src/libusockets.h:197:251: warning: pointer is missing a nullability type specifier (_Nonnull, _Nullable, or _Null_unspecified) [-Wnullability-completeness]
warning: bun_uws_sys@0.1.15:   197 | struct us_udp_socket_t *us_create_udp_socket(us_loop_r loop, void (*data_cb)(struct us_udp_socket_t *, void *, int), void (*drain_cb)(struct us_udp_socket_t *), void (*close_cb)(struct us_udp_socket_t *), void (*recv_error_cb)(struct us_udp_socket_t *, int), const char *host, unsigned short port, int flags, int *err, void *user);
warning: bun_uws_sys@0.1.15:       |                                                                                                                                                                                                                                                           ^
warning: bun_uws_sys@0.1.15: /home/putao/code/rust/bao/src/uws_sys/csrc/bun-usockets/src/libusockets.h:197:251: note: insert '_Nullable' if the pointer may be null
warning: bun_uws_sys@0.1.15:   197 | struct us_udp_socket_t *us_create_udp_socket(us_loop_r loop, void (*data_cb)(struct us_udp_socket_t *, void *, int), void (*drain_cb)(struct us_udp_socket_t *), void (*close_cb)(struct us_udp_socket_t *), void (*recv_error_cb)(struct us_udp_socket_t *, int), const char *host, unsigned short port, int flags, int *err, void *user);
warning: bun_uws_sys@0.1.15:       |                                                                                                                                                                                                                                                           ^
warning: bun_uws_sys@0.1.15:       |                                                                                                                                                                                                                                                            _Nullable
warning: bun_uws_sys@0.1.15: /home/putao/code/rust/bao/src/uws_sys/csrc/bun-usockets/src/libusockets.h:197:251: note: insert '_Nonnull' if the pointer should never be null
warning: bun_uws_sys@0.1.15:   197 | struct us_udp_socket_t *us_create_udp_socket(us_loop_r loop, void (*data_cb)(struct us_udp_socket_t *, void *, int), void (*drain_cb)(struct us_udp_socket_t *), void (*close_cb)(struct us_udp_socket_t *), void (*recv_error_cb)(struct us_udp_socket_t *, int), const char *host, unsigned short port, int flags, int *err, void *user);
warning: bun_uws_sys@0.1.15:       |                                                                                                                                                                                                                                                           ^
warning: bun_uws_sys@0.1.15:       |                                                                                                                                                                                                                                                            _Nonnull
warning: bun_uws_sys@0.1.15: /home/putao/code/rust/bao/src/uws_sys/csrc/bun-usockets/src/libusockets.h:197:212: warning: pointer is missing a nullability type specifier (_Nonnull, _Nullable, or _Null_unspecified) [-Wnullability-completeness]
warning: bun_uws_sys@0.1.15:   197 | struct us_udp_socket_t *us_create_udp_socket(us_loop_r loop, void (*data_cb)(struct us_udp_socket_t *, void *, int), void (*drain_cb)(struct us_udp_socket_t *), void (*close_cb)(struct us_udp_socket_t *), void (*recv_error_cb)(struct us_udp_socket_t *, int), const char *host, unsigned short port, int flags, int *err, void *user);
warning: bun_uws_sys@0.1.15:       |                                                                                                                                                                                                                    ^
warning: bun_uws_sys@0.1.15: /home/putao/code/rust/bao/src/uws_sys/csrc/bun-usockets/src/libusockets.h:197:212: note: insert '_Nullable' if the pointer may be null
warning: bun_uws_sys@0.1.15:   197 | struct us_udp_socket_t *us_create_udp_socket(us_loop_r loop, void (*data_cb)(struct us_udp_socket_t *, void *, int), void (*drain_cb)(struct us_udp_socket_t *), void (*close_cb)(struct us_udp_socket_t *), void (*recv_error_cb)(struct us_udp_socket_t *, int), const char *host, unsigned short port, int flags, int *err, void *user);
warning: bun_uws_sys@0.1.15:       |                                                                                                                                                                                                                    ^
warning: bun_uws_sys@0.1.15:       |                                                                                                                                                                                                                      _Nullable
warning: bun_uws_sys@0.1.15: /home/putao/code/rust/bao/src/uws_sys/csrc/bun-usockets/src/libusockets.h:197:212: note: insert '_Nonnull' if the pointer should never be null
warning: bun_uws_sys@0.1.15:   197 | struct us_udp_socket_t *us_create_udp_socket(us_loop_r loop, void (*data_cb)(struct us_udp_socket_t *, void *, int), void (*drain_cb)(struct us_udp_socket_t *), void (*close_cb)(struct us_udp_socket_t *), void (*recv_error_cb)(struct us_udp_socket_t *, int), const char *host, unsigned short port, int flags, int *err, void *user);
warning: bun_uws_sys@0.1.15:       |                                                                                                                                                                                                                    ^
warning: bun_uws_sys@0.1.15:       |                                                                                                                                                                                                                      _Nonnull
warning: bun_uws_sys@0.1.15: /home/putao/code/rust/bao/src/uws_sys/csrc/bun-usockets/src/libusockets.h:197:271: warning: pointer is missing a nullability type specifier (_Nonnull, _Nullable, or _Null_unspecified) [-Wnullability-completeness]
warning: bun_uws_sys@0.1.15:   197 | struct us_udp_socket_t *us_create_udp_socket(us_loop_r loop, void (*data_cb)(struct us_udp_socket_t *, void *, int), void (*drain_cb)(struct us_udp_socket_t *), void (*close_cb)(struct us_udp_socket_t *), void (*recv_error_cb)(struct us_udp_socket_t *, int), const char *host, unsigned short port, int flags, int *err, void *user);
warning: bun_uws_sys@0.1.15:       |                                                                                                                                                                                                                                                                               ^
warning: bun_uws_sys@0.1.15: /home/putao/code/rust/bao/src/uws_sys/csrc/bun-usockets/src/libusockets.h:197:271: note: insert '_Nullable' if the pointer may be null
warning: bun_uws_sys@0.1.15:   197 | struct us_udp_socket_t *us_create_udp_socket(us_loop_r loop, void (*data_cb)(struct us_udp_socket_t *, void *, int), void (*drain_cb)(struct us_udp_socket_t *), void (*close_cb)(struct us_udp_socket_t *), void (*recv_error_cb)(struct us_udp_socket_t *, int), const char *host, unsigned short port, int flags, int *err, void *user);
warning: bun_uws_sys@0.1.15:       |                                                                                                                                                                                                                                                                               ^
warning: bun_uws_sys@0.1.15:       |                                                                                                                                                                                                                                                                                 _Nullable
warning: bun_uws_sys@0.1.15: /home/putao/code/rust/bao/src/uws_sys/csrc/bun-usockets/src/libusockets.h:197:271: note: insert '_Nonnull' if the pointer should never be null
warning: bun_uws_sys@0.1.15:   197 | struct us_udp_socket_t *us_create_udp_socket(us_loop_r loop, void (*data_cb)(struct us_udp_socket_t *, void *, int), void (*drain_cb)(struct us_udp_socket_t *), void (*close_cb)(struct us_udp_socket_t *), void (*recv_error_cb)(struct us_udp_socket_t *, int), const char *host, unsigned short port, int flags, int *err, void *user);
warning: bun_uws_sys@0.1.15:       |                                                                                                                                                                                                                                                                               ^
warning: bun_uws_sys@0.1.15:       |                                                                                                                                                                                                                                                                                 _Nonnull
warning: bun_uws_sys@0.1.15: /home/putao/code/rust/bao/src/uws_sys/csrc/bun-usockets/src/libusockets.h:197:314: warning: pointer is missing a nullability type specifier (_Nonnull, _Nullable, or _Null_unspecified) [-Wnullability-completeness]
warning: bun_uws_sys@0.1.15:   197 | struct us_udp_socket_t *us_create_udp_socket(us_loop_r loop, void (*data_cb)(struct us_udp_socket_t *, void *, int), void (*drain_cb)(struct us_udp_socket_t *), void (*close_cb)(struct us_udp_socket_t *), void (*recv_error_cb)(struct us_udp_socket_t *, int), const char *host, unsigned short port, int flags, int *err, void *user);
warning: bun_uws_sys@0.1.15:       |                                                                                                                                                                                                                                                                                                                          ^
warning: bun_uws_sys@0.1.15: /home/putao/code/rust/bao/src/uws_sys/csrc/bun-usockets/src/libusockets.h:197:314: note: insert '_Nullable' if the pointer may be null
warning: bun_uws_sys@0.1.15:   197 | struct us_udp_socket_t *us_create_udp_socket(us_loop_r loop, void (*data_cb)(struct us_udp_socket_t *, void *, int), void (*drain_cb)(struct us_udp_socket_t *), void (*close_cb)(struct us_udp_socket_t *), void (*recv_error_cb)(struct us_udp_socket_t *, int), const char *host, unsigned short port, int flags, int *err, void *user);
warning: bun_uws_sys@0.1.15:       |                                                                                                                                                                                                                                                                                                                          ^
warning: bun_uws_sys@0.1.15:       |                                                                                                                                                                                                                                                                                                                            _Nullable
warning: bun_uws_sys@0.1.15: /home/putao/code/rust/bao/src/uws_sys/csrc/bun-usockets/src/libusockets.h:197:314: note: insert '_Nonnull' if the pointer should never be null
warning: bun_uws_sys@0.1.15:   197 | struct us_udp_socket_t *us_create_udp_socket(us_loop_r loop, void (*data_cb)(struct us_udp_socket_t *, void *, int), void (*drain_cb)(struct us_udp_socket_t *), void (*close_cb)(struct us_udp_socket_t *), void (*recv_error_cb)(struct us_udp_socket_t *, int), const char *host, unsigned short port, int flags, int *err, void *user);
warning: bun_uws_sys@0.1.15:       |                                                                                                                                                                                                                                                                                                                          ^
warning: bun_uws_sys@0.1.15:       |                                                                                                                                                                                                                                                                                                                            _Nonnull
warning: bun_uws_sys@0.1.15: /home/putao/code/rust/bao/src/uws_sys/csrc/bun-usockets/src/libusockets.h:197:325: warning: pointer is missing a nullability type specifier (_Nonnull, _Nullable, or _Null_unspecified) [-Wnullability-completeness]
warning: bun_uws_sys@0.1.15:   197 | struct us_udp_socket_t *us_create_udp_socket(us_loop_r loop, void (*data_cb)(struct us_udp_socket_t *, void *, int), void (*drain_cb)(struct us_udp_socket_t *), void (*close_cb)(struct us_udp_socket_t *), void (*recv_error_cb)(struct us_udp_socket_t *, int), const char *host, unsigned short port, int flags, int *err, void *user);
warning: bun_uws_sys@0.1.15:       |                                                                                                                                                                                                                                                                                                                                     ^
warning: bun_uws_sys@0.1.15: /home/putao/code/rust/bao/src/uws_sys/csrc/bun-usockets/src/libusockets.h:197:325: note: insert '_Nullable' if the pointer may be null
warning: bun_uws_sys@0.1.15:   197 | struct us_udp_socket_t *us_create_udp_socket(us_loop_r loop, void (*data_cb)(struct us_udp_socket_t *, void *, int), void (*drain_cb)(struct us_udp_socket_t *), void (*close_cb)(struct us_udp_socket_t *), void (*recv_error_cb)(struct us_udp_socket_t *, int), const char *host, unsigned short port, int flags, int *err, void *user);
warning: bun_uws_sys@0.1.15:       |                                                                                                                                                                                                                                                                                                                                     ^
warning: bun_uws_sys@0.1.15:       |                                                                                                                                                                                                                                                                                                                                       _Nullable
warning: bun_uws_sys@0.1.15: /home/putao/code/rust/bao/src/uws_sys/csrc/bun-usockets/src/libusockets.h:197:325: note: insert '_Nonnull' if the pointer should never be null
warning: bun_uws_sys@0.1.15:   197 | struct us_udp_socket_t *us_create_udp_socket(us_loop_r loop, void (*data_cb)(struct us_udp_socket_t *, void *, int), void (*drain_cb)(struct us_udp_socket_t *), void (*close_cb)(struct us_udp_socket_t *), void (*recv_error_cb)(struct us_udp_socket_t *, int), const char *host, unsigned short port, int flags, int *err, void *user);
warning: bun_uws_sys@0.1.15:       |                                                                                                                                                                                                                                                                                                                                     ^
warning: bun_uws_sys@0.1.15:       |                                                                                                                                                                                                                                                                                                                                       _Nonnull
warning: bun_uws_sys@0.1.15: /home/putao/code/rust/bao/src/uws_sys/csrc/bun-usockets/src/libusockets.h:197:24: warning: pointer is missing a nullability type specifier (_Nonnull, _Nullable, or _Null_unspecified) [-Wnullability-completeness]
warning: bun_uws_sys@0.1.15:   197 | struct us_udp_socket_t *us_create_udp_socket(us_loop_r loop, void (*data_cb)(struct us_udp_socket_t *, void *, int), void (*drain_cb)(struct us_udp_socket_t *), void (*close_cb)(struct us_udp_socket_t *), void (*recv_error_cb)(struct us_udp_socket_t *, int), const char *host, unsigned short port, int flags, int *err, void *user);
warning: bun_uws_sys@0.1.15:       |                        ^
warning: bun_uws_sys@0.1.15: /home/putao/code/rust/bao/src/uws_sys/csrc/bun-usockets/src/libusockets.h:197:24: note: insert '_Nullable' if the pointer may be null
warning: bun_uws_sys@0.1.15:   197 | struct us_udp_socket_t *us_create_udp_socket(us_loop_r loop, void (*data_cb)(struct us_udp_socket_t *, void *, int), void (*drain_cb)(struct us_udp_socket_t *), void (*close_cb)(struct us_udp_socket_t *), void (*recv_error_cb)(struct us_udp_socket_t *, int), const char *host, unsigned short port, int flags, int *err, void *user);
warning: bun_uws_sys@0.1.15:       |                        ^
warning: bun_uws_sys@0.1.15:       |                          _Nullable
warning: bun_uws_sys@0.1.15: /home/putao/code/rust/bao/src/uws_sys/csrc/bun-usockets/src/libusockets.h:197:24: note: insert '_Nonnull' if the pointer should never be null
warning: bun_uws_sys@0.1.15:   197 | struct us_udp_socket_t *us_create_udp_socket(us_loop_r loop, void (*data_cb)(struct us_udp_socket_t *, void *, int), void (*drain_cb)(struct us_udp_socket_t *), void (*close_cb)(struct us_udp_socket_t *), void (*recv_error_cb)(struct us_udp_socket_t *, int), const char *host, unsigned short port, int flags, int *err, void *user);
warning: bun_uws_sys@0.1.15:       |                        ^
warning: bun_uws_sys@0.1.15:       |                          _Nonnull
warning: bun_uws_sys@0.1.15: /home/putao/code/rust/bao/src/uws_sys/csrc/bun-usockets/src/libusockets.h:199:49: warning: pointer is missing a nullability type specifier (_Nonnull, _Nullable, or _Null_unspecified) [-Wnullability-completeness]
warning: bun_uws_sys@0.1.15:   199 | void us_udp_socket_close(struct us_udp_socket_t *s);
warning: bun_uws_sys@0.1.15:       |                                                 ^
warning: bun_uws_sys@0.1.15: /home/putao/code/rust/bao/src/uws_sys/csrc/bun-usockets/src/libusockets.h:199:49: note: insert '_Nullable' if the pointer may be null
warning: bun_uws_sys@0.1.15:   199 | void us_udp_socket_close(struct us_udp_socket_t *s);
warning: bun_uws_sys@0.1.15:       |                                                 ^
warning: bun_uws_sys@0.1.15:       |                                                   _Nullable
warning: bun_uws_sys@0.1.15: /home/putao/code/rust/bao/src/uws_sys/csrc/bun-usockets/src/libusockets.h:199:49: note: insert '_Nonnull' if the pointer should never be null
warning: bun_uws_sys@0.1.15:   199 | void us_udp_socket_close(struct us_udp_socket_t *s);
warning: bun_uws_sys@0.1.15:       |                                                 ^
warning: bun_uws_sys@0.1.15:       |                                                   _Nonnull
warning: bun_uws_sys@0.1.15: /home/putao/code/rust/bao/src/uws_sys/csrc/bun-usockets/src/libusockets.h:201:56: warning: pointer is missing a nullability type specifier (_Nonnull, _Nullable, or _Null_unspecified) [-Wnullability-completeness]
warning: bun_uws_sys@0.1.15:   201 | int us_udp_socket_set_broadcast(struct us_udp_socket_t *s, int enabled);
warning: bun_uws_sys@0.1.15:       |                                                        ^
warning: bun_uws_sys@0.1.15: /home/putao/code/rust/bao/src/uws_sys/csrc/bun-usockets/src/libusockets.h:201:56: note: insert '_Nullable' if the pointer may be null
warning: bun_uws_sys@0.1.15:   201 | int us_udp_socket_set_broadcast(struct us_udp_socket_t *s, int enabled);
warning: bun_uws_sys@0.1.15:       |                                                        ^
warning: bun_uws_sys@0.1.15:       |                                                          _Nullable
warning: bun_uws_sys@0.1.15: /home/putao/code/rust/bao/src/uws_sys/csrc/bun-usockets/src/libusockets.h:201:56: note: insert '_Nonnull' if the pointer should never be null
warning: bun_uws_sys@0.1.15:   201 | int us_udp_socket_set_broadcast(struct us_udp_socket_t *s, int enabled);
warning: bun_uws_sys@0.1.15:       |                                                        ^
warning: bun_uws_sys@0.1.15:       |                                                          _Nonnull
warning: bun_uws_sys@0.1.15: /home/putao/code/rust/bao/src/uws_sys/csrc/bun-usockets/src/libusockets.h:204:49: warning: pointer is missing a nullability type specifier (_Nonnull, _Nullable, or _Null_unspecified) [-Wnullability-completeness]
warning: bun_uws_sys@0.1.15:   204 | void *us_udp_socket_user(struct us_udp_socket_t *s);
warning: bun_uws_sys@0.1.15:       |                                                 ^
warning: bun_uws_sys@0.1.15: /home/putao/code/rust/bao/src/uws_sys/csrc/bun-usockets/src/libusockets.h:204:49: note: insert '_Nullable' if the pointer may be null
warning: bun_uws_sys@0.1.15:   204 | void *us_udp_socket_user(struct us_udp_socket_t *s);
warning: bun_uws_sys@0.1.15:       |                                                 ^
warning: bun_uws_sys@0.1.15:       |                                                   _Nullable
warning: bun_uws_sys@0.1.15: /home/putao/code/rust/bao/src/uws_sys/csrc/bun-usockets/src/libusockets.h:204:49: note: insert '_Nonnull' if the pointer should never be null
warning: bun_uws_sys@0.1.15:   204 | void *us_udp_socket_user(struct us_udp_socket_t *s);
warning: bun_uws_sys@0.1.15:       |                                                 ^
warning: bun_uws_sys@0.1.15:       |                                                   _Nonnull
warning: bun_uws_sys@0.1.15: /home/putao/code/rust/bao/src/uws_sys/csrc/bun-usockets/src/libusockets.h:204:6: warning: pointer is missing a nullability type specifier (_Nonnull, _Nullable, or _Null_unspecified) [-Wnullability-completeness]
warning: bun_uws_sys@0.1.15:   204 | void *us_udp_socket_user(struct us_udp_socket_t *s);
warning: bun_uws_sys@0.1.15:       |      ^
warning: bun_uws_sys@0.1.15: /home/putao/code/rust/bao/src/uws_sys/csrc/bun-usockets/src/libusockets.h:204:6: note: insert '_Nullable' if the pointer may be null
warning: bun_uws_sys@0.1.15:   204 | void *us_udp_socket_user(struct us_udp_socket_t *s);
warning: bun_uws_sys@0.1.15:       |      ^
warning: bun_uws_sys@0.1.15:       |        _Nullable
warning: bun_uws_sys@0.1.15: /home/putao/code/rust/bao/src/uws_sys/csrc/bun-usockets/src/libusockets.h:204:6: note: insert '_Nonnull' if the pointer should never be null
warning: bun_uws_sys@0.1.15:   204 | void *us_udp_socket_user(struct us_udp_socket_t *s);
warning: bun_uws_sys@0.1.15:       |      ^
warning: bun_uws_sys@0.1.15:       |        _Nonnull
warning: bun_uws_sys@0.1.15: /home/putao/code/rust/bao/src/uws_sys/csrc/bun-usockets/src/libusockets.h:207:47: warning: pointer is missing a nullability type specifier (_Nonnull, _Nullable, or _Null_unspecified) [-Wnullability-completeness]
warning: bun_uws_sys@0.1.15:   207 | int us_udp_socket_bind(struct us_udp_socket_t *s, const char *hostname, unsigned int port);
warning: bun_uws_sys@0.1.15:       |                                               ^
warning: bun_uws_sys@0.1.15: /home/putao/code/rust/bao/src/uws_sys/csrc/bun-usockets/src/libusockets.h:207:47: note: insert '_Nullable' if the pointer may be null
warning: bun_uws_sys@0.1.15:   207 | int us_udp_socket_bind(struct us_udp_socket_t *s, const char *hostname, unsigned int port);
warning: bun_uws_sys@0.1.15:       |                                               ^
warning: bun_uws_sys@0.1.15:       |                                                 _Nullable
warning: bun_uws_sys@0.1.15: /home/putao/code/rust/bao/src/uws_sys/csrc/bun-usockets/src/libusockets.h:207:47: note: insert '_Nonnull' if the pointer should never be null
warning: bun_uws_sys@0.1.15:   207 | int us_udp_socket_bind(struct us_udp_socket_t *s, const char *hostname, unsigned int port);
warning: bun_uws_sys@0.1.15:       |                                               ^
warning: bun_uws_sys@0.1.15:       |                                                 _Nonnull
warning: bun_uws_sys@0.1.15: /home/putao/code/rust/bao/src/uws_sys/csrc/bun-usockets/src/libusockets.h:207:62: warning: pointer is missing a nullability type specifier (_Nonnull, _Nullable, or _Null_unspecified) [-Wnullability-completeness]
warning: bun_uws_sys@0.1.15:   207 | int us_udp_socket_bind(struct us_udp_socket_t *s, const char *hostname, unsigned int port);
warning: bun_uws_sys@0.1.15:       |                                                              ^
warning: bun_uws_sys@0.1.15: /home/putao/code/rust/bao/src/uws_sys/csrc/bun-usockets/src/libusockets.h:207:62: note: insert '_Nullable' if the pointer may be null
warning: bun_uws_sys@0.1.15:   207 | int us_udp_socket_bind(struct us_udp_socket_t *s, const char *hostname, unsigned int port);
warning: bun_uws_sys@0.1.15:       |                                                              ^
warning: bun_uws_sys@0.1.15:       |                                                                _Nullable
warning: bun_uws_sys@0.1.15: /home/putao/code/rust/bao/src/uws_sys/csrc/bun-usockets/src/libusockets.h:207:62: note: insert '_Nonnull' if the pointer should never be null
warning: bun_uws_sys@0.1.15:   207 | int us_udp_socket_bind(struct us_udp_socket_t *s, const char *hostname, unsigned int port);
warning: bun_uws_sys@0.1.15:       |                                                              ^
warning: bun_uws_sys@0.1.15:       |                                                                _Nonnull
warning: bun_uws_sys@0.1.15: /home/putao/code/rust/bao/src/uws_sys/csrc/bun-usockets/src/libusockets.h:212:19: warning: pointer is missing a nullability type specifier (_Nonnull, _Nullable, or _Null_unspecified) [-Wnullability-completeness]
warning: bun_uws_sys@0.1.15:   212 | struct us_timer_t *us_create_timer(us_loop_r loop, int fallthrough, unsigned int ext_size);
warning: bun_uws_sys@0.1.15:       |                   ^
warning: bun_uws_sys@0.1.15: /home/putao/code/rust/bao/src/uws_sys/csrc/bun-usockets/src/libusockets.h:212:19: note: insert '_Nullable' if the pointer may be null
warning: bun_uws_sys@0.1.15:   212 | struct us_timer_t *us_create_timer(us_loop_r loop, int fallthrough, unsigned int ext_size);
warning: bun_uws_sys@0.1.15:       |                   ^
warning: bun_uws_sys@0.1.15:       |                     _Nullable
warning: bun_uws_sys@0.1.15: /home/putao/code/rust/bao/src/uws_sys/csrc/bun-usockets/src/libusockets.h:212:19: note: insert '_Nonnull' if the pointer should never be null
warning: bun_uws_sys@0.1.15:   212 | struct us_timer_t *us_create_timer(us_loop_r loop, int fallthrough, unsigned int ext_size);
warning: bun_uws_sys@0.1.15:       |                   ^
warning: bun_uws_sys@0.1.15:       |                     _Nonnull
warning: bun_uws_sys@0.1.15: /home/putao/code/rust/bao/src/uws_sys/csrc/bun-usockets/src/libusockets.h:215:38: warning: pointer is missing a nullability type specifier (_Nonnull, _Nullable, or _Null_unspecified) [-Wnullability-completeness]
warning: bun_uws_sys@0.1.15:   215 | void *us_timer_ext(struct us_timer_t *timer);
warning: bun_uws_sys@0.1.15:       |                                      ^
warning: bun_uws_sys@0.1.15: /home/putao/code/rust/bao/src/uws_sys/csrc/bun-usockets/src/libusockets.h:215:38: note: insert '_Nullable' if the pointer may be null
warning: bun_uws_sys@0.1.15:   215 | void *us_timer_ext(struct us_timer_t *timer);
warning: bun_uws_sys@0.1.15:       |                                      ^
warning: bun_uws_sys@0.1.15:       |                                        _Nullable
warning: bun_uws_sys@0.1.15: /home/putao/code/rust/bao/src/uws_sys/csrc/bun-usockets/src/libusockets.h:215:38: note: insert '_Nonnull' if the pointer should never be null
warning: bun_uws_sys@0.1.15:   215 | void *us_timer_ext(struct us_timer_t *timer);
warning: bun_uws_sys@0.1.15:       |                                      ^
warning: bun_uws_sys@0.1.15:       |                                        _Nonnull
warning: bun_uws_sys@0.1.15: /home/putao/code/rust/bao/src/uws_sys/csrc/bun-usockets/src/libusockets.h:215:6: warning: pointer is missing a nullability type specifier (_Nonnull, _Nullable, or _Null_unspecified) [-Wnullability-completeness]
warning: bun_uws_sys@0.1.15:   215 | void *us_timer_ext(struct us_timer_t *timer);
warning: bun_uws_sys@0.1.15:       |      ^
warning: bun_uws_sys@0.1.15: /home/putao/code/rust/bao/src/uws_sys/csrc/bun-usockets/src/libusockets.h:215:6: note: insert '_Nullable' if the pointer may be null
warning: bun_uws_sys@0.1.15:   215 | void *us_timer_ext(struct us_timer_t *timer);
warning: bun_uws_sys@0.1.15:       |      ^
warning: bun_uws_sys@0.1.15:       |        _Nullable
warning: bun_uws_sys@0.1.15: /home/putao/code/rust/bao/src/uws_sys/csrc/bun-usockets/src/libusockets.h:215:6: note: insert '_Nonnull' if the pointer should never be null
warning: bun_uws_sys@0.1.15:   215 | void *us_timer_ext(struct us_timer_t *timer);
warning: bun_uws_sys@0.1.15:       |      ^
warning: bun_uws_sys@0.1.15:       |        _Nonnull
warning: bun_uws_sys@0.1.15: /home/putao/code/rust/bao/src/uws_sys/csrc/bun-usockets/src/libusockets.h:218:39: warning: pointer is missing a nullability type specifier (_Nonnull, _Nullable, or _Null_unspecified) [-Wnullability-completeness]
warning: bun_uws_sys@0.1.15:   218 | void us_timer_close(struct us_timer_t *timer, int fallthrough);
warning: bun_uws_sys@0.1.15:       |                                       ^
warning: bun_uws_sys@0.1.15: /home/putao/code/rust/bao/src/uws_sys/csrc/bun-usockets/src/libusockets.h:218:39: note: insert '_Nullable' if the pointer may be null
warning: bun_uws_sys@0.1.15:   218 | void us_timer_close(struct us_timer_t *timer, int fallthrough);
warning: bun_uws_sys@0.1.15:       |                                       ^
warning: bun_uws_sys@0.1.15:       |                                         _Nullable
warning: bun_uws_sys@0.1.15: /home/putao/code/rust/bao/src/uws_sys/csrc/bun-usockets/src/libusockets.h:218:39: note: insert '_Nonnull' if the pointer should never be null
warning: bun_uws_sys@0.1.15:   218 | void us_timer_close(struct us_timer_t *timer, int fallthrough);
warning: bun_uws_sys@0.1.15:       |                                       ^
warning: bun_uws_sys@0.1.15:       |                                         _Nonnull
warning: bun_uws_sys@0.1.15: /home/putao/code/rust/bao/src/uws_sys/csrc/bun-usockets/src/libusockets.h:222:37: warning: pointer is missing a nullability type specifier (_Nonnull, _Nullable, or _Null_unspecified) [-Wnullability-completeness]
warning: bun_uws_sys@0.1.15:   222 | void us_timer_set(struct us_timer_t *timer, void (*cb)(struct us_timer_t *t), int ms, int repeat_ms);
warning: bun_uws_sys@0.1.15:       |                                     ^
warning: bun_uws_sys@0.1.15: /home/putao/code/rust/bao/src/uws_sys/csrc/bun-usockets/src/libusockets.h:222:37: note: insert '_Nullable' if the pointer may be null
warning: bun_uws_sys@0.1.15:   222 | void us_timer_set(struct us_timer_t *timer, void (*cb)(struct us_timer_t *t), int ms, int repeat_ms);
warning: bun_uws_sys@0.1.15:       |                                     ^
warning: bun_uws_sys@0.1.15:       |                                       _Nullable
warning: bun_uws_sys@0.1.15: /home/putao/code/rust/bao/src/uws_sys/csrc/bun-usockets/src/libusockets.h:222:37: note: insert '_Nonnull' if the pointer should never be null
warning: bun_uws_sys@0.1.15:   222 | void us_timer_set(struct us_timer_t *timer, void (*cb)(struct us_timer_t *t), int ms, int repeat_ms);
warning: bun_uws_sys@0.1.15:       |                                     ^
warning: bun_uws_sys@0.1.15:       |                                       _Nonnull
warning: bun_uws_sys@0.1.15: /home/putao/code/rust/bao/src/uws_sys/csrc/bun-usockets/src/libusockets.h:222:74: warning: pointer is missing a nullability type specifier (_Nonnull, _Nullable, or _Null_unspecified) [-Wnullability-completeness]
warning: bun_uws_sys@0.1.15:   222 | void us_timer_set(struct us_timer_t *timer, void (*cb)(struct us_timer_t *t), int ms, int repeat_ms);
warning: bun_uws_sys@0.1.15:       |                                                                          ^
warning: bun_uws_sys@0.1.15: /home/putao/code/rust/bao/src/uws_sys/csrc/bun-usockets/src/libusockets.h:222:74: note: insert '_Nullable' if the pointer may be null
warning: bun_uws_sys@0.1.15:   222 | void us_timer_set(struct us_timer_t *timer, void (*cb)(struct us_timer_t *t), int ms, int repeat_ms);
warning: bun_uws_sys@0.1.15:       |                                                                          ^
warning: bun_uws_sys@0.1.15:       |                                                                            _Nullable
warning: bun_uws_sys@0.1.15: /home/putao/code/rust/bao/src/uws_sys/csrc/bun-usockets/src/libusockets.h:222:74: note: insert '_Nonnull' if the pointer should never be null
warning: bun_uws_sys@0.1.15:   222 | void us_timer_set(struct us_timer_t *timer, void (*cb)(struct us_timer_t *t), int ms, int repeat_ms);
warning: bun_uws_sys@0.1.15:       |                                                                          ^
warning: bun_uws_sys@0.1.15:       |                                                                            _Nonnull
warning: bun_uws_sys@0.1.15: /home/putao/code/rust/bao/src/uws_sys/csrc/bun-usockets/src/libusockets.h:222:51: warning: pointer is missing a nullability type specifier (_Nonnull, _Nullable, or _Null_unspecified) [-Wnullability-completeness]
warning: bun_uws_sys@0.1.15:   222 | void us_timer_set(struct us_timer_t *timer, void (*cb)(struct us_timer_t *t), int ms, int repeat_ms);
warning: bun_uws_sys@0.1.15:       |                                                   ^
warning: bun_uws_sys@0.1.15: /home/putao/code/rust/bao/src/uws_sys/csrc/bun-usockets/src/libusockets.h:222:51: note: insert '_Nullable' if the pointer may be null
warning: bun_uws_sys@0.1.15:   222 | void us_timer_set(struct us_timer_t *timer, void (*cb)(struct us_timer_t *t), int ms, int repeat_ms);
warning: bun_uws_sys@0.1.15:       |                                                   ^
warning: bun_uws_sys@0.1.15:       |                                                     _Nullable
warning: bun_uws_sys@0.1.15: /home/putao/code/rust/bao/src/uws_sys/csrc/bun-usockets/src/libusockets.h:222:51: note: insert '_Nonnull' if the pointer should never be null
warning: bun_uws_sys@0.1.15:   222 | void us_timer_set(struct us_timer_t *timer, void (*cb)(struct us_timer_t *t), int ms, int repeat_ms);
warning: bun_uws_sys@0.1.15:       |                                                   ^
warning: bun_uws_sys@0.1.15:       |                                                     _Nonnull
warning: bun_uws_sys@0.1.15: /home/putao/code/rust/bao/src/uws_sys/csrc/bun-usockets/src/libusockets.h:225:51: warning: pointer is missing a nullability type specifier (_Nonnull, _Nullable, or _Null_unspecified) [-Wnullability-completeness]
warning: bun_uws_sys@0.1.15:   225 | struct us_loop_t *us_timer_loop(struct us_timer_t *t);
warning: bun_uws_sys@0.1.15:       |                                                   ^
warning: bun_uws_sys@0.1.15: /home/putao/code/rust/bao/src/uws_sys/csrc/bun-usockets/src/libusockets.h:225:51: note: insert '_Nullable' if the pointer may be null
warning: bun_uws_sys@0.1.15:   225 | struct us_loop_t *us_timer_loop(struct us_timer_t *t);
warning: bun_uws_sys@0.1.15:       |                                                   ^
warning: bun_uws_sys@0.1.15:       |                                                     _Nullable
warning: bun_uws_sys@0.1.15: /home/putao/code/rust/bao/src/uws_sys/csrc/bun-usockets/src/libusockets.h:225:51: note: insert '_Nonnull' if the pointer should never be null
warning: bun_uws_sys@0.1.15:   225 | struct us_loop_t *us_timer_loop(struct us_timer_t *t);
warning: bun_uws_sys@0.1.15:       |                                                   ^
warning: bun_uws_sys@0.1.15:       |                                                     _Nonnull
warning: bun_uws_sys@0.1.15: /home/putao/code/rust/bao/src/uws_sys/csrc/bun-usockets/src/libusockets.h:225:18: warning: pointer is missing a nullability type specifier (_Nonnull, _Nullable, or _Null_unspecified) [-Wnullability-completeness]
warning: bun_uws_sys@0.1.15:   225 | struct us_loop_t *us_timer_loop(struct us_timer_t *t);
warning: bun_uws_sys@0.1.15:       |                  ^
warning: bun_uws_sys@0.1.15: /home/putao/code/rust/bao/src/uws_sys/csrc/bun-usockets/src/libusockets.h:225:18: note: insert '_Nullable' if the pointer may be null
warning: bun_uws_sys@0.1.15:   225 | struct us_loop_t *us_timer_loop(struct us_timer_t *t);
warning: bun_uws_sys@0.1.15:       |                  ^
warning: bun_uws_sys@0.1.15:       |                    _Nullable
warning: bun_uws_sys@0.1.15: /home/putao/code/rust/bao/src/uws_sys/csrc/bun-usockets/src/libusockets.h:225:18: note: insert '_Nonnull' if the pointer should never be null
warning: bun_uws_sys@0.1.15:   225 | struct us_loop_t *us_timer_loop(struct us_timer_t *t);
warning: bun_uws_sys@0.1.15:       |                  ^
warning: bun_uws_sys@0.1.15:       |                    _Nonnull
warning: bun_uws_sys@0.1.15: /home/putao/code/rust/bao/src/uws_sys/csrc/bun-usockets/src/libusockets.h:247:15: warning: pointer is missing a nullability type specifier (_Nonnull, _Nullable, or _Null_unspecified) [-Wnullability-completeness]
warning: bun_uws_sys@0.1.15:   247 |     const char* code;
warning: bun_uws_sys@0.1.15:       |               ^
warning: bun_uws_sys@0.1.15: /home/putao/code/rust/bao/src/uws_sys/csrc/bun-usockets/src/libusockets.h:247:15: note: insert '_Nullable' if the pointer may be null
warning: bun_uws_sys@0.1.15:   247 |     const char* code;
warning: bun_uws_sys@0.1.15:       |               ^
warning: bun_uws_sys@0.1.15:       |                 _Nullable
warning: bun_uws_sys@0.1.15: /home/putao/code/rust/bao/src/uws_sys/csrc/bun-usockets/src/libusockets.h:247:15: note: insert '_Nonnull' if the pointer should never be null
warning: bun_uws_sys@0.1.15:   247 |     const char* code;
warning: bun_uws_sys@0.1.15:       |               ^
warning: bun_uws_sys@0.1.15:       |                 _Nonnull
warning: bun_uws_sys@0.1.15: /home/putao/code/rust/bao/src/uws_sys/csrc/bun-usockets/src/libusockets.h:248:15: warning: pointer is missing a nullability type specifier (_Nonnull, _Nullable, or _Null_unspecified) [-Wnullability-completeness]
warning: bun_uws_sys@0.1.15:   248 |     const char* reason;
warning: bun_uws_sys@0.1.15:       |               ^
warning: bun_uws_sys@0.1.15: /home/putao/code/rust/bao/src/uws_sys/csrc/bun-usockets/src/libusockets.h:248:15: note: insert '_Nullable' if the pointer may be null
warning: bun_uws_sys@0.1.15:   248 |     const char* reason;
warning: bun_uws_sys@0.1.15:       |               ^
warning: bun_uws_sys@0.1.15:       |                 _Nullable
warning: bun_uws_sys@0.1.15: /home/putao/code/rust/bao/src/uws_sys/csrc/bun-usockets/src/libusockets.h:248:15: note: insert '_Nonnull' if the pointer should never be null
warning: bun_uws_sys@0.1.15:   248 |     const char* reason;
warning: bun_uws_sys@0.1.15:       |               ^
warning: bun_uws_sys@0.1.15:       |                 _Nonnull
warning: bun_uws_sys@0.1.15: /home/putao/code/rust/bao/src/uws_sys/csrc/bun-usockets/src/libusockets.h:254:69: warning: pointer is missing a nullability type specifier (_Nonnull, _Nullable, or _Null_unspecified) [-Wnullability-completeness]
warning: bun_uws_sys@0.1.15:   254 |     struct us_socket_t *(*on_open)(us_socket_r, int is_client, char *ip, int ip_length);
warning: bun_uws_sys@0.1.15:       |                                                                     ^
warning: bun_uws_sys@0.1.15: /home/putao/code/rust/bao/src/uws_sys/csrc/bun-usockets/src/libusockets.h:254:69: note: insert '_Nullable' if the pointer may be null
warning: bun_uws_sys@0.1.15:   254 |     struct us_socket_t *(*on_open)(us_socket_r, int is_client, char *ip, int ip_length);
warning: bun_uws_sys@0.1.15:       |                                                                     ^
warning: bun_uws_sys@0.1.15:       |                                                                       _Nullable
warning: bun_uws_sys@0.1.15: /home/putao/code/rust/bao/src/uws_sys/csrc/bun-usockets/src/libusockets.h:254:69: note: insert '_Nonnull' if the pointer should never be null
warning: bun_uws_sys@0.1.15:   254 |     struct us_socket_t *(*on_open)(us_socket_r, int is_client, char *ip, int ip_length);
warning: bun_uws_sys@0.1.15:       |                                                                     ^
warning: bun_uws_sys@0.1.15:       |                                                                       _Nonnull
warning: bun_uws_sys@0.1.15: /home/putao/code/rust/bao/src/uws_sys/csrc/bun-usockets/src/libusockets.h:254:24: warning: pointer is missing a nullability type specifier (_Nonnull, _Nullable, or _Null_unspecified) [-Wnullability-completeness]
warning: bun_uws_sys@0.1.15:   254 |     struct us_socket_t *(*on_open)(us_socket_r, int is_client, char *ip, int ip_length);
warning: bun_uws_sys@0.1.15:       |                        ^
warning: bun_uws_sys@0.1.15: /home/putao/code/rust/bao/src/uws_sys/csrc/bun-usockets/src/libusockets.h:254:24: note: insert '_Nullable' if the pointer may be null
warning: bun_uws_sys@0.1.15:   254 |     struct us_socket_t *(*on_open)(us_socket_r, int is_client, char *ip, int ip_length);
warning: bun_uws_sys@0.1.15:       |                        ^
warning: bun_uws_sys@0.1.15:       |                         _Nullable
warning: bun_uws_sys@0.1.15: /home/putao/code/rust/bao/src/uws_sys/csrc/bun-usockets/src/libusockets.h:254:24: note: insert '_Nonnull' if the pointer should never be null
warning: bun_uws_sys@0.1.15:   254 |     struct us_socket_t *(*on_open)(us_socket_r, int is_client, char *ip, int ip_length);
warning: bun_uws_sys@0.1.15:       |                        ^
warning: bun_uws_sys@0.1.15:       |                         _Nonnull
warning: bun_uws_sys@0.1.15: /home/putao/code/rust/bao/src/uws_sys/csrc/bun-usockets/src/libusockets.h:254:26: warning: pointer is missing a nullability type specifier (_Nonnull, _Nullable, or _Null_unspecified) [-Wnullability-completeness]
warning: bun_uws_sys@0.1.15:   254 |     struct us_socket_t *(*on_open)(us_socket_r, int is_client, char *ip, int ip_length);
warning: bun_uws_sys@0.1.15:       |                          ^
warning: bun_uws_sys@0.1.15: /home/putao/code/rust/bao/src/uws_sys/csrc/bun-usockets/src/libusockets.h:254:26: note: insert '_Nullable' if the pointer may be null
warning: bun_uws_sys@0.1.15:   254 |     struct us_socket_t *(*on_open)(us_socket_r, int is_client, char *ip, int ip_length);
warning: bun_uws_sys@0.1.15:       |                          ^
warning: bun_uws_sys@0.1.15:       |                            _Nullable
warning: bun_uws_sys@0.1.15: /home/putao/code/rust/bao/src/uws_sys/csrc/bun-usockets/src/libusockets.h:254:26: note: insert '_Nonnull' if the pointer should never be null
warning: bun_uws_sys@0.1.15:   254 |     struct us_socket_t *(*on_open)(us_socket_r, int is_client, char *ip, int ip_length);
warning: bun_uws_sys@0.1.15:       |                          ^
warning: bun_uws_sys@0.1.15:       |                            _Nonnull
warning: bun_uws_sys@0.1.15: /home/putao/code/rust/bao/src/uws_sys/csrc/bun-usockets/src/libusockets.h:255:54: warning: pointer is missing a nullability type specifier (_Nonnull, _Nullable, or _Null_unspecified) [-Wnullability-completeness]
warning: bun_uws_sys@0.1.15:   255 |     struct us_socket_t *(*on_data)(us_socket_r, char *data, int length);
warning: bun_uws_sys@0.1.15:       |                                                      ^
warning: bun_uws_sys@0.1.15: /home/putao/code/rust/bao/src/uws_sys/csrc/bun-usockets/src/libusockets.h:255:54: note: insert '_Nullable' if the pointer may be null
warning: bun_uws_sys@0.1.15:   255 |     struct us_socket_t *(*on_data)(us_socket_r, char *data, int length);
warning: bun_uws_sys@0.1.15:       |                                                      ^
warning: bun_uws_sys@0.1.15:       |                                                        _Nullable
warning: bun_uws_sys@0.1.15: /home/putao/code/rust/bao/src/uws_sys/csrc/bun-usockets/src/libusockets.h:255:54: note: insert '_Nonnull' if the pointer should never be null
warning: bun_uws_sys@0.1.15:   255 |     struct us_socket_t *(*on_data)(us_socket_r, char *data, int length);
warning: bun_uws_sys@0.1.15:       |                                                      ^
warning: bun_uws_sys@0.1.15:       |                                                        _Nonnull
warning: bun_uws_sys@0.1.15: /home/putao/code/rust/bao/src/uws_sys/csrc/bun-usockets/src/libusockets.h:255:24: warning: pointer is missing a nullability type specifier (_Nonnull, _Nullable, or _Null_unspecified) [-Wnullability-completeness]
warning: bun_uws_sys@0.1.15:   255 |     struct us_socket_t *(*on_data)(us_socket_r, char *data, int length);
warning: bun_uws_sys@0.1.15:       |                        ^
warning: bun_uws_sys@0.1.15: /home/putao/code/rust/bao/src/uws_sys/csrc/bun-usockets/src/libusockets.h:255:24: note: insert '_Nullable' if the pointer may be null
warning: bun_uws_sys@0.1.15:   255 |     struct us_socket_t *(*on_data)(us_socket_r, char *data, int length);
warning: bun_uws_sys@0.1.15:       |                        ^
warning: bun_uws_sys@0.1.15:       |                         _Nullable
warning: bun_uws_sys@0.1.15: /home/putao/code/rust/bao/src/uws_sys/csrc/bun-usockets/src/libusockets.h:255:24: note: insert '_Nonnull' if the pointer should never be null
warning: bun_uws_sys@0.1.15:   255 |     struct us_socket_t *(*on_data)(us_socket_r, char *data, int length);
warning: bun_uws_sys@0.1.15:       |                        ^
warning: bun_uws_sys@0.1.15:       |                         _Nonnull
warning: bun_uws_sys@0.1.15: /home/putao/code/rust/bao/src/uws_sys/csrc/bun-usockets/src/libusockets.h:255:26: warning: pointer is missing a nullability type specifier (_Nonnull, _Nullable, or _Null_unspecified) [-Wnullability-completeness]
warning: bun_uws_sys@0.1.15:   255 |     struct us_socket_t *(*on_data)(us_socket_r, char *data, int length);
warning: bun_uws_sys@0.1.15:       |                          ^
warning: bun_uws_sys@0.1.15: /home/putao/code/rust/bao/src/uws_sys/csrc/bun-usockets/src/libusockets.h:255:26: note: insert '_Nullable' if the pointer may be null
warning: bun_uws_sys@0.1.15:   255 |     struct us_socket_t *(*on_data)(us_socket_r, char *data, int length);
warning: bun_uws_sys@0.1.15:       |                          ^
warning: bun_uws_sys@0.1.15:       |                            _Nullable
warning: bun_uws_sys@0.1.15: /home/putao/code/rust/bao/src/uws_sys/csrc/bun-usockets/src/libusockets.h:255:26: note: insert '_Nonnull' if the pointer should never be null
warning: bun_uws_sys@0.1.15:   255 |     struct us_socket_t *(*on_data)(us_socket_r, char *data, int length);
warning: bun_uws_sys@0.1.15:       |                          ^
warning: bun_uws_sys@0.1.15:       |                            _Nonnull
warning: bun_uws_sys@0.1.15: /home/putao/code/rust/bao/src/uws_sys/csrc/bun-usockets/src/libusockets.h:256:24: warning: pointer is missing a nullability type specifier (_Nonnull, _Nullable, or _Null_unspecified) [-Wnullability-completeness]
warning: bun_uws_sys@0.1.15:   256 |     struct us_socket_t *(*on_fd)(us_socket_r, int fd);
warning: bun_uws_sys@0.1.15:       |                        ^
warning: bun_uws_sys@0.1.15: /home/putao/code/rust/bao/src/uws_sys/csrc/bun-usockets/src/libusockets.h:256:24: note: insert '_Nullable' if the pointer may be null
warning: bun_uws_sys@0.1.15:   256 |     struct us_socket_t *(*on_fd)(us_socket_r, int fd);
warning: bun_uws_sys@0.1.15:       |                        ^
warning: bun_uws_sys@0.1.15:       |                         _Nullable
warning: bun_uws_sys@0.1.15: /home/putao/code/rust/bao/src/uws_sys/csrc/bun-usockets/src/libusockets.h:256:24: note: insert '_Nonnull' if the pointer should never be null
warning: bun_uws_sys@0.1.15:   256 |     struct us_socket_t *(*on_fd)(us_socket_r, int fd);
warning: bun_uws_sys@0.1.15:       |                        ^
warning: bun_uws_sys@0.1.15:       |                         _Nonnull
warning: bun_uws_sys@0.1.15: /home/putao/code/rust/bao/src/uws_sys/csrc/bun-usockets/src/libusockets.h:256:26: warning: pointer is missing a nullability type specifier (_Nonnull, _Nullable, or _Null_unspecified) [-Wnullability-completeness]
warning: bun_uws_sys@0.1.15:   256 |     struct us_socket_t *(*on_fd)(us_socket_r, int fd);
warning: bun_uws_sys@0.1.15:       |                          ^
warning: bun_uws_sys@0.1.15: /home/putao/code/rust/bao/src/uws_sys/csrc/bun-usockets/src/libusockets.h:256:26: note: insert '_Nullable' if the pointer may be null
warning: bun_uws_sys@0.1.15:   256 |     struct us_socket_t *(*on_fd)(us_socket_r, int fd);
warning: bun_uws_sys@0.1.15:       |                          ^
warning: bun_uws_sys@0.1.15:       |                            _Nullable
warning: bun_uws_sys@0.1.15: /home/putao/code/rust/bao/src/uws_sys/csrc/bun-usockets/src/libusockets.h:256:26: note: insert '_Nonnull' if the pointer should never be null
warning: bun_uws_sys@0.1.15:   256 |     struct us_socket_t *(*on_fd)(us_socket_r, int fd);
warning: bun_uws_sys@0.1.15:       |                          ^
warning: bun_uws_sys@0.1.15:       |                            _Nonnull
warning: bun_uws_sys@0.1.15: /home/putao/code/rust/bao/src/uws_sys/csrc/bun-usockets/src/libusockets.h:257:24: warning: pointer is missing a nullability type specifier (_Nonnull, _Nullable, or _Null_unspecified) [-Wnullability-completeness]
warning: bun_uws_sys@0.1.15:   257 |     struct us_socket_t *(*on_writable)(us_socket_r);
warning: bun_uws_sys@0.1.15:       |                        ^
warning: bun_uws_sys@0.1.15: /home/putao/code/rust/bao/src/uws_sys/csrc/bun-usockets/src/libusockets.h:257:24: note: insert '_Nullable' if the pointer may be null
warning: bun_uws_sys@0.1.15:   257 |     struct us_socket_t *(*on_writable)(us_socket_r);
warning: bun_uws_sys@0.1.15:       |                        ^
warning: bun_uws_sys@0.1.15:       |                         _Nullable
warning: bun_uws_sys@0.1.15: /home/putao/code/rust/bao/src/uws_sys/csrc/bun-usockets/src/libusockets.h:257:24: note: insert '_Nonnull' if the pointer should never be null
warning: bun_uws_sys@0.1.15:   257 |     struct us_socket_t *(*on_writable)(us_socket_r);
warning: bun_uws_sys@0.1.15:       |                        ^
warning: bun_uws_sys@0.1.15:       |                         _Nonnull
warning: bun_uws_sys@0.1.15: /home/putao/code/rust/bao/src/uws_sys/csrc/bun-usockets/src/libusockets.h:257:26: warning: pointer is missing a nullability type specifier (_Nonnull, _Nullable, or _Null_unspecified) [-Wnullability-completeness]
warning: bun_uws_sys@0.1.15:   257 |     struct us_socket_t *(*on_writable)(us_socket_r);
warning: bun_uws_sys@0.1.15:       |                          ^
warning: bun_uws_sys@0.1.15: /home/putao/code/rust/bao/src/uws_sys/csrc/bun-usockets/src/libusockets.h:257:26: note: insert '_Nullable' if the pointer may be null
warning: bun_uws_sys@0.1.15:   257 |     struct us_socket_t *(*on_writable)(us_socket_r);
warning: bun_uws_sys@0.1.15:       |                          ^
warning: bun_uws_sys@0.1.15:       |                            _Nullable
warning: bun_uws_sys@0.1.15: /home/putao/code/rust/bao/src/uws_sys/csrc/bun-usockets/src/libusockets.h:257:26: note: insert '_Nonnull' if the pointer should never be null
warning: bun_uws_sys@0.1.15:   257 |     struct us_socket_t *(*on_writable)(us_socket_r);
warning: bun_uws_sys@0.1.15:       |                          ^
warning: bun_uws_sys@0.1.15:       |                            _Nonnull
warning: bun_uws_sys@0.1.15: /home/putao/code/rust/bao/src/uws_sys/csrc/bun-usockets/src/libusockets.h:258:65: warning: pointer is missing a nullability type specifier (_Nonnull, _Nullable, or _Null_unspecified) [-Wnullability-completeness]
warning: bun_uws_sys@0.1.15:   258 |     struct us_socket_t *(*on_close)(us_socket_r, int code, void *reason);
warning: bun_uws_sys@0.1.15:       |                                                                 ^
warning: bun_uws_sys@0.1.15: /home/putao/code/rust/bao/src/uws_sys/csrc/bun-usockets/src/libusockets.h:258:65: note: insert '_Nullable' if the pointer may be null
warning: bun_uws_sys@0.1.15:   258 |     struct us_socket_t *(*on_close)(us_socket_r, int code, void *reason);
warning: bun_uws_sys@0.1.15:       |                                                                 ^
warning: bun_uws_sys@0.1.15:       |                                                                   _Nullable
warning: bun_uws_sys@0.1.15: /home/putao/code/rust/bao/src/uws_sys/csrc/bun-usockets/src/libusockets.h:258:65: note: insert '_Nonnull' if the pointer should never be null
warning: bun_uws_sys@0.1.15:   258 |     struct us_socket_t *(*on_close)(us_socket_r, int code, void *reason);
warning: bun_uws_sys@0.1.15:       |                                                                 ^
warning: bun_uws_sys@0.1.15:       |                                                                   _Nonnull
warning: bun_uws_sys@0.1.15: /home/putao/code/rust/bao/src/uws_sys/csrc/bun-usockets/src/libusockets.h:258:24: warning: pointer is missing a nullability type specifier (_Nonnull, _Nullable, or _Null_unspecified) [-Wnullability-completeness]
warning: bun_uws_sys@0.1.15:   258 |     struct us_socket_t *(*on_close)(us_socket_r, int code, void *reason);
warning: bun_uws_sys@0.1.15:       |                        ^
warning: bun_uws_sys@0.1.15: /home/putao/code/rust/bao/src/uws_sys/csrc/bun-usockets/src/libusockets.h:258:24: note: insert '_Nullable' if the pointer may be null
warning: bun_uws_sys@0.1.15:   258 |     struct us_socket_t *(*on_close)(us_socket_r, int code, void *reason);
warning: bun_uws_sys@0.1.15:       |                        ^
warning: bun_uws_sys@0.1.15:       |                         _Nullable
warning: bun_uws_sys@0.1.15: /home/putao/code/rust/bao/src/uws_sys/csrc/bun-usockets/src/libusockets.h:258:24: note: insert '_Nonnull' if the pointer should never be null
warning: bun_uws_sys@0.1.15:   258 |     struct us_socket_t *(*on_close)(us_socket_r, int code, void *reason);
warning: bun_uws_sys@0.1.15:       |                        ^
warning: bun_uws_sys@0.1.15:       |                         _Nonnull
warning: bun_uws_sys@0.1.15: /home/putao/code/rust/bao/src/uws_sys/csrc/bun-usockets/src/libusockets.h:258:26: warning: pointer is missing a nullability type specifier (_Nonnull, _Nullable, or _Null_unspecified) [-Wnullability-completeness]
warning: bun_uws_sys@0.1.15:   258 |     struct us_socket_t *(*on_close)(us_socket_r, int code, void *reason);
warning: bun_uws_sys@0.1.15:       |                          ^
warning: bun_uws_sys@0.1.15: /home/putao/code/rust/bao/src/uws_sys/csrc/bun-usockets/src/libusockets.h:258:26: note: insert '_Nullable' if the pointer may be null
warning: bun_uws_sys@0.1.15:   258 |     struct us_socket_t *(*on_close)(us_socket_r, int code, void *reason);
warning: bun_uws_sys@0.1.15:       |                          ^
warning: bun_uws_sys@0.1.15:       |                            _Nullable
warning: bun_uws_sys@0.1.15: /home/putao/code/rust/bao/src/uws_sys/csrc/bun-usockets/src/libusockets.h:258:26: note: insert '_Nonnull' if the pointer should never be null
warning: bun_uws_sys@0.1.15:   258 |     struct us_socket_t *(*on_close)(us_socket_r, int code, void *reason);
warning: bun_uws_sys@0.1.15:       |                          ^
warning: bun_uws_sys@0.1.15:       |                            _Nonnull
warning: bun_uws_sys@0.1.15: /home/putao/code/rust/bao/src/uws_sys/csrc/bun-usockets/src/libusockets.h:259:24: warning: pointer is missing a nullability type specifier (_Nonnull, _Nullable, or _Null_unspecified) [-Wnullability-completeness]
warning: bun_uws_sys@0.1.15:   259 |     struct us_socket_t *(*on_timeout)(us_socket_r);
warning: bun_uws_sys@0.1.15:       |                        ^
warning: bun_uws_sys@0.1.15: /home/putao/code/rust/bao/src/uws_sys/csrc/bun-usockets/src/libusockets.h:259:24: note: insert '_Nullable' if the pointer may be null
warning: bun_uws_sys@0.1.15:   259 |     struct us_socket_t *(*on_timeout)(us_socket_r);
warning: bun_uws_sys@0.1.15:       |                        ^
warning: bun_uws_sys@0.1.15:       |                         _Nullable
warning: bun_uws_sys@0.1.15: /home/putao/code/rust/bao/src/uws_sys/csrc/bun-usockets/src/libusockets.h:259:24: note: insert '_Nonnull' if the pointer should never be null
warning: bun_uws_sys@0.1.15:   259 |     struct us_socket_t *(*on_timeout)(us_socket_r);
warning: bun_uws_sys@0.1.15:       |                        ^
warning: bun_uws_sys@0.1.15:       |                         _Nonnull
warning: bun_uws_sys@0.1.15: /home/putao/code/rust/bao/src/uws_sys/csrc/bun-usockets/src/libusockets.h:259:26: warning: pointer is missing a nullability type specifier (_Nonnull, _Nullable, or _Null_unspecified) [-Wnullability-completeness]
warning: bun_uws_sys@0.1.15:   259 |     struct us_socket_t *(*on_timeout)(us_socket_r);
warning: bun_uws_sys@0.1.15:       |                          ^
warning: bun_uws_sys@0.1.15: /home/putao/code/rust/bao/src/uws_sys/csrc/bun-usockets/src/libusockets.h:259:26: note: insert '_Nullable' if the pointer may be null
warning: bun_uws_sys@0.1.15:   259 |     struct us_socket_t *(*on_timeout)(us_socket_r);
warning: bun_uws_sys@0.1.15:       |                          ^
warning: bun_uws_sys@0.1.15:       |                            _Nullable
warning: bun_uws_sys@0.1.15: /home/putao/code/rust/bao/src/uws_sys/csrc/bun-usockets/src/libusockets.h:259:26: note: insert '_Nonnull' if the pointer should never be null
warning: bun_uws_sys@0.1.15:   259 |     struct us_socket_t *(*on_timeout)(us_socket_r);
warning: bun_uws_sys@0.1.15:       |                          ^
warning: bun_uws_sys@0.1.15:       |                            _Nonnull
warning: bun_uws_sys@0.1.15: /home/putao/code/rust/bao/src/uws_sys/csrc/bun-usockets/src/libusockets.h:260:24: warning: pointer is missing a nullability type specifier (_Nonnull, _Nullable, or _Null_unspecified) [-Wnullability-completeness]
warning: bun_uws_sys@0.1.15:   260 |     struct us_socket_t *(*on_long_timeout)(us_socket_r);
warning: bun_uws_sys@0.1.15:       |                        ^
warning: bun_uws_sys@0.1.15: /home/putao/code/rust/bao/src/uws_sys/csrc/bun-usockets/src/libusockets.h:260:24: note: insert '_Nullable' if the pointer may be null
warning: bun_uws_sys@0.1.15:   260 |     struct us_socket_t *(*on_long_timeout)(us_socket_r);
warning: bun_uws_sys@0.1.15:       |                        ^
warning: bun_uws_sys@0.1.15:       |                         _Nullable
warning: bun_uws_sys@0.1.15: /home/putao/code/rust/bao/src/uws_sys/csrc/bun-usockets/src/libusockets.h:260:24: note: insert '_Nonnull' if the pointer should never be null
warning: bun_uws_sys@0.1.15:   260 |     struct us_socket_t *(*on_long_timeout)(us_socket_r);
warning: bun_uws_sys@0.1.15:       |                        ^
warning: bun_uws_sys@0.1.15:       |                         _Nonnull
warning: bun_uws_sys@0.1.15: /home/putao/code/rust/bao/src/uws_sys/csrc/bun-usockets/src/libusockets.h:260:26: warning: pointer is missing a nullability type specifier (_Nonnull, _Nullable, or _Null_unspecified) [-Wnullability-completeness]
warning: bun_uws_sys@0.1.15:   260 |     struct us_socket_t *(*on_long_timeout)(us_socket_r);
warning: bun_uws_sys@0.1.15:       |                          ^
warning: bun_uws_sys@0.1.15: /home/putao/code/rust/bao/src/uws_sys/csrc/bun-usockets/src/libusockets.h:260:26: note: insert '_Nullable' if the pointer may be null
warning: bun_uws_sys@0.1.15:   260 |     struct us_socket_t *(*on_long_timeout)(us_socket_r);
warning: bun_uws_sys@0.1.15:       |                          ^
warning: bun_uws_sys@0.1.15:       |                            _Nullable
warning: bun_uws_sys@0.1.15: /home/putao/code/rust/bao/src/uws_sys/csrc/bun-usockets/src/libusockets.h:260:26: note: insert '_Nonnull' if the pointer should never be null
warning: bun_uws_sys@0.1.15:   260 |     struct us_socket_t *(*on_long_timeout)(us_socket_r);
warning: bun_uws_sys@0.1.15:       |                          ^
warning: bun_uws_sys@0.1.15:       |                            _Nonnull
warning: bun_uws_sys@0.1.15: /home/putao/code/rust/bao/src/uws_sys/csrc/bun-usockets/src/libusockets.h:261:24: warning: pointer is missing a nullability type specifier (_Nonnull, _Nullable, or _Null_unspecified) [-Wnullability-completeness]
warning: bun_uws_sys@0.1.15:   261 |     struct us_socket_t *(*on_end)(us_socket_r);
warning: bun_uws_sys@0.1.15:       |                        ^
warning: bun_uws_sys@0.1.15: /home/putao/code/rust/bao/src/uws_sys/csrc/bun-usockets/src/libusockets.h:261:24: note: insert '_Nullable' if the pointer may be null
warning: bun_uws_sys@0.1.15:   261 |     struct us_socket_t *(*on_end)(us_socket_r);
warning: bun_uws_sys@0.1.15:       |                        ^
warning: bun_uws_sys@0.1.15:       |                         _Nullable
warning: bun_uws_sys@0.1.15: /home/putao/code/rust/bao/src/uws_sys/csrc/bun-usockets/src/libusockets.h:261:24: note: insert '_Nonnull' if the pointer should never be null
warning: bun_uws_sys@0.1.15:   261 |     struct us_socket_t *(*on_end)(us_socket_r);
warning: bun_uws_sys@0.1.15:       |                        ^
warning: bun_uws_sys@0.1.15:       |                         _Nonnull
warning: bun_uws_sys@0.1.15: /home/putao/code/rust/bao/src/uws_sys/csrc/bun-usockets/src/libusockets.h:261:26: warning: pointer is missing a nullability type specifier (_Nonnull, _Nullable, or _Null_unspecified) [-Wnullability-completeness]
warning: bun_uws_sys@0.1.15:   261 |     struct us_socket_t *(*on_end)(us_socket_r);
warning: bun_uws_sys@0.1.15:       |                          ^
warning: bun_uws_sys@0.1.15: /home/putao/code/rust/bao/src/uws_sys/csrc/bun-usockets/src/libusockets.h:261:26: note: insert '_Nullable' if the pointer may be null
warning: bun_uws_sys@0.1.15:   261 |     struct us_socket_t *(*on_end)(us_socket_r);
warning: bun_uws_sys@0.1.15:       |                          ^
warning: bun_uws_sys@0.1.15:       |                            _Nullable
warning: bun_uws_sys@0.1.15: /home/putao/code/rust/bao/src/uws_sys/csrc/bun-usockets/src/libusockets.h:261:26: note: insert '_Nonnull' if the pointer should never be null
warning: bun_uws_sys@0.1.15:   261 |     struct us_socket_t *(*on_end)(us_socket_r);
warning: bun_uws_sys@0.1.15:       |                          ^
warning: bun_uws_sys@0.1.15:       |                            _Nonnull
warning: bun_uws_sys@0.1.15: /home/putao/code/rust/bao/src/uws_sys/csrc/bun-usockets/src/libusockets.h:262:24: warning: pointer is missing a nullability type specifier (_Nonnull, _Nullable, or _Null_unspecified) [-Wnullability-completeness]
warning: bun_uws_sys@0.1.15:   262 |     struct us_socket_t *(*on_connect_error)(us_socket_r, int code);
warning: bun_uws_sys@0.1.15:       |                        ^
warning: bun_uws_sys@0.1.15: /home/putao/code/rust/bao/src/uws_sys/csrc/bun-usockets/src/libusockets.h:262:24: note: insert '_Nullable' if the pointer may be null
warning: bun_uws_sys@0.1.15:   262 |     struct us_socket_t *(*on_connect_error)(us_socket_r, int code);
warning: bun_uws_sys@0.1.15:       |                        ^
warning: bun_uws_sys@0.1.15:       |                         _Nullable
warning: bun_uws_sys@0.1.15: /home/putao/code/rust/bao/src/uws_sys/csrc/bun-usockets/src/libusockets.h:262:24: note: insert '_Nonnull' if the pointer should never be null
warning: bun_uws_sys@0.1.15:   262 |     struct us_socket_t *(*on_connect_error)(us_socket_r, int code);
warning: bun_uws_sys@0.1.15:       |                        ^
warning: bun_uws_sys@0.1.15:       |                         _Nonnull
warning: bun_uws_sys@0.1.15: /home/putao/code/rust/bao/src/uws_sys/csrc/bun-usockets/src/libusockets.h:262:26: warning: pointer is missing a nullability type specifier (_Nonnull, _Nullable, or _Null_unspecified) [-Wnullability-completeness]
warning: bun_uws_sys@0.1.15:   262 |     struct us_socket_t *(*on_connect_error)(us_socket_r, int code);
warning: bun_uws_sys@0.1.15:       |                          ^
warning: bun_uws_sys@0.1.15: /home/putao/code/rust/bao/src/uws_sys/csrc/bun-usockets/src/libusockets.h:262:26: note: insert '_Nullable' if the pointer may be null
warning: bun_uws_sys@0.1.15:   262 |     struct us_socket_t *(*on_connect_error)(us_socket_r, int code);
warning: bun_uws_sys@0.1.15:       |                          ^
warning: bun_uws_sys@0.1.15:       |                            _Nullable
warning: bun_uws_sys@0.1.15: /home/putao/code/rust/bao/src/uws_sys/csrc/bun-usockets/src/libusockets.h:262:26: note: insert '_Nonnull' if the pointer should never be null
warning: bun_uws_sys@0.1.15:   262 |     struct us_socket_t *(*on_connect_error)(us_socket_r, int code);
warning: bun_uws_sys@0.1.15:       |                          ^
warning: bun_uws_sys@0.1.15:       |                            _Nonnull
warning: bun_uws_sys@0.1.15: /home/putao/code/rust/bao/src/uws_sys/csrc/bun-usockets/src/libusockets.h:263:89: warning: pointer is missing a nullability type specifier (_Nonnull, _Nullable, or _Null_unspecified) [-Wnullability-completeness]
warning: bun_uws_sys@0.1.15:   263 |     struct us_connecting_socket_t *(*on_connecting_error)(struct us_connecting_socket_t *, int code);
warning: bun_uws_sys@0.1.15:       |                                                                                         ^
warning: bun_uws_sys@0.1.15: /home/putao/code/rust/bao/src/uws_sys/csrc/bun-usockets/src/libusockets.h:263:89: note: insert '_Nullable' if the pointer may be null
warning: bun_uws_sys@0.1.15:   263 |     struct us_connecting_socket_t *(*on_connecting_error)(struct us_connecting_socket_t *, int code);
warning: bun_uws_sys@0.1.15:       |                                                                                         ^
warning: bun_uws_sys@0.1.15:       |                                                                                          _Nullable
warning: bun_uws_sys@0.1.15: /home/putao/code/rust/bao/src/uws_sys/csrc/bun-usockets/src/libusockets.h:263:89: note: insert '_Nonnull' if the pointer should never be null
warning: bun_uws_sys@0.1.15:   263 |     struct us_connecting_socket_t *(*on_connecting_error)(struct us_connecting_socket_t *, int code);
warning: bun_uws_sys@0.1.15:       |                                                                                         ^
warning: bun_uws_sys@0.1.15:       |                                                                                          _Nonnull
warning: bun_uws_sys@0.1.15: /home/putao/code/rust/bao/src/uws_sys/csrc/bun-usockets/src/libusockets.h:263:35: warning: pointer is missing a nullability type specifier (_Nonnull, _Nullable, or _Null_unspecified) [-Wnullability-completeness]
warning: bun_uws_sys@0.1.15:   263 |     struct us_connecting_socket_t *(*on_connecting_error)(struct us_connecting_socket_t *, int code);
warning: bun_uws_sys@0.1.15:       |                                   ^
warning: bun_uws_sys@0.1.15: /home/putao/code/rust/bao/src/uws_sys/csrc/bun-usockets/src/libusockets.h:263:35: note: insert '_Nullable' if the pointer may be null
warning: bun_uws_sys@0.1.15:   263 |     struct us_connecting_socket_t *(*on_connecting_error)(struct us_connecting_socket_t *, int code);
warning: bun_uws_sys@0.1.15:       |                                   ^
warning: bun_uws_sys@0.1.15:       |                                    _Nullable
warning: bun_uws_sys@0.1.15: /home/putao/code/rust/bao/src/uws_sys/csrc/bun-usockets/src/libusockets.h:263:35: note: insert '_Nonnull' if the pointer should never be null
warning: bun_uws_sys@0.1.15:   263 |     struct us_connecting_socket_t *(*on_connecting_error)(struct us_connecting_socket_t *, int code);
warning: bun_uws_sys@0.1.15:       |                                   ^
warning: bun_uws_sys@0.1.15:       |                                    _Nonnull
warning: bun_uws_sys@0.1.15: /home/putao/code/rust/bao/src/uws_sys/csrc/bun-usockets/src/libusockets.h:263:37: warning: pointer is missing a nullability type specifier (_Nonnull, _Nullable, or _Null_unspecified) [-Wnullability-completeness]
warning: bun_uws_sys@0.1.15:   263 |     struct us_connecting_socket_t *(*on_connecting_error)(struct us_connecting_socket_t *, int code);
warning: bun_uws_sys@0.1.15:       |                                     ^
warning: bun_uws_sys@0.1.15: /home/putao/code/rust/bao/src/uws_sys/csrc/bun-usockets/src/libusockets.h:263:37: note: insert '_Nullable' if the pointer may be null
warning: bun_uws_sys@0.1.15:   263 |     struct us_connecting_socket_t *(*on_connecting_error)(struct us_connecting_socket_t *, int code);
warning: bun_uws_sys@0.1.15:       |                                     ^
warning: bun_uws_sys@0.1.15:       |                                       _Nullable
warning: bun_uws_sys@0.1.15: /home/putao/code/rust/bao/src/uws_sys/csrc/bun-usockets/src/libusockets.h:263:37: note: insert '_Nonnull' if the pointer should never be null
warning: bun_uws_sys@0.1.15:   263 |     struct us_connecting_socket_t *(*on_connecting_error)(struct us_connecting_socket_t *, int code);
warning: bun_uws_sys@0.1.15:       |                                     ^
warning: bun_uws_sys@0.1.15:       |                                       _Nonnull
warning: bun_uws_sys@0.1.15: /home/putao/code/rust/bao/src/uws_sys/csrc/bun-usockets/src/libusockets.h:264:87: warning: pointer is missing a nullability type specifier (_Nonnull, _Nullable, or _Null_unspecified) [-Wnullability-completeness]
warning: bun_uws_sys@0.1.15:   264 |     void (*on_handshake)(us_socket_r, int success, struct us_bun_verify_error_t, void *custom_data);
warning: bun_uws_sys@0.1.15:       |                                                                                       ^
warning: bun_uws_sys@0.1.15: /home/putao/code/rust/bao/src/uws_sys/csrc/bun-usockets/src/libusockets.h:264:87: note: insert '_Nullable' if the pointer may be null
warning: bun_uws_sys@0.1.15:   264 |     void (*on_handshake)(us_socket_r, int success, struct us_bun_verify_error_t, void *custom_data);
warning: bun_uws_sys@0.1.15:       |                                                                                       ^
warning: bun_uws_sys@0.1.15:       |                                                                                         _Nullable
warning: bun_uws_sys@0.1.15: /home/putao/code/rust/bao/src/uws_sys/csrc/bun-usockets/src/libusockets.h:264:87: note: insert '_Nonnull' if the pointer should never be null
warning: bun_uws_sys@0.1.15:   264 |     void (*on_handshake)(us_socket_r, int success, struct us_bun_verify_error_t, void *custom_data);
warning: bun_uws_sys@0.1.15:       |                                                                                       ^
warning: bun_uws_sys@0.1.15:       |                                                                                         _Nonnull
warning: bun_uws_sys@0.1.15: /home/putao/code/rust/bao/src/uws_sys/csrc/bun-usockets/src/libusockets.h:264:11: warning: pointer is missing a nullability type specifier (_Nonnull, _Nullable, or _Null_unspecified) [-Wnullability-completeness]
warning: bun_uws_sys@0.1.15:   264 |     void (*on_handshake)(us_socket_r, int success, struct us_bun_verify_error_t, void *custom_data);
warning: bun_uws_sys@0.1.15:       |           ^
warning: bun_uws_sys@0.1.15: /home/putao/code/rust/bao/src/uws_sys/csrc/bun-usockets/src/libusockets.h:264:11: note: insert '_Nullable' if the pointer may be null
warning: bun_uws_sys@0.1.15:   264 |     void (*on_handshake)(us_socket_r, int success, struct us_bun_verify_error_t, void *custom_data);
warning: bun_uws_sys@0.1.15:       |           ^
warning: bun_uws_sys@0.1.15:       |             _Nullable
warning: bun_uws_sys@0.1.15: /home/putao/code/rust/bao/src/uws_sys/csrc/bun-usockets/src/libusockets.h:264:11: note: insert '_Nonnull' if the pointer should never be null
warning: bun_uws_sys@0.1.15:   264 |     void (*on_handshake)(us_socket_r, int success, struct us_bun_verify_error_t, void *custom_data);
warning: bun_uws_sys@0.1.15:       |           ^
warning: bun_uws_sys@0.1.15:       |             _Nonnull
warning: bun_uws_sys@0.1.15: /home/putao/code/rust/bao/src/uws_sys/csrc/bun-usockets/src/libusockets.h:270:22: warning: pointer is missing a nullability type specifier (_Nonnull, _Nullable, or _Null_unspecified) [-Wnullability-completeness]
warning: bun_uws_sys@0.1.15:   270 |     struct us_loop_t *loop;
warning: bun_uws_sys@0.1.15:       |                      ^
warning: bun_uws_sys@0.1.15: /home/putao/code/rust/bao/src/uws_sys/csrc/bun-usockets/src/libusockets.h:270:22: note: insert '_Nullable' if the pointer may be null
warning: bun_uws_sys@0.1.15:   270 |     struct us_loop_t *loop;
warning: bun_uws_sys@0.1.15:       |                      ^
warning: bun_uws_sys@0.1.15:       |                        _Nullable
warning: bun_uws_sys@0.1.15: /home/putao/code/rust/bao/src/uws_sys/csrc/bun-usockets/src/libusockets.h:270:22: note: insert '_Nonnull' if the pointer should never be null
warning: bun_uws_sys@0.1.15:   270 |     struct us_loop_t *loop;
warning: bun_uws_sys@0.1.15:       |                      ^
warning: bun_uws_sys@0.1.15:       |                        _Nonnull
warning: bun_uws_sys@0.1.15: /home/putao/code/rust/bao/src/uws_sys/csrc/bun-usockets/src/libusockets.h:271:37: warning: pointer is missing a nullability type specifier (_Nonnull, _Nullable, or _Null_unspecified) [-Wnullability-completeness]
warning: bun_uws_sys@0.1.15:   271 |     const struct us_socket_vtable_t *vtable;
warning: bun_uws_sys@0.1.15:       |                                     ^
warning: bun_uws_sys@0.1.15: /home/putao/code/rust/bao/src/uws_sys/csrc/bun-usockets/src/libusockets.h:271:37: note: insert '_Nullable' if the pointer may be null
warning: bun_uws_sys@0.1.15:   271 |     const struct us_socket_vtable_t *vtable;
warning: bun_uws_sys@0.1.15:       |                                     ^
warning: bun_uws_sys@0.1.15:       |                                       _Nullable
warning: bun_uws_sys@0.1.15: /home/putao/code/rust/bao/src/uws_sys/csrc/bun-usockets/src/libusockets.h:271:37: note: insert '_Nonnull' if the pointer should never be null
warning: bun_uws_sys@0.1.15:   271 |     const struct us_socket_vtable_t *vtable;
warning: bun_uws_sys@0.1.15:       |                                     ^
warning: bun_uws_sys@0.1.15:       |                                       _Nonnull
warning: bun_uws_sys@0.1.15: /home/putao/code/rust/bao/src/uws_sys/csrc/bun-usockets/src/libusockets.h:272:10: warning: pointer is missing a nullability type specifier (_Nonnull, _Nullable, or _Null_unspecified) [-Wnullability-completeness]
warning: bun_uws_sys@0.1.15:   272 |     void *ext;
warning: bun_uws_sys@0.1.15:       |          ^
warning: bun_uws_sys@0.1.15: /home/putao/code/rust/bao/src/uws_sys/csrc/bun-usockets/src/libusockets.h:272:10: note: insert '_Nullable' if the pointer may be null
warning: bun_uws_sys@0.1.15:   272 |     void *ext;
warning: bun_uws_sys@0.1.15:       |          ^
warning: bun_uws_sys@0.1.15:       |            _Nullable
warning: bun_uws_sys@0.1.15: /home/putao/code/rust/bao/src/uws_sys/csrc/bun-usockets/src/libusockets.h:272:10: note: insert '_Nonnull' if the pointer should never be null
warning: bun_uws_sys@0.1.15:   272 |     void *ext;
warning: bun_uws_sys@0.1.15:       |          ^
warning: bun_uws_sys@0.1.15:       |            _Nonnull
warning: bun_uws_sys@0.1.15: /home/putao/code/rust/bao/src/uws_sys/csrc/bun-usockets/src/libusockets.h:273:24: warning: pointer is missing a nullability type specifier (_Nonnull, _Nullable, or _Null_unspecified) [-Wnullability-completeness]
warning: bun_uws_sys@0.1.15:   273 |     struct us_socket_t *head_sockets;
warning: bun_uws_sys@0.1.15:       |                        ^
warning: bun_uws_sys@0.1.15: /home/putao/code/rust/bao/src/uws_sys/csrc/bun-usockets/src/libusockets.h:273:24: note: insert '_Nullable' if the pointer may be null
warning: bun_uws_sys@0.1.15:   273 |     struct us_socket_t *head_sockets;
warning: bun_uws_sys@0.1.15:       |                        ^
warning: bun_uws_sys@0.1.15:       |                          _Nullable
warning: bun_uws_sys@0.1.15: /home/putao/code/rust/bao/src/uws_sys/csrc/bun-usockets/src/libusockets.h:273:24: note: insert '_Nonnull' if the pointer should never be null
warning: bun_uws_sys@0.1.15:   273 |     struct us_socket_t *head_sockets;
warning: bun_uws_sys@0.1.15:       |                        ^
warning: bun_uws_sys@0.1.15:       |                          _Nonnull
warning: bun_uws_sys@0.1.15: /home/putao/code/rust/bao/src/uws_sys/csrc/bun-usockets/src/libusockets.h:274:35: warning: pointer is missing a nullability type specifier (_Nonnull, _Nullable, or _Null_unspecified) [-Wnullability-completeness]
warning: bun_uws_sys@0.1.15:   274 |     struct us_connecting_socket_t *head_connecting_sockets;
warning: bun_uws_sys@0.1.15:       |                                   ^
warning: bun_uws_sys@0.1.15: /home/putao/code/rust/bao/src/uws_sys/csrc/bun-usockets/src/libusockets.h:274:35: note: insert '_Nullable' if the pointer may be null
warning: bun_uws_sys@0.1.15:   274 |     struct us_connecting_socket_t *head_connecting_sockets;
warning: bun_uws_sys@0.1.15:       |                                   ^
warning: bun_uws_sys@0.1.15:       |                                     _Nullable
warning: bun_uws_sys@0.1.15: /home/putao/code/rust/bao/src/uws_sys/csrc/bun-usockets/src/libusockets.h:274:35: note: insert '_Nonnull' if the pointer should never be null
warning: bun_uws_sys@0.1.15:   274 |     struct us_connecting_socket_t *head_connecting_sockets;
warning: bun_uws_sys@0.1.15:       |                                   ^
warning: bun_uws_sys@0.1.15:       |                                     _Nonnull
warning: bun_uws_sys@0.1.15: /home/putao/code/rust/bao/src/uws_sys/csrc/bun-usockets/src/libusockets.h:275:31: warning: pointer is missing a nullability type specifier (_Nonnull, _Nullable, or _Null_unspecified) [-Wnullability-completeness]
warning: bun_uws_sys@0.1.15:   275 |     struct us_listen_socket_t *head_listen_sockets;
warning: bun_uws_sys@0.1.15:       |                               ^
warning: bun_uws_sys@0.1.15: /home/putao/code/rust/bao/src/uws_sys/csrc/bun-usockets/src/libusockets.h:275:31: note: insert '_Nullable' if the pointer may be null
warning: bun_uws_sys@0.1.15:   275 |     struct us_listen_socket_t *head_listen_sockets;
warning: bun_uws_sys@0.1.15:       |                               ^
warning: bun_uws_sys@0.1.15:       |                                 _Nullable
warning: bun_uws_sys@0.1.15: /home/putao/code/rust/bao/src/uws_sys/csrc/bun-usockets/src/libusockets.h:275:31: note: insert '_Nonnull' if the pointer should never be null
warning: bun_uws_sys@0.1.15:   275 |     struct us_listen_socket_t *head_listen_sockets;
warning: bun_uws_sys@0.1.15:       |                               ^
warning: bun_uws_sys@0.1.15:       |                                 _Nonnull
warning: bun_uws_sys@0.1.15: /home/putao/code/rust/bao/src/uws_sys/csrc/bun-usockets/src/libusockets.h:276:24: warning: pointer is missing a nullability type specifier (_Nonnull, _Nullable, or _Null_unspecified) [-Wnullability-completeness]
warning: bun_uws_sys@0.1.15:   276 |     struct us_socket_t *iterator;
warning: bun_uws_sys@0.1.15:       |                        ^
warning: bun_uws_sys@0.1.15: /home/putao/code/rust/bao/src/uws_sys/csrc/bun-usockets/src/libusockets.h:276:24: note: insert '_Nullable' if the pointer may be null
warning: bun_uws_sys@0.1.15:   276 |     struct us_socket_t *iterator;
warning: bun_uws_sys@0.1.15:       |                        ^
warning: bun_uws_sys@0.1.15:       |                          _Nullable
warning: bun_uws_sys@0.1.15: /home/putao/code/rust/bao/src/uws_sys/csrc/bun-usockets/src/libusockets.h:276:24: note: insert '_Nonnull' if the pointer should never be null
warning: bun_uws_sys@0.1.15:   276 |     struct us_socket_t *iterator;
warning: bun_uws_sys@0.1.15:       |                        ^
warning: bun_uws_sys@0.1.15:       |                          _Nonnull
warning: bun_uws_sys@0.1.15: /home/putao/code/rust/bao/src/uws_sys/csrc/bun-usockets/src/libusockets.h:277:30: warning: pointer is missing a nullability type specifier (_Nonnull, _Nullable, or _Null_unspecified) [-Wnullability-completeness]
warning: bun_uws_sys@0.1.15:   277 |     struct us_socket_group_t *prev, *next;
warning: bun_uws_sys@0.1.15:       |                              ^
warning: bun_uws_sys@0.1.15: /home/putao/code/rust/bao/src/uws_sys/csrc/bun-usockets/src/libusockets.h:277:30: note: insert '_Nullable' if the pointer may be null
warning: bun_uws_sys@0.1.15:   277 |     struct us_socket_group_t *prev, *next;
warning: bun_uws_sys@0.1.15:       |                              ^
warning: bun_uws_sys@0.1.15:       |                                _Nullable
warning: bun_uws_sys@0.1.15: /home/putao/code/rust/bao/src/uws_sys/csrc/bun-usockets/src/libusockets.h:277:30: note: insert '_Nonnull' if the pointer should never be null
warning: bun_uws_sys@0.1.15:   277 |     struct us_socket_group_t *prev, *next;
warning: bun_uws_sys@0.1.15:       |                              ^
warning: bun_uws_sys@0.1.15:       |                                _Nonnull
warning: bun_uws_sys@0.1.15: /home/putao/code/rust/bao/src/uws_sys/csrc/bun-usockets/src/libusockets.h:277:37: warning: pointer is missing a nullability type specifier (_Nonnull, _Nullable, or _Null_unspecified) [-Wnullability-completeness]
warning: bun_uws_sys@0.1.15:   277 |     struct us_socket_group_t *prev, *next;
warning: bun_uws_sys@0.1.15:       |                                     ^
warning: bun_uws_sys@0.1.15: /home/putao/code/rust/bao/src/uws_sys/csrc/bun-usockets/src/libusockets.h:277:37: note: insert '_Nullable' if the pointer may be null
warning: bun_uws_sys@0.1.15:   277 |     struct us_socket_group_t *prev, *next;
warning: bun_uws_sys@0.1.15:       |                                     ^
warning: bun_uws_sys@0.1.15:       |                                       _Nullable
warning: bun_uws_sys@0.1.15: /home/putao/code/rust/bao/src/uws_sys/csrc/bun-usockets/src/libusockets.h:277:37: note: insert '_Nonnull' if the pointer should never be null
warning: bun_uws_sys@0.1.15:   277 |     struct us_socket_group_t *prev, *next;
warning: bun_uws_sys@0.1.15:       |                                     ^
warning: bun_uws_sys@0.1.15:       |                                       _Nonnull
warning: bun_uws_sys@0.1.15: /home/putao/code/rust/bao/src/uws_sys/csrc/bun-usockets/src/libusockets.h:292:37: warning: pointer is missing a nullability type specifier (_Nonnull, _Nullable, or _Null_unspecified) [-Wnullability-completeness]
warning: bun_uws_sys@0.1.15:   292 |     const struct us_socket_vtable_t *vtable, void *ext) __attribute__((nonnull(1, 2)));
warning: bun_uws_sys@0.1.15:       |                                     ^
warning: bun_uws_sys@0.1.15: /home/putao/code/rust/bao/src/uws_sys/csrc/bun-usockets/src/libusockets.h:292:37: note: insert '_Nullable' if the pointer may be null
warning: bun_uws_sys@0.1.15:   292 |     const struct us_socket_vtable_t *vtable, void *ext) __attribute__((nonnull(1, 2)));
warning: bun_uws_sys@0.1.15:       |                                     ^
warning: bun_uws_sys@0.1.15:       |                                       _Nullable
warning: bun_uws_sys@0.1.15: /home/putao/code/rust/bao/src/uws_sys/csrc/bun-usockets/src/libusockets.h:292:37: note: insert '_Nonnull' if the pointer should never be null
warning: bun_uws_sys@0.1.15:   292 |     const struct us_socket_vtable_t *vtable, void *ext) __attribute__((nonnull(1, 2)));
warning: bun_uws_sys@0.1.15:       |                                     ^
warning: bun_uws_sys@0.1.15:       |                                       _Nonnull
warning: bun_uws_sys@0.1.15: /home/putao/code/rust/bao/src/uws_sys/csrc/bun-usockets/src/libusockets.h:292:51: warning: pointer is missing a nullability type specifier (_Nonnull, _Nullable, or _Null_unspecified) [-Wnullability-completeness]
warning: bun_uws_sys@0.1.15:   292 |     const struct us_socket_vtable_t *vtable, void *ext) __attribute__((nonnull(1, 2)));
warning: bun_uws_sys@0.1.15:       |                                                   ^
warning: bun_uws_sys@0.1.15: /home/putao/code/rust/bao/src/uws_sys/csrc/bun-usockets/src/libusockets.h:292:51: note: insert '_Nullable' if the pointer may be null
warning: bun_uws_sys@0.1.15:   292 |     const struct us_socket_vtable_t *vtable, void *ext) __attribute__((nonnull(1, 2)));
warning: bun_uws_sys@0.1.15:       |                                                   ^
warning: bun_uws_sys@0.1.15:       |                                                     _Nullable
warning: bun_uws_sys@0.1.15: /home/putao/code/rust/bao/src/uws_sys/csrc/bun-usockets/src/libusockets.h:292:51: note: insert '_Nonnull' if the pointer should never be null
warning: bun_uws_sys@0.1.15:   292 |     const struct us_socket_vtable_t *vtable, void *ext) __attribute__((nonnull(1, 2)));
warning: bun_uws_sys@0.1.15:       |                                                   ^
warning: bun_uws_sys@0.1.15:       |                                                     _Nonnull
warning: bun_uws_sys@0.1.15: /home/putao/code/rust/bao/src/uws_sys/csrc/bun-usockets/src/libusockets.h:313:18: warning: pointer is missing a nullability type specifier (_Nonnull, _Nullable, or _Null_unspecified) [-Wnullability-completeness]
warning: bun_uws_sys@0.1.15:   313 | struct us_loop_t *us_socket_group_loop(us_socket_group_r group) nonnull_fn_decl __attribute((returns_nonnull));
warning: bun_uws_sys@0.1.15:       |                  ^
warning: bun_uws_sys@0.1.15: /home/putao/code/rust/bao/src/uws_sys/csrc/bun-usockets/src/libusockets.h:313:18: note: insert '_Nullable' if the pointer may be null
warning: bun_uws_sys@0.1.15:   313 | struct us_loop_t *us_socket_group_loop(us_socket_group_r group) nonnull_fn_decl __attribute((returns_nonnull));
warning: bun_uws_sys@0.1.15:       |                  ^
warning: bun_uws_sys@0.1.15:       |                    _Nullable
warning: bun_uws_sys@0.1.15: /home/putao/code/rust/bao/src/uws_sys/csrc/bun-usockets/src/libusockets.h:313:18: note: insert '_Nonnull' if the pointer should never be null
warning: bun_uws_sys@0.1.15:   313 | struct us_loop_t *us_socket_group_loop(us_socket_group_r group) nonnull_fn_decl __attribute((returns_nonnull));
warning: bun_uws_sys@0.1.15:       |                  ^
warning: bun_uws_sys@0.1.15:       |                    _Nonnull
warning: bun_uws_sys@0.1.15: /home/putao/code/rust/bao/src/uws_sys/csrc/bun-usockets/src/libusockets.h:314:6: warning: pointer is missing a nullability type specifier (_Nonnull, _Nullable, or _Null_unspecified) [-Wnullability-completeness]
warning: bun_uws_sys@0.1.15:   314 | void *us_socket_group_ext(us_socket_group_r group) nonnull_fn_decl;
warning: bun_uws_sys@0.1.15:       |      ^
warning: bun_uws_sys@0.1.15: /home/putao/code/rust/bao/src/uws_sys/csrc/bun-usockets/src/libusockets.h:314:6: note: insert '_Nullable' if the pointer may be null
warning: bun_uws_sys@0.1.15:   314 | void *us_socket_group_ext(us_socket_group_r group) nonnull_fn_decl;
warning: bun_uws_sys@0.1.15:       |      ^
warning: bun_uws_sys@0.1.15:       |        _Nullable
warning: bun_uws_sys@0.1.15: /home/putao/code/rust/bao/src/uws_sys/csrc/bun-usockets/src/libusockets.h:314:6: note: insert '_Nonnull' if the pointer should never be null
warning: bun_uws_sys@0.1.15:   314 | void *us_socket_group_ext(us_socket_group_r group) nonnull_fn_decl;
warning: bun_uws_sys@0.1.15:       |      ^
warning: bun_uws_sys@0.1.15:       |        _Nonnull
warning: bun_uws_sys@0.1.15: /home/putao/code/rust/bao/src/uws_sys/csrc/bun-usockets/src/libusockets.h:315:26: warning: pointer is missing a nullability type specifier (_Nonnull, _Nullable, or _Null_unspecified) [-Wnullability-completeness]
warning: bun_uws_sys@0.1.15:   315 | struct us_socket_group_t *us_socket_group_next(us_socket_group_r group) nonnull_fn_decl;
warning: bun_uws_sys@0.1.15:       |                          ^
warning: bun_uws_sys@0.1.15: /home/putao/code/rust/bao/src/uws_sys/csrc/bun-usockets/src/libusockets.h:315:26: note: insert '_Nullable' if the pointer may be null
warning: bun_uws_sys@0.1.15:   315 | struct us_socket_group_t *us_socket_group_next(us_socket_group_r group) nonnull_fn_decl;
warning: bun_uws_sys@0.1.15:       |                          ^
warning: bun_uws_sys@0.1.15:       |                            _Nullable
warning: bun_uws_sys@0.1.15: /home/putao/code/rust/bao/src/uws_sys/csrc/bun-usockets/src/libusockets.h:315:26: note: insert '_Nonnull' if the pointer should never be null
warning: bun_uws_sys@0.1.15:   315 | struct us_socket_group_t *us_socket_group_next(us_socket_group_r group) nonnull_fn_decl;
warning: bun_uws_sys@0.1.15:       |                          ^
warning: bun_uws_sys@0.1.15:       |                            _Nonnull
warning: bun_uws_sys@0.1.15: /home/putao/code/rust/bao/src/uws_sys/csrc/bun-usockets/src/libusockets.h:320:20: warning: pointer is missing a nullability type specifier (_Nonnull, _Nullable, or _Null_unspecified) [-Wnullability-completeness]
warning: bun_uws_sys@0.1.15:   320 | struct us_socket_t *us_socket_adopt(us_socket_r s, us_socket_group_r group,
warning: bun_uws_sys@0.1.15:       |                    ^
warning: bun_uws_sys@0.1.15: /home/putao/code/rust/bao/src/uws_sys/csrc/bun-usockets/src/libusockets.h:320:20: note: insert '_Nullable' if the pointer may be null
warning: bun_uws_sys@0.1.15:   320 | struct us_socket_t *us_socket_adopt(us_socket_r s, us_socket_group_r group,
warning: bun_uws_sys@0.1.15:       |                    ^
warning: bun_uws_sys@0.1.15:       |                      _Nullable
warning: bun_uws_sys@0.1.15: /home/putao/code/rust/bao/src/uws_sys/csrc/bun-usockets/src/libusockets.h:320:20: note: insert '_Nonnull' if the pointer should never be null
warning: bun_uws_sys@0.1.15:   320 | struct us_socket_t *us_socket_adopt(us_socket_r s, us_socket_group_r group,
warning: bun_uws_sys@0.1.15:       |                    ^
warning: bun_uws_sys@0.1.15:       |                      _Nonnull
warning: bun_uws_sys@0.1.15: /home/putao/code/rust/bao/src/uws_sys/csrc/bun-usockets/src/libusockets.h:327:43: warning: pointer is missing a nullability type specifier (_Nonnull, _Nullable, or _Null_unspecified) [-Wnullability-completeness]
warning: bun_uws_sys@0.1.15:   327 |     unsigned char kind, struct ssl_ctx_st *ssl_ctx, const char *sni,
warning: bun_uws_sys@0.1.15:       |                                           ^
warning: bun_uws_sys@0.1.15: /home/putao/code/rust/bao/src/uws_sys/csrc/bun-usockets/src/libusockets.h:327:43: note: insert '_Nullable' if the pointer may be null
warning: bun_uws_sys@0.1.15:   327 |     unsigned char kind, struct ssl_ctx_st *ssl_ctx, const char *sni,
warning: bun_uws_sys@0.1.15:       |                                           ^
warning: bun_uws_sys@0.1.15:       |                                             _Nullable
warning: bun_uws_sys@0.1.15: /home/putao/code/rust/bao/src/uws_sys/csrc/bun-usockets/src/libusockets.h:327:43: note: insert '_Nonnull' if the pointer should never be null
warning: bun_uws_sys@0.1.15:   327 |     unsigned char kind, struct ssl_ctx_st *ssl_ctx, const char *sni,
warning: bun_uws_sys@0.1.15:       |                                           ^
warning: bun_uws_sys@0.1.15:       |                                             _Nonnull
warning: bun_uws_sys@0.1.15: /home/putao/code/rust/bao/src/uws_sys/csrc/bun-usockets/src/libusockets.h:327:64: warning: pointer is missing a nullability type specifier (_Nonnull, _Nullable, or _Null_unspecified) [-Wnullability-completeness]
warning: bun_uws_sys@0.1.15:   327 |     unsigned char kind, struct ssl_ctx_st *ssl_ctx, const char *sni,
warning: bun_uws_sys@0.1.15:       |                                                                ^
warning: bun_uws_sys@0.1.15: /home/putao/code/rust/bao/src/uws_sys/csrc/bun-usockets/src/libusockets.h:327:64: note: insert '_Nullable' if the pointer may be null
warning: bun_uws_sys@0.1.15:   327 |     unsigned char kind, struct ssl_ctx_st *ssl_ctx, const char *sni,
warning: bun_uws_sys@0.1.15:       |                                                                ^
warning: bun_uws_sys@0.1.15:       |                                                                  _Nullable
warning: bun_uws_sys@0.1.15: /home/putao/code/rust/bao/src/uws_sys/csrc/bun-usockets/src/libusockets.h:327:64: note: insert '_Nonnull' if the pointer should never be null
warning: bun_uws_sys@0.1.15:   327 |     unsigned char kind, struct ssl_ctx_st *ssl_ctx, const char *sni,
warning: bun_uws_sys@0.1.15:       |                                                                ^
warning: bun_uws_sys@0.1.15:       |                                                                  _Nonnull
warning: bun_uws_sys@0.1.15: /home/putao/code/rust/bao/src/uws_sys/csrc/bun-usockets/src/libusockets.h:326:20: warning: pointer is missing a nullability type specifier (_Nonnull, _Nullable, or _Null_unspecified) [-Wnullability-completeness]
warning: bun_uws_sys@0.1.15:   326 | struct us_socket_t *us_socket_adopt_tls(us_socket_r s, us_socket_group_r group,
warning: bun_uws_sys@0.1.15:       |                    ^
warning: bun_uws_sys@0.1.15: /home/putao/code/rust/bao/src/uws_sys/csrc/bun-usockets/src/libusockets.h:326:20: note: insert '_Nullable' if the pointer may be null
warning: bun_uws_sys@0.1.15:   326 | struct us_socket_t *us_socket_adopt_tls(us_socket_r s, us_socket_group_r group,
warning: bun_uws_sys@0.1.15:       |                    ^
warning: bun_uws_sys@0.1.15:       |                      _Nullable
warning: bun_uws_sys@0.1.15: /home/putao/code/rust/bao/src/uws_sys/csrc/bun-usockets/src/libusockets.h:326:20: note: insert '_Nonnull' if the pointer should never be null
warning: bun_uws_sys@0.1.15:   326 | struct us_socket_t *us_socket_adopt_tls(us_socket_r s, us_socket_group_r group,
warning: bun_uws_sys@0.1.15:       |                    ^
warning: bun_uws_sys@0.1.15:       |                      _Nonnull
warning: bun_uws_sys@0.1.15: /home/putao/code/rust/bao/src/uws_sys/csrc/bun-usockets/src/libusockets.h:338:43: warning: pointer is missing a nullability type specifier (_Nonnull, _Nullable, or _Null_unspecified) [-Wnullability-completeness]
warning: bun_uws_sys@0.1.15:   338 |     unsigned char kind, struct ssl_ctx_st *ssl_ctx,
warning: bun_uws_sys@0.1.15:       |                                           ^
warning: bun_uws_sys@0.1.15: /home/putao/code/rust/bao/src/uws_sys/csrc/bun-usockets/src/libusockets.h:338:43: note: insert '_Nullable' if the pointer may be null
warning: bun_uws_sys@0.1.15:   338 |     unsigned char kind, struct ssl_ctx_st *ssl_ctx,
warning: bun_uws_sys@0.1.15:       |                                           ^
warning: bun_uws_sys@0.1.15:       |                                             _Nullable
warning: bun_uws_sys@0.1.15: /home/putao/code/rust/bao/src/uws_sys/csrc/bun-usockets/src/libusockets.h:338:43: note: insert '_Nonnull' if the pointer should never be null
warning: bun_uws_sys@0.1.15:   338 |     unsigned char kind, struct ssl_ctx_st *ssl_ctx,
warning: bun_uws_sys@0.1.15:       |                                           ^
warning: bun_uws_sys@0.1.15:       |                                             _Nonnull
warning: bun_uws_sys@0.1.15: /home/putao/code/rust/bao/src/uws_sys/csrc/bun-usockets/src/libusockets.h:339:16: warning: pointer is missing a nullability type specifier (_Nonnull, _Nullable, or _Null_unspecified) [-Wnullability-completeness]
warning: bun_uws_sys@0.1.15:   339 |     const char *host, int port, int options, int socket_ext_size, int *error)
warning: bun_uws_sys@0.1.15:       |                ^
warning: bun_uws_sys@0.1.15: /home/putao/code/rust/bao/src/uws_sys/csrc/bun-usockets/src/libusockets.h:339:16: note: insert '_Nullable' if the pointer may be null
warning: bun_uws_sys@0.1.15:   339 |     const char *host, int port, int options, int socket_ext_size, int *error)
warning: bun_uws_sys@0.1.15:       |                ^
warning: bun_uws_sys@0.1.15:       |                  _Nullable
warning: bun_uws_sys@0.1.15: /home/putao/code/rust/bao/src/uws_sys/csrc/bun-usockets/src/libusockets.h:339:16: note: insert '_Nonnull' if the pointer should never be null
warning: bun_uws_sys@0.1.15:   339 |     const char *host, int port, int options, int socket_ext_size, int *error)
warning: bun_uws_sys@0.1.15:       |                ^
warning: bun_uws_sys@0.1.15:       |                  _Nonnull
warning: bun_uws_sys@0.1.15: /home/putao/code/rust/bao/src/uws_sys/csrc/bun-usockets/src/libusockets.h:339:71: warning: pointer is missing a nullability type specifier (_Nonnull, _Nullable, or _Null_unspecified) [-Wnullability-completeness]
warning: bun_uws_sys@0.1.15:   339 |     const char *host, int port, int options, int socket_ext_size, int *error)
warning: bun_uws_sys@0.1.15:       |                                                                       ^
warning: bun_uws_sys@0.1.15: /home/putao/code/rust/bao/src/uws_sys/csrc/bun-usockets/src/libusockets.h:339:71: note: insert '_Nullable' if the pointer may be null
warning: bun_uws_sys@0.1.15:   339 |     const char *host, int port, int options, int socket_ext_size, int *error)
warning: bun_uws_sys@0.1.15:       |                                                                       ^
warning: bun_uws_sys@0.1.15:       |                                                                         _Nullable
warning: bun_uws_sys@0.1.15: /home/putao/code/rust/bao/src/uws_sys/csrc/bun-usockets/src/libusockets.h:339:71: note: insert '_Nonnull' if the pointer should never be null
warning: bun_uws_sys@0.1.15:   339 |     const char *host, int port, int options, int socket_ext_size, int *error)
warning: bun_uws_sys@0.1.15:       |                                                                       ^
warning: bun_uws_sys@0.1.15:       |                                                                         _Nonnull
warning: bun_uws_sys@0.1.15: /home/putao/code/rust/bao/src/uws_sys/csrc/bun-usockets/src/libusockets.h:337:27: warning: pointer is missing a nullability type specifier (_Nonnull, _Nullable, or _Null_unspecified) [-Wnullability-completeness]
warning: bun_uws_sys@0.1.15:   337 | struct us_listen_socket_t *us_socket_group_listen(us_socket_group_r group,
warning: bun_uws_sys@0.1.15:       |                           ^
warning: bun_uws_sys@0.1.15: /home/putao/code/rust/bao/src/uws_sys/csrc/bun-usockets/src/libusockets.h:337:27: note: insert '_Nullable' if the pointer may be null
warning: bun_uws_sys@0.1.15:   337 | struct us_listen_socket_t *us_socket_group_listen(us_socket_group_r group,
warning: bun_uws_sys@0.1.15:       |                           ^
warning: bun_uws_sys@0.1.15:       |                             _Nullable
warning: bun_uws_sys@0.1.15: /home/putao/code/rust/bao/src/uws_sys/csrc/bun-usockets/src/libusockets.h:337:27: note: insert '_Nonnull' if the pointer should never be null
warning: bun_uws_sys@0.1.15:   337 | struct us_listen_socket_t *us_socket_group_listen(us_socket_group_r group,
warning: bun_uws_sys@0.1.15:       |                           ^
warning: bun_uws_sys@0.1.15:       |                             _Nonnull
warning: bun_uws_sys@0.1.15: /home/putao/code/rust/bao/src/uws_sys/csrc/bun-usockets/src/libusockets.h:342:43: warning: pointer is missing a nullability type specifier (_Nonnull, _Nullable, or _Null_unspecified) [-Wnullability-completeness]
warning: bun_uws_sys@0.1.15:   342 |     unsigned char kind, struct ssl_ctx_st *ssl_ctx,
warning: bun_uws_sys@0.1.15:       |                                           ^
warning: bun_uws_sys@0.1.15: /home/putao/code/rust/bao/src/uws_sys/csrc/bun-usockets/src/libusockets.h:342:43: note: insert '_Nullable' if the pointer may be null
warning: bun_uws_sys@0.1.15:   342 |     unsigned char kind, struct ssl_ctx_st *ssl_ctx,
warning: bun_uws_sys@0.1.15:       |                                           ^
warning: bun_uws_sys@0.1.15:       |                                             _Nullable
warning: bun_uws_sys@0.1.15: /home/putao/code/rust/bao/src/uws_sys/csrc/bun-usockets/src/libusockets.h:342:43: note: insert '_Nonnull' if the pointer should never be null
warning: bun_uws_sys@0.1.15:   342 |     unsigned char kind, struct ssl_ctx_st *ssl_ctx,
warning: bun_uws_sys@0.1.15:       |                                           ^
warning: bun_uws_sys@0.1.15:       |                                             _Nonnull
warning: bun_uws_sys@0.1.15: /home/putao/code/rust/bao/src/uws_sys/csrc/bun-usockets/src/libusockets.h:343:16: warning: pointer is missing a nullability type specifier (_Nonnull, _Nullable, or _Null_unspecified) [-Wnullability-completeness]
warning: bun_uws_sys@0.1.15:   343 |     const char *path, size_t pathlen, int options, int socket_ext_size, int *error)
warning: bun_uws_sys@0.1.15:       |                ^
warning: bun_uws_sys@0.1.15: /home/putao/code/rust/bao/src/uws_sys/csrc/bun-usockets/src/libusockets.h:343:16: note: insert '_Nullable' if the pointer may be null
warning: bun_uws_sys@0.1.15:   343 |     const char *path, size_t pathlen, int options, int socket_ext_size, int *error)
warning: bun_uws_sys@0.1.15:       |                ^
warning: bun_uws_sys@0.1.15:       |                  _Nullable
warning: bun_uws_sys@0.1.15: /home/putao/code/rust/bao/src/uws_sys/csrc/bun-usockets/src/libusockets.h:343:16: note: insert '_Nonnull' if the pointer should never be null
warning: bun_uws_sys@0.1.15:   343 |     const char *path, size_t pathlen, int options, int socket_ext_size, int *error)
warning: bun_uws_sys@0.1.15:       |                ^
warning: bun_uws_sys@0.1.15:       |                  _Nonnull
warning: bun_uws_sys@0.1.15: /home/putao/code/rust/bao/src/uws_sys/csrc/bun-usockets/src/libusockets.h:343:77: warning: pointer is missing a nullability type specifier (_Nonnull, _Nullable, or _Null_unspecified) [-Wnullability-completeness]
warning: bun_uws_sys@0.1.15:   343 |     const char *path, size_t pathlen, int options, int socket_ext_size, int *error)
warning: bun_uws_sys@0.1.15:       |                                                                             ^
warning: bun_uws_sys@0.1.15: /home/putao/code/rust/bao/src/uws_sys/csrc/bun-usockets/src/libusockets.h:343:77: note: insert '_Nullable' if the pointer may be null
warning: bun_uws_sys@0.1.15:   343 |     const char *path, size_t pathlen, int options, int socket_ext_size, int *error)
warning: bun_uws_sys@0.1.15:       |                                                                             ^
warning: bun_uws_sys@0.1.15:       |                                                                               _Nullable
warning: bun_uws_sys@0.1.15: /home/putao/code/rust/bao/src/uws_sys/csrc/bun-usockets/src/libusockets.h:343:77: note: insert '_Nonnull' if the pointer should never be null
warning: bun_uws_sys@0.1.15:   343 |     const char *path, size_t pathlen, int options, int socket_ext_size, int *error)
warning: bun_uws_sys@0.1.15:       |                                                                             ^
warning: bun_uws_sys@0.1.15:       |                                                                               _Nonnull
warning: bun_uws_sys@0.1.15: /home/putao/code/rust/bao/src/uws_sys/csrc/bun-usockets/src/libusockets.h:341:27: warning: pointer is missing a nullability type specifier (_Nonnull, _Nullable, or _Null_unspecified) [-Wnullability-completeness]
warning: bun_uws_sys@0.1.15:   341 | struct us_listen_socket_t *us_socket_group_listen_unix(us_socket_group_r group,
warning: bun_uws_sys@0.1.15:       |                           ^
warning: bun_uws_sys@0.1.15: /home/putao/code/rust/bao/src/uws_sys/csrc/bun-usockets/src/libusockets.h:341:27: note: insert '_Nullable' if the pointer may be null
warning: bun_uws_sys@0.1.15:   341 | struct us_listen_socket_t *us_socket_group_listen_unix(us_socket_group_r group,
warning: bun_uws_sys@0.1.15:       |                           ^
warning: bun_uws_sys@0.1.15:       |                             _Nullable
warning: bun_uws_sys@0.1.15: /home/putao/code/rust/bao/src/uws_sys/csrc/bun-usockets/src/libusockets.h:341:27: note: insert '_Nonnull' if the pointer should never be null
warning: bun_uws_sys@0.1.15:   341 | struct us_listen_socket_t *us_socket_group_listen_unix(us_socket_group_r group,
warning: bun_uws_sys@0.1.15:       |                           ^
warning: bun_uws_sys@0.1.15:       |                             _Nonnull
warning: bun_uws_sys@0.1.15: /home/putao/code/rust/bao/src/uws_sys/csrc/bun-usockets/src/libusockets.h:345:55: warning: pointer is missing a nullability type specifier (_Nonnull, _Nullable, or _Null_unspecified) [-Wnullability-completeness]
warning: bun_uws_sys@0.1.15:   345 | void us_listen_socket_close(struct us_listen_socket_t *ls) nonnull_fn_decl;
warning: bun_uws_sys@0.1.15:       |                                                       ^
warning: bun_uws_sys@0.1.15: /home/putao/code/rust/bao/src/uws_sys/csrc/bun-usockets/src/libusockets.h:345:55: note: insert '_Nullable' if the pointer may be null
warning: bun_uws_sys@0.1.15:   345 | void us_listen_socket_close(struct us_listen_socket_t *ls) nonnull_fn_decl;
warning: bun_uws_sys@0.1.15:       |                                                       ^
warning: bun_uws_sys@0.1.15:       |                                                         _Nullable
warning: bun_uws_sys@0.1.15: /home/putao/code/rust/bao/src/uws_sys/csrc/bun-usockets/src/libusockets.h:345:55: note: insert '_Nonnull' if the pointer should never be null
warning: bun_uws_sys@0.1.15:   345 | void us_listen_socket_close(struct us_listen_socket_t *ls) nonnull_fn_decl;
warning: bun_uws_sys@0.1.15:       |                                                       ^
warning: bun_uws_sys@0.1.15:       |                                                         _Nonnull
warning: bun_uws_sys@0.1.15: /home/putao/code/rust/bao/src/uws_sys/csrc/bun-usockets/src/libusockets.h:349:64: warning: pointer is missing a nullability type specifier (_Nonnull, _Nullable, or _Null_unspecified) [-Wnullability-completeness]
warning: bun_uws_sys@0.1.15:   349 | int us_listen_socket_add_server_name(struct us_listen_socket_t *ls,
warning: bun_uws_sys@0.1.15:       |                                                                ^
warning: bun_uws_sys@0.1.15: /home/putao/code/rust/bao/src/uws_sys/csrc/bun-usockets/src/libusockets.h:349:64: note: insert '_Nullable' if the pointer may be null
warning: bun_uws_sys@0.1.15:   349 | int us_listen_socket_add_server_name(struct us_listen_socket_t *ls,
warning: bun_uws_sys@0.1.15:       |                                                                ^
warning: bun_uws_sys@0.1.15:       |                                                                  _Nullable
warning: bun_uws_sys@0.1.15: /home/putao/code/rust/bao/src/uws_sys/csrc/bun-usockets/src/libusockets.h:349:64: note: insert '_Nonnull' if the pointer should never be null
warning: bun_uws_sys@0.1.15:   349 | int us_listen_socket_add_server_name(struct us_listen_socket_t *ls,
warning: bun_uws_sys@0.1.15:       |                                                                ^
warning: bun_uws_sys@0.1.15:       |                                                                  _Nonnull
warning: bun_uws_sys@0.1.15: /home/putao/code/rust/bao/src/uws_sys/csrc/bun-usockets/src/libusockets.h:350:16: warning: pointer is missing a nullability type specifier (_Nonnull, _Nullable, or _Null_unspecified) [-Wnullability-completeness]
warning: bun_uws_sys@0.1.15:   350 |     const char *hostname_pattern, struct ssl_ctx_st *ssl_ctx, void *user)
warning: bun_uws_sys@0.1.15:       |                ^
warning: bun_uws_sys@0.1.15: /home/putao/code/rust/bao/src/uws_sys/csrc/bun-usockets/src/libusockets.h:350:16: note: insert '_Nullable' if the pointer may be null
warning: bun_uws_sys@0.1.15:   350 |     const char *hostname_pattern, struct ssl_ctx_st *ssl_ctx, void *user)
warning: bun_uws_sys@0.1.15:       |                ^
warning: bun_uws_sys@0.1.15:       |                  _Nullable
warning: bun_uws_sys@0.1.15: /home/putao/code/rust/bao/src/uws_sys/csrc/bun-usockets/src/libusockets.h:350:16: note: insert '_Nonnull' if the pointer should never be null
warning: bun_uws_sys@0.1.15:   350 |     const char *hostname_pattern, struct ssl_ctx_st *ssl_ctx, void *user)
warning: bun_uws_sys@0.1.15:       |                ^
warning: bun_uws_sys@0.1.15:       |                  _Nonnull
warning: bun_uws_sys@0.1.15: /home/putao/code/rust/bao/src/uws_sys/csrc/bun-usockets/src/libusockets.h:350:53: warning: pointer is missing a nullability type specifier (_Nonnull, _Nullable, or _Null_unspecified) [-Wnullability-completeness]
warning: bun_uws_sys@0.1.15:   350 |     const char *hostname_pattern, struct ssl_ctx_st *ssl_ctx, void *user)
warning: bun_uws_sys@0.1.15:       |                                                     ^
warning: bun_uws_sys@0.1.15: /home/putao/code/rust/bao/src/uws_sys/csrc/bun-usockets/src/libusockets.h:350:53: note: insert '_Nullable' if the pointer may be null
warning: bun_uws_sys@0.1.15:   350 |     const char *hostname_pattern, struct ssl_ctx_st *ssl_ctx, void *user)
warning: bun_uws_sys@0.1.15:       |                                                     ^
warning: bun_uws_sys@0.1.15:       |                                                       _Nullable
warning: bun_uws_sys@0.1.15: /home/putao/code/rust/bao/src/uws_sys/csrc/bun-usockets/src/libusockets.h:350:53: note: insert '_Nonnull' if the pointer should never be null
warning: bun_uws_sys@0.1.15:   350 |     const char *hostname_pattern, struct ssl_ctx_st *ssl_ctx, void *user)
warning: bun_uws_sys@0.1.15:       |                                                     ^
warning: bun_uws_sys@0.1.15:       |                                                       _Nonnull
warning: bun_uws_sys@0.1.15: /home/putao/code/rust/bao/src/uws_sys/csrc/bun-usockets/src/libusockets.h:350:68: warning: pointer is missing a nullability type specifier (_Nonnull, _Nullable, or _Null_unspecified) [-Wnullability-completeness]
warning: bun_uws_sys@0.1.15:   350 |     const char *hostname_pattern, struct ssl_ctx_st *ssl_ctx, void *user)
warning: bun_uws_sys@0.1.15:       |                                                                    ^
warning: bun_uws_sys@0.1.15: /home/putao/code/rust/bao/src/uws_sys/csrc/bun-usockets/src/libusockets.h:350:68: note: insert '_Nullable' if the pointer may be null
warning: bun_uws_sys@0.1.15:   350 |     const char *hostname_pattern, struct ssl_ctx_st *ssl_ctx, void *user)
warning: bun_uws_sys@0.1.15:       |                                                                    ^
warning: bun_uws_sys@0.1.15:       |                                                                      _Nullable
warning: bun_uws_sys@0.1.15: /home/putao/code/rust/bao/src/uws_sys/csrc/bun-usockets/src/libusockets.h:350:68: note: insert '_Nonnull' if the pointer should never be null
warning: bun_uws_sys@0.1.15:   350 |     const char *hostname_pattern, struct ssl_ctx_st *ssl_ctx, void *user)
warning: bun_uws_sys@0.1.15:       |                                                                    ^
warning: bun_uws_sys@0.1.15:       |                                                                      _Nonnull
warning: bun_uws_sys@0.1.15: /home/putao/code/rust/bao/src/uws_sys/csrc/bun-usockets/src/libusockets.h:352:68: warning: pointer is missing a nullability type specifier (_Nonnull, _Nullable, or _Null_unspecified) [-Wnullability-completeness]
warning: bun_uws_sys@0.1.15:   352 | void us_listen_socket_remove_server_name(struct us_listen_socket_t *ls,
warning: bun_uws_sys@0.1.15:       |                                                                    ^
warning: bun_uws_sys@0.1.15: /home/putao/code/rust/bao/src/uws_sys/csrc/bun-usockets/src/libusockets.h:352:68: note: insert '_Nullable' if the pointer may be null
warning: bun_uws_sys@0.1.15:   352 | void us_listen_socket_remove_server_name(struct us_listen_socket_t *ls,
warning: bun_uws_sys@0.1.15:       |                                                                    ^
warning: bun_uws_sys@0.1.15:       |                                                                      _Nullable
warning: bun_uws_sys@0.1.15: /home/putao/code/rust/bao/src/uws_sys/csrc/bun-usockets/src/libusockets.h:352:68: note: insert '_Nonnull' if the pointer should never be null
warning: bun_uws_sys@0.1.15:   352 | void us_listen_socket_remove_server_name(struct us_listen_socket_t *ls,
warning: bun_uws_sys@0.1.15:       |                                                                    ^
warning: bun_uws_sys@0.1.15:       |                                                                      _Nonnull
warning: bun_uws_sys@0.1.15: /home/putao/code/rust/bao/src/uws_sys/csrc/bun-usockets/src/libusockets.h:353:16: warning: pointer is missing a nullability type specifier (_Nonnull, _Nullable, or _Null_unspecified) [-Wnullability-completeness]
warning: bun_uws_sys@0.1.15:   353 |     const char *hostname_pattern) nonnull_fn_decl;
warning: bun_uws_sys@0.1.15:       |                ^
warning: bun_uws_sys@0.1.15: /home/putao/code/rust/bao/src/uws_sys/csrc/bun-usockets/src/libusockets.h:353:16: note: insert '_Nullable' if the pointer may be null
warning: bun_uws_sys@0.1.15:   353 |     const char *hostname_pattern) nonnull_fn_decl;
warning: bun_uws_sys@0.1.15:       |                ^
warning: bun_uws_sys@0.1.15:       |                  _Nullable
warning: bun_uws_sys@0.1.15: /home/putao/code/rust/bao/src/uws_sys/csrc/bun-usockets/src/libusockets.h:353:16: note: insert '_Nonnull' if the pointer should never be null
warning: bun_uws_sys@0.1.15:   353 |     const char *hostname_pattern) nonnull_fn_decl;
warning: bun_uws_sys@0.1.15:       |                ^
warning: bun_uws_sys@0.1.15:       |                  _Nonnull
warning: bun_uws_sys@0.1.15: /home/putao/code/rust/bao/src/uws_sys/csrc/bun-usockets/src/libusockets.h:354:76: warning: pointer is missing a nullability type specifier (_Nonnull, _Nullable, or _Null_unspecified) [-Wnullability-completeness]
warning: bun_uws_sys@0.1.15:   354 | void *us_listen_socket_find_server_name_userdata(struct us_listen_socket_t *ls,
warning: bun_uws_sys@0.1.15:       |                                                                            ^
warning: bun_uws_sys@0.1.15: /home/putao/code/rust/bao/src/uws_sys/csrc/bun-usockets/src/libusockets.h:354:76: note: insert '_Nullable' if the pointer may be null
warning: bun_uws_sys@0.1.15:   354 | void *us_listen_socket_find_server_name_userdata(struct us_listen_socket_t *ls,
warning: bun_uws_sys@0.1.15:       |                                                                            ^
warning: bun_uws_sys@0.1.15:       |                                                                              _Nullable
warning: bun_uws_sys@0.1.15: /home/putao/code/rust/bao/src/uws_sys/csrc/bun-usockets/src/libusockets.h:354:76: note: insert '_Nonnull' if the pointer should never be null
warning: bun_uws_sys@0.1.15:   354 | void *us_listen_socket_find_server_name_userdata(struct us_listen_socket_t *ls,
warning: bun_uws_sys@0.1.15:       |                                                                            ^
warning: bun_uws_sys@0.1.15:       |                                                                              _Nonnull
warning: bun_uws_sys@0.1.15: /home/putao/code/rust/bao/src/uws_sys/csrc/bun-usockets/src/libusockets.h:355:16: warning: pointer is missing a nullability type specifier (_Nonnull, _Nullable, or _Null_unspecified) [-Wnullability-completeness]
warning: bun_uws_sys@0.1.15:   355 |     const char *hostname_pattern) nonnull_fn_decl;
warning: bun_uws_sys@0.1.15:       |                ^
warning: bun_uws_sys@0.1.15: /home/putao/code/rust/bao/src/uws_sys/csrc/bun-usockets/src/libusockets.h:355:16: note: insert '_Nullable' if the pointer may be null
warning: bun_uws_sys@0.1.15:   355 |     const char *hostname_pattern) nonnull_fn_decl;
warning: bun_uws_sys@0.1.15:       |                ^
warning: bun_uws_sys@0.1.15:       |                  _Nullable
warning: bun_uws_sys@0.1.15: /home/putao/code/rust/bao/src/uws_sys/csrc/bun-usockets/src/libusockets.h:355:16: note: insert '_Nonnull' if the pointer should never be null
warning: bun_uws_sys@0.1.15:   355 |     const char *hostname_pattern) nonnull_fn_decl;
warning: bun_uws_sys@0.1.15:       |                ^
warning: bun_uws_sys@0.1.15:       |                  _Nonnull
warning: bun_uws_sys@0.1.15: /home/putao/code/rust/bao/src/uws_sys/csrc/bun-usockets/src/libusockets.h:354:6: warning: pointer is missing a nullability type specifier (_Nonnull, _Nullable, or _Null_unspecified) [-Wnullability-completeness]
warning: bun_uws_sys@0.1.15:   354 | void *us_listen_socket_find_server_name_userdata(struct us_listen_socket_t *ls,
warning: bun_uws_sys@0.1.15:       |      ^
warning: bun_uws_sys@0.1.15: /home/putao/code/rust/bao/src/uws_sys/csrc/bun-usockets/src/libusockets.h:354:6: note: insert '_Nullable' if the pointer may be null
warning: bun_uws_sys@0.1.15:   354 | void *us_listen_socket_find_server_name_userdata(struct us_listen_socket_t *ls,
warning: bun_uws_sys@0.1.15:       |      ^
warning: bun_uws_sys@0.1.15:       |        _Nullable
warning: bun_uws_sys@0.1.15: /home/putao/code/rust/bao/src/uws_sys/csrc/bun-usockets/src/libusockets.h:354:6: note: insert '_Nonnull' if the pointer should never be null
warning: bun_uws_sys@0.1.15:   354 | void *us_listen_socket_find_server_name_userdata(struct us_listen_socket_t *ls,
warning: bun_uws_sys@0.1.15:       |      ^
warning: bun_uws_sys@0.1.15:       |        _Nonnull
warning: bun_uws_sys@0.1.15: /home/putao/code/rust/bao/src/uws_sys/csrc/bun-usockets/src/libusockets.h:356:64: warning: pointer is missing a nullability type specifier (_Nonnull, _Nullable, or _Null_unspecified) [-Wnullability-completeness]
warning: bun_uws_sys@0.1.15:   356 | void us_listen_socket_on_server_name(struct us_listen_socket_t *ls,
warning: bun_uws_sys@0.1.15:       |                                                                ^
warning: bun_uws_sys@0.1.15: /home/putao/code/rust/bao/src/uws_sys/csrc/bun-usockets/src/libusockets.h:356:64: note: insert '_Nullable' if the pointer may be null
warning: bun_uws_sys@0.1.15:   356 | void us_listen_socket_on_server_name(struct us_listen_socket_t *ls,
warning: bun_uws_sys@0.1.15:       |                                                                ^
warning: bun_uws_sys@0.1.15:       |                                                                  _Nullable
warning: bun_uws_sys@0.1.15: /home/putao/code/rust/bao/src/uws_sys/csrc/bun-usockets/src/libusockets.h:356:64: note: insert '_Nonnull' if the pointer should never be null
warning: bun_uws_sys@0.1.15:   356 | void us_listen_socket_on_server_name(struct us_listen_socket_t *ls,
warning: bun_uws_sys@0.1.15:       |                                                                ^
warning: bun_uws_sys@0.1.15:       |                                                                  _Nonnull
warning: bun_uws_sys@0.1.15: /home/putao/code/rust/bao/src/uws_sys/csrc/bun-usockets/src/libusockets.h:357:42: warning: pointer is missing a nullability type specifier (_Nonnull, _Nullable, or _Null_unspecified) [-Wnullability-completeness]
warning: bun_uws_sys@0.1.15:   357 |     void (*cb)(struct us_listen_socket_t *, const char *hostname)) nonnull_fn_decl;
warning: bun_uws_sys@0.1.15:       |                                          ^
warning: bun_uws_sys@0.1.15: /home/putao/code/rust/bao/src/uws_sys/csrc/bun-usockets/src/libusockets.h:357:42: note: insert '_Nullable' if the pointer may be null
warning: bun_uws_sys@0.1.15:   357 |     void (*cb)(struct us_listen_socket_t *, const char *hostname)) nonnull_fn_decl;
warning: bun_uws_sys@0.1.15:       |                                          ^
warning: bun_uws_sys@0.1.15:       |                                           _Nullable
warning: bun_uws_sys@0.1.15: /home/putao/code/rust/bao/src/uws_sys/csrc/bun-usockets/src/libusockets.h:357:42: note: insert '_Nonnull' if the pointer should never be null
warning: bun_uws_sys@0.1.15:   357 |     void (*cb)(struct us_listen_socket_t *, const char *hostname)) nonnull_fn_decl;
warning: bun_uws_sys@0.1.15:       |                                          ^
warning: bun_uws_sys@0.1.15:       |                                           _Nonnull
warning: bun_uws_sys@0.1.15: /home/putao/code/rust/bao/src/uws_sys/csrc/bun-usockets/src/libusockets.h:357:56: warning: pointer is missing a nullability type specifier (_Nonnull, _Nullable, or _Null_unspecified) [-Wnullability-completeness]
warning: bun_uws_sys@0.1.15:   357 |     void (*cb)(struct us_listen_socket_t *, const char *hostname)) nonnull_fn_decl;
warning: bun_uws_sys@0.1.15:       |                                                        ^
warning: bun_uws_sys@0.1.15: /home/putao/code/rust/bao/src/uws_sys/csrc/bun-usockets/src/libusockets.h:357:56: note: insert '_Nullable' if the pointer may be null
warning: bun_uws_sys@0.1.15:   357 |     void (*cb)(struct us_listen_socket_t *, const char *hostname)) nonnull_fn_decl;
warning: bun_uws_sys@0.1.15:       |                                                        ^
warning: bun_uws_sys@0.1.15:       |                                                          _Nullable
warning: bun_uws_sys@0.1.15: /home/putao/code/rust/bao/src/uws_sys/csrc/bun-usockets/src/libusockets.h:357:56: note: insert '_Nonnull' if the pointer should never be null
warning: bun_uws_sys@0.1.15:   357 |     void (*cb)(struct us_listen_socket_t *, const char *hostname)) nonnull_fn_decl;
warning: bun_uws_sys@0.1.15:       |                                                        ^
warning: bun_uws_sys@0.1.15:       |                                                          _Nonnull
warning: bun_uws_sys@0.1.15: /home/putao/code/rust/bao/src/uws_sys/csrc/bun-usockets/src/libusockets.h:357:11: warning: pointer is missing a nullability type specifier (_Nonnull, _Nullable, or _Null_unspecified) [-Wnullability-completeness]
warning: bun_uws_sys@0.1.15:   357 |     void (*cb)(struct us_listen_socket_t *, const char *hostname)) nonnull_fn_decl;
warning: bun_uws_sys@0.1.15:       |           ^
warning: bun_uws_sys@0.1.15: /home/putao/code/rust/bao/src/uws_sys/csrc/bun-usockets/src/libusockets.h:357:11: note: insert '_Nullable' if the pointer may be null
warning: bun_uws_sys@0.1.15:   357 |     void (*cb)(struct us_listen_socket_t *, const char *hostname)) nonnull_fn_decl;
warning: bun_uws_sys@0.1.15:       |           ^
warning: bun_uws_sys@0.1.15:       |             _Nullable
warning: bun_uws_sys@0.1.15: /home/putao/code/rust/bao/src/uws_sys/csrc/bun-usockets/src/libusockets.h:357:11: note: insert '_Nonnull' if the pointer should never be null
warning: bun_uws_sys@0.1.15:   357 |     void (*cb)(struct us_listen_socket_t *, const char *hostname)) nonnull_fn_decl;
warning: bun_uws_sys@0.1.15:       |           ^
warning: bun_uws_sys@0.1.15:       |             _Nonnull
warning: bun_uws_sys@0.1.15: /home/putao/code/rust/bao/src/uws_sys/csrc/bun-usockets/src/libusockets.h:358:6: warning: pointer is missing a nullability type specifier (_Nonnull, _Nullable, or _Null_unspecified) [-Wnullability-completeness]
warning: bun_uws_sys@0.1.15:   358 | void *us_socket_server_name_userdata(us_socket_r s);
warning: bun_uws_sys@0.1.15:       |      ^
warning: bun_uws_sys@0.1.15: /home/putao/code/rust/bao/src/uws_sys/csrc/bun-usockets/src/libusockets.h:358:6: note: insert '_Nullable' if the pointer may be null
warning: bun_uws_sys@0.1.15:   358 | void *us_socket_server_name_userdata(us_socket_r s);
warning: bun_uws_sys@0.1.15:       |      ^
warning: bun_uws_sys@0.1.15:       |        _Nullable
warning: bun_uws_sys@0.1.15: /home/putao/code/rust/bao/src/uws_sys/csrc/bun-usockets/src/libusockets.h:358:6: note: insert '_Nonnull' if the pointer should never be null
warning: bun_uws_sys@0.1.15:   358 | void *us_socket_server_name_userdata(us_socket_r s);
warning: bun_uws_sys@0.1.15:       |      ^
warning: bun_uws_sys@0.1.15:       |        _Nonnull
warning: bun_uws_sys@0.1.15: /home/putao/code/rust/bao/src/uws_sys/csrc/bun-usockets/src/libusockets.h:365:23: warning: pointer is missing a nullability type specifier (_Nonnull, _Nullable, or _Null_unspecified) [-Wnullability-completeness]
warning: bun_uws_sys@0.1.15:   365 |     struct ssl_ctx_st *ssl_ctx, const char *host, int port, int options,
warning: bun_uws_sys@0.1.15:       |                       ^
warning: bun_uws_sys@0.1.15: /home/putao/code/rust/bao/src/uws_sys/csrc/bun-usockets/src/libusockets.h:365:23: note: insert '_Nullable' if the pointer may be null
warning: bun_uws_sys@0.1.15:   365 |     struct ssl_ctx_st *ssl_ctx, const char *host, int port, int options,
warning: bun_uws_sys@0.1.15:       |                       ^
warning: bun_uws_sys@0.1.15:       |                         _Nullable
warning: bun_uws_sys@0.1.15: /home/putao/code/rust/bao/src/uws_sys/csrc/bun-usockets/src/libusockets.h:365:23: note: insert '_Nonnull' if the pointer should never be null
warning: bun_uws_sys@0.1.15:   365 |     struct ssl_ctx_st *ssl_ctx, const char *host, int port, int options,
warning: bun_uws_sys@0.1.15:       |                       ^
warning: bun_uws_sys@0.1.15:       |                         _Nonnull
warning: bun_uws_sys@0.1.15: /home/putao/code/rust/bao/src/uws_sys/csrc/bun-usockets/src/libusockets.h:365:44: warning: pointer is missing a nullability type specifier (_Nonnull, _Nullable, or _Null_unspecified) [-Wnullability-completeness]
warning: bun_uws_sys@0.1.15:   365 |     struct ssl_ctx_st *ssl_ctx, const char *host, int port, int options,
warning: bun_uws_sys@0.1.15:       |                                            ^
warning: bun_uws_sys@0.1.15: /home/putao/code/rust/bao/src/uws_sys/csrc/bun-usockets/src/libusockets.h:365:44: note: insert '_Nullable' if the pointer may be null
warning: bun_uws_sys@0.1.15:   365 |     struct ssl_ctx_st *ssl_ctx, const char *host, int port, int options,
warning: bun_uws_sys@0.1.15:       |                                            ^
warning: bun_uws_sys@0.1.15:       |                                              _Nullable
warning: bun_uws_sys@0.1.15: /home/putao/code/rust/bao/src/uws_sys/csrc/bun-usockets/src/libusockets.h:365:44: note: insert '_Nonnull' if the pointer should never be null
warning: bun_uws_sys@0.1.15:   365 |     struct ssl_ctx_st *ssl_ctx, const char *host, int port, int options,
warning: bun_uws_sys@0.1.15:       |                                            ^
warning: bun_uws_sys@0.1.15:       |                                              _Nonnull
warning: bun_uws_sys@0.1.15: /home/putao/code/rust/bao/src/uws_sys/csrc/bun-usockets/src/libusockets.h:366:30: warning: pointer is missing a nullability type specifier (_Nonnull, _Nullable, or _Null_unspecified) [-Wnullability-completeness]
warning: bun_uws_sys@0.1.15:   366 |     int socket_ext_size, int *is_connecting)
warning: bun_uws_sys@0.1.15:       |                              ^
warning: bun_uws_sys@0.1.15: /home/putao/code/rust/bao/src/uws_sys/csrc/bun-usockets/src/libusockets.h:366:30: note: insert '_Nullable' if the pointer may be null
warning: bun_uws_sys@0.1.15:   366 |     int socket_ext_size, int *is_connecting)
warning: bun_uws_sys@0.1.15:       |                              ^
warning: bun_uws_sys@0.1.15:       |                                _Nullable
warning: bun_uws_sys@0.1.15: /home/putao/code/rust/bao/src/uws_sys/csrc/bun-usockets/src/libusockets.h:366:30: note: insert '_Nonnull' if the pointer should never be null
warning: bun_uws_sys@0.1.15:   366 |     int socket_ext_size, int *is_connecting)
warning: bun_uws_sys@0.1.15:       |                              ^
warning: bun_uws_sys@0.1.15:       |                                _Nonnull
warning: bun_uws_sys@0.1.15: /home/putao/code/rust/bao/src/uws_sys/csrc/bun-usockets/src/libusockets.h:364:6: warning: pointer is missing a nullability type specifier (_Nonnull, _Nullable, or _Null_unspecified) [-Wnullability-completeness]
warning: bun_uws_sys@0.1.15:   364 | void *us_socket_group_connect(us_socket_group_r group, unsigned char kind,
warning: bun_uws_sys@0.1.15:       |      ^
warning: bun_uws_sys@0.1.15: /home/putao/code/rust/bao/src/uws_sys/csrc/bun-usockets/src/libusockets.h:364:6: note: insert '_Nullable' if the pointer may be null
warning: bun_uws_sys@0.1.15:   364 | void *us_socket_group_connect(us_socket_group_r group, unsigned char kind,
warning: bun_uws_sys@0.1.15:       |      ^
warning: bun_uws_sys@0.1.15:       |        _Nullable
warning: bun_uws_sys@0.1.15: /home/putao/code/rust/bao/src/uws_sys/csrc/bun-usockets/src/libusockets.h:364:6: note: insert '_Nonnull' if the pointer should never be null
warning: bun_uws_sys@0.1.15:   364 | void *us_socket_group_connect(us_socket_group_r group, unsigned char kind,
warning: bun_uws_sys@0.1.15:       |      ^
warning: bun_uws_sys@0.1.15:       |        _Nonnull
warning: bun_uws_sys@0.1.15: /home/putao/code/rust/bao/src/uws_sys/csrc/bun-usockets/src/libusockets.h:369:43: warning: pointer is missing a nullability type specifier (_Nonnull, _Nullable, or _Null_unspecified) [-Wnullability-completeness]
warning: bun_uws_sys@0.1.15:   369 |     unsigned char kind, struct ssl_ctx_st *ssl_ctx,
warning: bun_uws_sys@0.1.15:       |                                           ^
warning: bun_uws_sys@0.1.15: /home/putao/code/rust/bao/src/uws_sys/csrc/bun-usockets/src/libusockets.h:369:43: note: insert '_Nullable' if the pointer may be null
warning: bun_uws_sys@0.1.15:   369 |     unsigned char kind, struct ssl_ctx_st *ssl_ctx,
warning: bun_uws_sys@0.1.15:       |                                           ^
warning: bun_uws_sys@0.1.15:       |                                             _Nullable
warning: bun_uws_sys@0.1.15: /home/putao/code/rust/bao/src/uws_sys/csrc/bun-usockets/src/libusockets.h:369:43: note: insert '_Nonnull' if the pointer should never be null
warning: bun_uws_sys@0.1.15:   369 |     unsigned char kind, struct ssl_ctx_st *ssl_ctx,
warning: bun_uws_sys@0.1.15:       |                                           ^
warning: bun_uws_sys@0.1.15:       |                                             _Nonnull
warning: bun_uws_sys@0.1.15: /home/putao/code/rust/bao/src/uws_sys/csrc/bun-usockets/src/libusockets.h:370:16: warning: pointer is missing a nullability type specifier (_Nonnull, _Nullable, or _Null_unspecified) [-Wnullability-completeness]
warning: bun_uws_sys@0.1.15:   370 |     const char *server_path, size_t pathlen, int options, int socket_ext_size)
warning: bun_uws_sys@0.1.15:       |                ^
warning: bun_uws_sys@0.1.15: /home/putao/code/rust/bao/src/uws_sys/csrc/bun-usockets/src/libusockets.h:370:16: note: insert '_Nullable' if the pointer may be null
warning: bun_uws_sys@0.1.15:   370 |     const char *server_path, size_t pathlen, int options, int socket_ext_size)
warning: bun_uws_sys@0.1.15:       |                ^
warning: bun_uws_sys@0.1.15:       |                  _Nullable
warning: bun_uws_sys@0.1.15: /home/putao/code/rust/bao/src/uws_sys/csrc/bun-usockets/src/libusockets.h:370:16: note: insert '_Nonnull' if the pointer should never be null
warning: bun_uws_sys@0.1.15:   370 |     const char *server_path, size_t pathlen, int options, int socket_ext_size)
warning: bun_uws_sys@0.1.15:       |                ^
warning: bun_uws_sys@0.1.15:       |                  _Nonnull
warning: bun_uws_sys@0.1.15: /home/putao/code/rust/bao/src/uws_sys/csrc/bun-usockets/src/libusockets.h:368:20: warning: pointer is missing a nullability type specifier (_Nonnull, _Nullable, or _Null_unspecified) [-Wnullability-completeness]
warning: bun_uws_sys@0.1.15:   368 | struct us_socket_t *us_socket_group_connect_unix(us_socket_group_r group,
warning: bun_uws_sys@0.1.15:       |                    ^
warning: bun_uws_sys@0.1.15: /home/putao/code/rust/bao/src/uws_sys/csrc/bun-usockets/src/libusockets.h:368:20: note: insert '_Nullable' if the pointer may be null
warning: bun_uws_sys@0.1.15:   368 | struct us_socket_t *us_socket_group_connect_unix(us_socket_group_r group,
warning: bun_uws_sys@0.1.15:       |                    ^
warning: bun_uws_sys@0.1.15:       |                      _Nullable
warning: bun_uws_sys@0.1.15: /home/putao/code/rust/bao/src/uws_sys/csrc/bun-usockets/src/libusockets.h:368:20: note: insert '_Nonnull' if the pointer should never be null
warning: bun_uws_sys@0.1.15:   368 | struct us_socket_t *us_socket_group_connect_unix(us_socket_group_r group,
warning: bun_uws_sys@0.1.15:       |                    ^
warning: bun_uws_sys@0.1.15:       |                      _Nonnull
warning: bun_uws_sys@0.1.15: /home/putao/code/rust/bao/src/uws_sys/csrc/bun-usockets/src/libusockets.h:374:62: warning: pointer is missing a nullability type specifier (_Nonnull, _Nullable, or _Null_unspecified) [-Wnullability-completeness]
warning: bun_uws_sys@0.1.15:   374 | void us_connecting_socket_free(struct us_connecting_socket_t *c) nonnull_fn_decl;
warning: bun_uws_sys@0.1.15:       |                                                              ^
warning: bun_uws_sys@0.1.15: /home/putao/code/rust/bao/src/uws_sys/csrc/bun-usockets/src/libusockets.h:374:62: note: insert '_Nullable' if the pointer may be null
warning: bun_uws_sys@0.1.15:   374 | void us_connecting_socket_free(struct us_connecting_socket_t *c) nonnull_fn_decl;
warning: bun_uws_sys@0.1.15:       |                                                              ^
warning: bun_uws_sys@0.1.15:       |                                                                _Nullable
warning: bun_uws_sys@0.1.15: /home/putao/code/rust/bao/src/uws_sys/csrc/bun-usockets/src/libusockets.h:374:62: note: insert '_Nonnull' if the pointer should never be null
warning: bun_uws_sys@0.1.15:   374 | void us_connecting_socket_free(struct us_connecting_socket_t *c) nonnull_fn_decl;
warning: bun_uws_sys@0.1.15:       |                                                              ^
warning: bun_uws_sys@0.1.15:       |                                                                _Nonnull
warning: bun_uws_sys@0.1.15: /home/putao/code/rust/bao/src/uws_sys/csrc/bun-usockets/src/libusockets.h:375:63: warning: pointer is missing a nullability type specifier (_Nonnull, _Nullable, or _Null_unspecified) [-Wnullability-completeness]
warning: bun_uws_sys@0.1.15:   375 | void us_connecting_socket_close(struct us_connecting_socket_t *c) nonnull_fn_decl;
warning: bun_uws_sys@0.1.15:       |                                                               ^
warning: bun_uws_sys@0.1.15: /home/putao/code/rust/bao/src/uws_sys/csrc/bun-usockets/src/libusockets.h:375:63: note: insert '_Nullable' if the pointer may be null
warning: bun_uws_sys@0.1.15:   375 | void us_connecting_socket_close(struct us_connecting_socket_t *c) nonnull_fn_decl;
warning: bun_uws_sys@0.1.15:       |                                                               ^
warning: bun_uws_sys@0.1.15:       |                                                                 _Nullable
warning: bun_uws_sys@0.1.15: /home/putao/code/rust/bao/src/uws_sys/csrc/bun-usockets/src/libusockets.h:375:63: note: insert '_Nonnull' if the pointer should never be null
warning: bun_uws_sys@0.1.15:   375 | void us_connecting_socket_close(struct us_connecting_socket_t *c) nonnull_fn_decl;
warning: bun_uws_sys@0.1.15:       |                                                               ^
warning: bun_uws_sys@0.1.15:       |                                                                 _Nonnull
warning: bun_uws_sys@0.1.15: /home/putao/code/rust/bao/src/uws_sys/csrc/bun-usockets/src/libusockets.h:376:65: warning: pointer is missing a nullability type specifier (_Nonnull, _Nullable, or _Null_unspecified) [-Wnullability-completeness]
warning: bun_uws_sys@0.1.15:   376 | void us_connecting_socket_timeout(struct us_connecting_socket_t *c, unsigned int seconds) nonnull_fn_decl;
warning: bun_uws_sys@0.1.15:       |                                                                 ^
warning: bun_uws_sys@0.1.15: /home/putao/code/rust/bao/src/uws_sys/csrc/bun-usockets/src/libusockets.h:376:65: note: insert '_Nullable' if the pointer may be null
warning: bun_uws_sys@0.1.15:   376 | void us_connecting_socket_timeout(struct us_connecting_socket_t *c, unsigned int seconds) nonnull_fn_decl;
warning: bun_uws_sys@0.1.15:       |                                                                 ^
warning: bun_uws_sys@0.1.15:       |                                                                   _Nullable
warning: bun_uws_sys@0.1.15: /home/putao/code/rust/bao/src/uws_sys/csrc/bun-usockets/src/libusockets.h:376:65: note: insert '_Nonnull' if the pointer should never be null
warning: bun_uws_sys@0.1.15:   376 | void us_connecting_socket_timeout(struct us_connecting_socket_t *c, unsigned int seconds) nonnull_fn_decl;
warning: bun_uws_sys@0.1.15:       |                                                                 ^
warning: bun_uws_sys@0.1.15:       |                                                                   _Nonnull
warning: bun_uws_sys@0.1.15: /home/putao/code/rust/bao/src/uws_sys/csrc/bun-usockets/src/libusockets.h:377:70: warning: pointer is missing a nullability type specifier (_Nonnull, _Nullable, or _Null_unspecified) [-Wnullability-completeness]
warning: bun_uws_sys@0.1.15:   377 | void us_connecting_socket_long_timeout(struct us_connecting_socket_t *c, unsigned int minutes) nonnull_fn_decl;
warning: bun_uws_sys@0.1.15:       |                                                                      ^
warning: bun_uws_sys@0.1.15: /home/putao/code/rust/bao/src/uws_sys/csrc/bun-usockets/src/libusockets.h:377:70: note: insert '_Nullable' if the pointer may be null
warning: bun_uws_sys@0.1.15:   377 | void us_connecting_socket_long_timeout(struct us_connecting_socket_t *c, unsigned int minutes) nonnull_fn_decl;
warning: bun_uws_sys@0.1.15:       |                                                                      ^
warning: bun_uws_sys@0.1.15:       |                                                                        _Nullable
warning: bun_uws_sys@0.1.15: /home/putao/code/rust/bao/src/uws_sys/csrc/bun-usockets/src/libusockets.h:377:70: note: insert '_Nonnull' if the pointer should never be null
warning: bun_uws_sys@0.1.15:   377 | void us_connecting_socket_long_timeout(struct us_connecting_socket_t *c, unsigned int minutes) nonnull_fn_decl;
warning: bun_uws_sys@0.1.15:       |                                                                      ^
warning: bun_uws_sys@0.1.15:       |                                                                        _Nonnull
warning: bun_uws_sys@0.1.15: /home/putao/code/rust/bao/src/uws_sys/csrc/bun-usockets/src/libusockets.h:378:66: warning: pointer is missing a nullability type specifier (_Nonnull, _Nullable, or _Null_unspecified) [-Wnullability-completeness]
warning: bun_uws_sys@0.1.15:   378 | void us_connecting_socket_shutdown(struct us_connecting_socket_t *c) nonnull_fn_decl;
warning: bun_uws_sys@0.1.15:       |                                                                  ^
warning: bun_uws_sys@0.1.15: /home/putao/code/rust/bao/src/uws_sys/csrc/bun-usockets/src/libusockets.h:378:66: note: insert '_Nullable' if the pointer may be null
warning: bun_uws_sys@0.1.15:   378 | void us_connecting_socket_shutdown(struct us_connecting_socket_t *c) nonnull_fn_decl;
warning: bun_uws_sys@0.1.15:       |                                                                  ^
warning: bun_uws_sys@0.1.15:       |                                                                    _Nullable
warning: bun_uws_sys@0.1.15: /home/putao/code/rust/bao/src/uws_sys/csrc/bun-usockets/src/libusockets.h:378:66: note: insert '_Nonnull' if the pointer should never be null
warning: bun_uws_sys@0.1.15:   378 | void us_connecting_socket_shutdown(struct us_connecting_socket_t *c) nonnull_fn_decl;
warning: bun_uws_sys@0.1.15:       |                                                                  ^
warning: bun_uws_sys@0.1.15:       |                                                                    _Nonnull
warning: bun_uws_sys@0.1.15: /home/putao/code/rust/bao/src/uws_sys/csrc/bun-usockets/src/libusockets.h:379:71: warning: pointer is missing a nullability type specifier (_Nonnull, _Nullable, or _Null_unspecified) [-Wnullability-completeness]
warning: bun_uws_sys@0.1.15:   379 | void us_connecting_socket_shutdown_read(struct us_connecting_socket_t *c) nonnull_fn_decl;
warning: bun_uws_sys@0.1.15:       |                                                                       ^
warning: bun_uws_sys@0.1.15: /home/putao/code/rust/bao/src/uws_sys/csrc/bun-usockets/src/libusockets.h:379:71: note: insert '_Nullable' if the pointer may be null
warning: bun_uws_sys@0.1.15:   379 | void us_connecting_socket_shutdown_read(struct us_connecting_socket_t *c) nonnull_fn_decl;
warning: bun_uws_sys@0.1.15:       |                                                                       ^
warning: bun_uws_sys@0.1.15:       |                                                                         _Nullable
warning: bun_uws_sys@0.1.15: /home/putao/code/rust/bao/src/uws_sys/csrc/bun-usockets/src/libusockets.h:379:71: note: insert '_Nonnull' if the pointer should never be null
warning: bun_uws_sys@0.1.15:   379 | void us_connecting_socket_shutdown_read(struct us_connecting_socket_t *c) nonnull_fn_decl;
warning: bun_uws_sys@0.1.15:       |                                                                       ^
warning: bun_uws_sys@0.1.15:       |                                                                         _Nonnull
warning: bun_uws_sys@0.1.15: /home/putao/code/rust/bao/src/uws_sys/csrc/bun-usockets/src/libusockets.h:380:69: warning: pointer is missing a nullability type specifier (_Nonnull, _Nullable, or _Null_unspecified) [-Wnullability-completeness]
warning: bun_uws_sys@0.1.15:   380 | int us_connecting_socket_is_shut_down(struct us_connecting_socket_t *c) nonnull_fn_decl;
warning: bun_uws_sys@0.1.15:       |                                                                     ^
warning: bun_uws_sys@0.1.15: /home/putao/code/rust/bao/src/uws_sys/csrc/bun-usockets/src/libusockets.h:380:69: note: insert '_Nullable' if the pointer may be null
warning: bun_uws_sys@0.1.15:   380 | int us_connecting_socket_is_shut_down(struct us_connecting_socket_t *c) nonnull_fn_decl;
warning: bun_uws_sys@0.1.15:       |                                                                     ^
warning: bun_uws_sys@0.1.15:       |                                                                       _Nullable
warning: bun_uws_sys@0.1.15: /home/putao/code/rust/bao/src/uws_sys/csrc/bun-usockets/src/libusockets.h:380:69: note: insert '_Nonnull' if the pointer should never be null
warning: bun_uws_sys@0.1.15:   380 | int us_connecting_socket_is_shut_down(struct us_connecting_socket_t *c) nonnull_fn_decl;
warning: bun_uws_sys@0.1.15:       |                                                                     ^
warning: bun_uws_sys@0.1.15:       |                                                                       _Nonnull
warning: bun_uws_sys@0.1.15: /home/putao/code/rust/bao/src/uws_sys/csrc/bun-usockets/src/libusockets.h:381:66: warning: pointer is missing a nullability type specifier (_Nonnull, _Nullable, or _Null_unspecified) [-Wnullability-completeness]
warning: bun_uws_sys@0.1.15:   381 | int us_connecting_socket_is_closed(struct us_connecting_socket_t *c) nonnull_fn_decl;
warning: bun_uws_sys@0.1.15:       |                                                                  ^
warning: bun_uws_sys@0.1.15: /home/putao/code/rust/bao/src/uws_sys/csrc/bun-usockets/src/libusockets.h:381:66: note: insert '_Nullable' if the pointer may be null
warning: bun_uws_sys@0.1.15:   381 | int us_connecting_socket_is_closed(struct us_connecting_socket_t *c) nonnull_fn_decl;
warning: bun_uws_sys@0.1.15:       |                                                                  ^
warning: bun_uws_sys@0.1.15:       |                                                                    _Nullable
warning: bun_uws_sys@0.1.15: /home/putao/code/rust/bao/src/uws_sys/csrc/bun-usockets/src/libusockets.h:381:66: note: insert '_Nonnull' if the pointer should never be null
warning: bun_uws_sys@0.1.15:   381 | int us_connecting_socket_is_closed(struct us_connecting_socket_t *c) nonnull_fn_decl;
warning: bun_uws_sys@0.1.15:       |                                                                  ^
warning: bun_uws_sys@0.1.15:       |                                                                    _Nonnull
warning: bun_uws_sys@0.1.15: /home/putao/code/rust/bao/src/uws_sys/csrc/bun-usockets/src/libusockets.h:382:66: warning: pointer is missing a nullability type specifier (_Nonnull, _Nullable, or _Null_unspecified) [-Wnullability-completeness]
warning: bun_uws_sys@0.1.15:   382 | int us_connecting_socket_get_error(struct us_connecting_socket_t *c) nonnull_fn_decl;
warning: bun_uws_sys@0.1.15:       |                                                                  ^
warning: bun_uws_sys@0.1.15: /home/putao/code/rust/bao/src/uws_sys/csrc/bun-usockets/src/libusockets.h:382:66: note: insert '_Nullable' if the pointer may be null
warning: bun_uws_sys@0.1.15:   382 | int us_connecting_socket_get_error(struct us_connecting_socket_t *c) nonnull_fn_decl;
warning: bun_uws_sys@0.1.15:       |                                                                  ^
warning: bun_uws_sys@0.1.15:       |                                                                    _Nullable
warning: bun_uws_sys@0.1.15: /home/putao/code/rust/bao/src/uws_sys/csrc/bun-usockets/src/libusockets.h:382:66: note: insert '_Nonnull' if the pointer should never be null
warning: bun_uws_sys@0.1.15:   382 | int us_connecting_socket_get_error(struct us_connecting_socket_t *c) nonnull_fn_decl;
warning: bun_uws_sys@0.1.15:       |                                                                  ^
warning: bun_uws_sys@0.1.15:       |                                                                    _Nonnull
warning: bun_uws_sys@0.1.15: /home/putao/code/rust/bao/src/uws_sys/csrc/bun-usockets/src/libusockets.h:383:76: warning: pointer is missing a nullability type specifier (_Nonnull, _Nullable, or _Null_unspecified) [-Wnullability-completeness]
warning: bun_uws_sys@0.1.15:   383 | void *us_connecting_socket_get_native_handle(struct us_connecting_socket_t *c) nonnull_fn_decl;
warning: bun_uws_sys@0.1.15:       |                                                                            ^
warning: bun_uws_sys@0.1.15: /home/putao/code/rust/bao/src/uws_sys/csrc/bun-usockets/src/libusockets.h:383:76: note: insert '_Nullable' if the pointer may be null
warning: bun_uws_sys@0.1.15:   383 | void *us_connecting_socket_get_native_handle(struct us_connecting_socket_t *c) nonnull_fn_decl;
warning: bun_uws_sys@0.1.15:       |                                                                            ^
warning: bun_uws_sys@0.1.15:       |                                                                              _Nullable
warning: bun_uws_sys@0.1.15: /home/putao/code/rust/bao/src/uws_sys/csrc/bun-usockets/src/libusockets.h:383:76: note: insert '_Nonnull' if the pointer should never be null
warning: bun_uws_sys@0.1.15:   383 | void *us_connecting_socket_get_native_handle(struct us_connecting_socket_t *c) nonnull_fn_decl;
warning: bun_uws_sys@0.1.15:       |                                                                            ^
warning: bun_uws_sys@0.1.15:       |                                                                              _Nonnull
warning: bun_uws_sys@0.1.15: /home/putao/code/rust/bao/src/uws_sys/csrc/bun-usockets/src/libusockets.h:383:6: warning: pointer is missing a nullability type specifier (_Nonnull, _Nullable, or _Null_unspecified) [-Wnullability-completeness]
warning: bun_uws_sys@0.1.15:   383 | void *us_connecting_socket_get_native_handle(struct us_connecting_socket_t *c) nonnull_fn_decl;
warning: bun_uws_sys@0.1.15:       |      ^
warning: bun_uws_sys@0.1.15: /home/putao/code/rust/bao/src/uws_sys/csrc/bun-usockets/src/libusockets.h:383:6: note: insert '_Nullable' if the pointer may be null
warning: bun_uws_sys@0.1.15:   383 | void *us_connecting_socket_get_native_handle(struct us_connecting_socket_t *c) nonnull_fn_decl;
warning: bun_uws_sys@0.1.15:       |      ^
warning: bun_uws_sys@0.1.15:       |        _Nullable
warning: bun_uws_sys@0.1.15: /home/putao/code/rust/bao/src/uws_sys/csrc/bun-usockets/src/libusockets.h:383:6: note: insert '_Nonnull' if the pointer should never be null
warning: bun_uws_sys@0.1.15:   383 | void *us_connecting_socket_get_native_handle(struct us_connecting_socket_t *c) nonnull_fn_decl;
warning: bun_uws_sys@0.1.15:       |      ^
warning: bun_uws_sys@0.1.15:       |        _Nonnull
warning: bun_uws_sys@0.1.15: /home/putao/code/rust/bao/src/uws_sys/csrc/bun-usockets/src/libusockets.h:384:79: warning: pointer is missing a nullability type specifier (_Nonnull, _Nullable, or _Null_unspecified) [-Wnullability-completeness]
warning: bun_uws_sys@0.1.15:   384 | struct us_loop_t *us_connecting_socket_get_loop(struct us_connecting_socket_t *c) nonnull_fn_decl;
warning: bun_uws_sys@0.1.15:       |                                                                               ^
warning: bun_uws_sys@0.1.15: /home/putao/code/rust/bao/src/uws_sys/csrc/bun-usockets/src/libusockets.h:384:79: note: insert '_Nullable' if the pointer may be null
warning: bun_uws_sys@0.1.15:   384 | struct us_loop_t *us_connecting_socket_get_loop(struct us_connecting_socket_t *c) nonnull_fn_decl;
warning: bun_uws_sys@0.1.15:       |                                                                               ^
warning: bun_uws_sys@0.1.15:       |                                                                                 _Nullable
warning: bun_uws_sys@0.1.15: /home/putao/code/rust/bao/src/uws_sys/csrc/bun-usockets/src/libusockets.h:384:79: note: insert '_Nonnull' if the pointer should never be null
warning: bun_uws_sys@0.1.15:   384 | struct us_loop_t *us_connecting_socket_get_loop(struct us_connecting_socket_t *c) nonnull_fn_decl;
warning: bun_uws_sys@0.1.15:       |                                                                               ^
warning: bun_uws_sys@0.1.15:       |                                                                                 _Nonnull
warning: bun_uws_sys@0.1.15: /home/putao/code/rust/bao/src/uws_sys/csrc/bun-usockets/src/libusockets.h:384:18: warning: pointer is missing a nullability type specifier (_Nonnull, _Nullable, or _Null_unspecified) [-Wnullability-completeness]
warning: bun_uws_sys@0.1.15:   384 | struct us_loop_t *us_connecting_socket_get_loop(struct us_connecting_socket_t *c) nonnull_fn_decl;
warning: bun_uws_sys@0.1.15:       |                  ^
warning: bun_uws_sys@0.1.15: /home/putao/code/rust/bao/src/uws_sys/csrc/bun-usockets/src/libusockets.h:384:18: note: insert '_Nullable' if the pointer may be null
warning: bun_uws_sys@0.1.15:   384 | struct us_loop_t *us_connecting_socket_get_loop(struct us_connecting_socket_t *c) nonnull_fn_decl;
warning: bun_uws_sys@0.1.15:       |                  ^
warning: bun_uws_sys@0.1.15:       |                    _Nullable
warning: bun_uws_sys@0.1.15: /home/putao/code/rust/bao/src/uws_sys/csrc/bun-usockets/src/libusockets.h:384:18: note: insert '_Nonnull' if the pointer should never be null
warning: bun_uws_sys@0.1.15:   384 | struct us_loop_t *us_connecting_socket_get_loop(struct us_connecting_socket_t *c) nonnull_fn_decl;
warning: bun_uws_sys@0.1.15:       |                  ^
warning: bun_uws_sys@0.1.15:       |                    _Nonnull
warning: bun_uws_sys@0.1.15: /home/putao/code/rust/bao/src/uws_sys/csrc/bun-usockets/src/libusockets.h:385:84: warning: pointer is missing a nullability type specifier (_Nonnull, _Nullable, or _Null_unspecified) [-Wnullability-completeness]
warning: bun_uws_sys@0.1.15:   385 | struct us_socket_group_t *us_connecting_socket_group(struct us_connecting_socket_t *c) nonnull_fn_decl;
warning: bun_uws_sys@0.1.15:       |                                                                                    ^
warning: bun_uws_sys@0.1.15: /home/putao/code/rust/bao/src/uws_sys/csrc/bun-usockets/src/libusockets.h:385:84: note: insert '_Nullable' if the pointer may be null
warning: bun_uws_sys@0.1.15:   385 | struct us_socket_group_t *us_connecting_socket_group(struct us_connecting_socket_t *c) nonnull_fn_decl;
warning: bun_uws_sys@0.1.15:       |                                                                                    ^
warning: bun_uws_sys@0.1.15:       |                                                                                      _Nullable
warning: bun_uws_sys@0.1.15: /home/putao/code/rust/bao/src/uws_sys/csrc/bun-usockets/src/libusockets.h:385:84: note: insert '_Nonnull' if the pointer should never be null
warning: bun_uws_sys@0.1.15:   385 | struct us_socket_group_t *us_connecting_socket_group(struct us_connecting_socket_t *c) nonnull_fn_decl;
warning: bun_uws_sys@0.1.15:       |                                                                                    ^
warning: bun_uws_sys@0.1.15:       |                                                                                      _Nonnull
warning: bun_uws_sys@0.1.15: /home/putao/code/rust/bao/src/uws_sys/csrc/bun-usockets/src/libusockets.h:385:26: warning: pointer is missing a nullability type specifier (_Nonnull, _Nullable, or _Null_unspecified) [-Wnullability-completeness]
warning: bun_uws_sys@0.1.15:   385 | struct us_socket_group_t *us_connecting_socket_group(struct us_connecting_socket_t *c) nonnull_fn_decl;
warning: bun_uws_sys@0.1.15:       |                          ^
warning: bun_uws_sys@0.1.15: /home/putao/code/rust/bao/src/uws_sys/csrc/bun-usockets/src/libusockets.h:385:26: note: insert '_Nullable' if the pointer may be null
warning: bun_uws_sys@0.1.15:   385 | struct us_socket_group_t *us_connecting_socket_group(struct us_connecting_socket_t *c) nonnull_fn_decl;
warning: bun_uws_sys@0.1.15:       |                          ^
warning: bun_uws_sys@0.1.15:       |                            _Nullable
warning: bun_uws_sys@0.1.15: /home/putao/code/rust/bao/src/uws_sys/csrc/bun-usockets/src/libusockets.h:385:26: note: insert '_Nonnull' if the pointer should never be null
warning: bun_uws_sys@0.1.15:   385 | struct us_socket_group_t *us_connecting_socket_group(struct us_connecting_socket_t *c) nonnull_fn_decl;
warning: bun_uws_sys@0.1.15:       |                          ^
warning: bun_uws_sys@0.1.15:       |                            _Nonnull
warning: bun_uws_sys@0.1.15: /home/putao/code/rust/bao/src/uws_sys/csrc/bun-usockets/src/libusockets.h:386:71: warning: pointer is missing a nullability type specifier (_Nonnull, _Nullable, or _Null_unspecified) [-Wnullability-completeness]
warning: bun_uws_sys@0.1.15:   386 | unsigned char us_connecting_socket_kind(struct us_connecting_socket_t *c) nonnull_fn_decl;
warning: bun_uws_sys@0.1.15:       |                                                                       ^
warning: bun_uws_sys@0.1.15: /home/putao/code/rust/bao/src/uws_sys/csrc/bun-usockets/src/libusockets.h:386:71: note: insert '_Nullable' if the pointer may be null
warning: bun_uws_sys@0.1.15:   386 | unsigned char us_connecting_socket_kind(struct us_connecting_socket_t *c) nonnull_fn_decl;
warning: bun_uws_sys@0.1.15:       |                                                                       ^
warning: bun_uws_sys@0.1.15:       |                                                                         _Nullable
warning: bun_uws_sys@0.1.15: /home/putao/code/rust/bao/src/uws_sys/csrc/bun-usockets/src/libusockets.h:386:71: note: insert '_Nonnull' if the pointer should never be null
warning: bun_uws_sys@0.1.15:   386 | unsigned char us_connecting_socket_kind(struct us_connecting_socket_t *c) nonnull_fn_decl;
warning: bun_uws_sys@0.1.15:       |                                                                       ^
warning: bun_uws_sys@0.1.15:       |                                                                         _Nonnull
warning: bun_uws_sys@0.1.15: /home/putao/code/rust/bao/src/uws_sys/csrc/bun-usockets/src/libusockets.h:388:72: warning: pointer is missing a nullability type specifier (_Nonnull, _Nullable, or _Null_unspecified) [-Wnullability-completeness]
warning: bun_uws_sys@0.1.15:   388 | struct us_bun_verify_error_t us_socket_verify_error(struct us_socket_t *s);
warning: bun_uws_sys@0.1.15:       |                                                                        ^
warning: bun_uws_sys@0.1.15: /home/putao/code/rust/bao/src/uws_sys/csrc/bun-usockets/src/libusockets.h:388:72: note: insert '_Nullable' if the pointer may be null
warning: bun_uws_sys@0.1.15:   388 | struct us_bun_verify_error_t us_socket_verify_error(struct us_socket_t *s);
warning: bun_uws_sys@0.1.15:       |                                                                        ^
warning: bun_uws_sys@0.1.15:       |                                                                          _Nullable
warning: bun_uws_sys@0.1.15: /home/putao/code/rust/bao/src/uws_sys/csrc/bun-usockets/src/libusockets.h:388:72: note: insert '_Nonnull' if the pointer should never be null
warning: bun_uws_sys@0.1.15:   388 | struct us_bun_verify_error_t us_socket_verify_error(struct us_socket_t *s);
warning: bun_uws_sys@0.1.15:       |                                                                        ^
warning: bun_uws_sys@0.1.15:       |                                                                          _Nonnull
warning: bun_uws_sys@0.1.15: /home/putao/code/rust/bao/src/uws_sys/csrc/bun-usockets/src/libusockets.h:396:16: warning: pointer is missing a nullability type specifier (_Nonnull, _Nullable, or _Null_unspecified) [-Wnullability-completeness]
warning: bun_uws_sys@0.1.15:   396 |     const char *key_file_name;
warning: bun_uws_sys@0.1.15:       |                ^
warning: bun_uws_sys@0.1.15: /home/putao/code/rust/bao/src/uws_sys/csrc/bun-usockets/src/libusockets.h:396:16: note: insert '_Nullable' if the pointer may be null
warning: bun_uws_sys@0.1.15:   396 |     const char *key_file_name;
warning: bun_uws_sys@0.1.15:       |                ^
warning: bun_uws_sys@0.1.15:       |                  _Nullable
warning: bun_uws_sys@0.1.15: /home/putao/code/rust/bao/src/uws_sys/csrc/bun-usockets/src/libusockets.h:396:16: note: insert '_Nonnull' if the pointer should never be null
warning: bun_uws_sys@0.1.15:   396 |     const char *key_file_name;
warning: bun_uws_sys@0.1.15:       |                ^
warning: bun_uws_sys@0.1.15:       |                  _Nonnull
warning: bun_uws_sys@0.1.15: /home/putao/code/rust/bao/src/uws_sys/csrc/bun-usockets/src/libusockets.h:397:16: warning: pointer is missing a nullability type specifier (_Nonnull, _Nullable, or _Null_unspecified) [-Wnullability-completeness]
warning: bun_uws_sys@0.1.15:   397 |     const char *cert_file_name;
warning: bun_uws_sys@0.1.15:       |                ^
warning: bun_uws_sys@0.1.15: /home/putao/code/rust/bao/src/uws_sys/csrc/bun-usockets/src/libusockets.h:397:16: note: insert '_Nullable' if the pointer may be null
warning: bun_uws_sys@0.1.15:   397 |     const char *cert_file_name;
warning: bun_uws_sys@0.1.15:       |                ^
warning: bun_uws_sys@0.1.15:       |                  _Nullable
warning: bun_uws_sys@0.1.15: /home/putao/code/rust/bao/src/uws_sys/csrc/bun-usockets/src/libusockets.h:397:16: note: insert '_Nonnull' if the pointer should never be null
warning: bun_uws_sys@0.1.15:   397 |     const char *cert_file_name;
warning: bun_uws_sys@0.1.15:       |                ^
warning: bun_uws_sys@0.1.15:       |                  _Nonnull
warning: bun_uws_sys@0.1.15: /home/putao/code/rust/bao/src/uws_sys/csrc/bun-usockets/src/libusockets.h:398:16: warning: pointer is missing a nullability type specifier (_Nonnull, _Nullable, or _Null_unspecified) [-Wnullability-completeness]
warning: bun_uws_sys@0.1.15:   398 |     const char *passphrase;
warning: bun_uws_sys@0.1.15:       |                ^
warning: bun_uws_sys@0.1.15: /home/putao/code/rust/bao/src/uws_sys/csrc/bun-usockets/src/libusockets.h:398:16: note: insert '_Nullable' if the pointer may be null
warning: bun_uws_sys@0.1.15:   398 |     const char *passphrase;
warning: bun_uws_sys@0.1.15:       |                ^
warning: bun_uws_sys@0.1.15:       |                  _Nullable
warning: bun_uws_sys@0.1.15: /home/putao/code/rust/bao/src/uws_sys/csrc/bun-usockets/src/libusockets.h:398:16: note: insert '_Nonnull' if the pointer should never be null
warning: bun_uws_sys@0.1.15:   398 |     const char *passphrase;
warning: bun_uws_sys@0.1.15:       |                ^
warning: bun_uws_sys@0.1.15:       |                  _Nonnull
warning: bun_uws_sys@0.1.15: /home/putao/code/rust/bao/src/uws_sys/csrc/bun-usockets/src/libusockets.h:399:16: warning: pointer is missing a nullability type specifier (_Nonnull, _Nullable, or _Null_unspecified) [-Wnullability-completeness]
warning: bun_uws_sys@0.1.15:   399 |     const char *dh_params_file_name;
warning: bun_uws_sys@0.1.15:       |                ^
warning: bun_uws_sys@0.1.15: /home/putao/code/rust/bao/src/uws_sys/csrc/bun-usockets/src/libusockets.h:399:16: note: insert '_Nullable' if the pointer may be null
warning: bun_uws_sys@0.1.15:   399 |     const char *dh_params_file_name;
warning: bun_uws_sys@0.1.15:       |                ^
warning: bun_uws_sys@0.1.15:       |                  _Nullable
warning: bun_uws_sys@0.1.15: /home/putao/code/rust/bao/src/uws_sys/csrc/bun-usockets/src/libusockets.h:399:16: note: insert '_Nonnull' if the pointer should never be null
warning: bun_uws_sys@0.1.15:   399 |     const char *dh_params_file_name;
warning: bun_uws_sys@0.1.15:       |                ^
warning: bun_uws_sys@0.1.15:       |                  _Nonnull
warning: bun_uws_sys@0.1.15: /home/putao/code/rust/bao/src/uws_sys/csrc/bun-usockets/src/libusockets.h:400:16: warning: pointer is missing a nullability type specifier (_Nonnull, _Nullable, or _Null_unspecified) [-Wnullability-completeness]
warning: bun_uws_sys@0.1.15:   400 |     const char *ca_file_name;
warning: bun_uws_sys@0.1.15:       |                ^
warning: bun_uws_sys@0.1.15: /home/putao/code/rust/bao/src/uws_sys/csrc/bun-usockets/src/libusockets.h:400:16: note: insert '_Nullable' if the pointer may be null
warning: bun_uws_sys@0.1.15:   400 |     const char *ca_file_name;
warning: bun_uws_sys@0.1.15:       |                ^
warning: bun_uws_sys@0.1.15:       |                  _Nullable
warning: bun_uws_sys@0.1.15: /home/putao/code/rust/bao/src/uws_sys/csrc/bun-usockets/src/libusockets.h:400:16: note: insert '_Nonnull' if the pointer should never be null
warning: bun_uws_sys@0.1.15:   400 |     const char *ca_file_name;
warning: bun_uws_sys@0.1.15:       |                ^
warning: bun_uws_sys@0.1.15:       |                  _Nonnull
warning: bun_uws_sys@0.1.15: /home/putao/code/rust/bao/src/uws_sys/csrc/bun-usockets/src/libusockets.h:401:16: warning: pointer is missing a nullability type specifier (_Nonnull, _Nullable, or _Null_unspecified) [-Wnullability-completeness]
warning: bun_uws_sys@0.1.15:   401 |     const char *ssl_ciphers;
warning: bun_uws_sys@0.1.15:       |                ^
warning: bun_uws_sys@0.1.15: /home/putao/code/rust/bao/src/uws_sys/csrc/bun-usockets/src/libusockets.h:401:16: note: insert '_Nullable' if the pointer may be null
warning: bun_uws_sys@0.1.15:   401 |     const char *ssl_ciphers;
warning: bun_uws_sys@0.1.15:       |                ^
warning: bun_uws_sys@0.1.15:       |                  _Nullable
warning: bun_uws_sys@0.1.15: /home/putao/code/rust/bao/src/uws_sys/csrc/bun-usockets/src/libusockets.h:401:16: note: insert '_Nonnull' if the pointer should never be null
warning: bun_uws_sys@0.1.15:   401 |     const char *ssl_ciphers;
warning: bun_uws_sys@0.1.15:       |                ^
warning: bun_uws_sys@0.1.15:       |                  _Nonnull
warning: bun_uws_sys@0.1.15: /home/putao/code/rust/bao/src/uws_sys/csrc/bun-usockets/src/libusockets.h:403:16: warning: pointer is missing a nullability type specifier (_Nonnull, _Nullable, or _Null_unspecified) [-Wnullability-completeness]
warning: bun_uws_sys@0.1.15:   403 |     const char * const *key;
warning: bun_uws_sys@0.1.15:       |                ^
warning: bun_uws_sys@0.1.15: /home/putao/code/rust/bao/src/uws_sys/csrc/bun-usockets/src/libusockets.h:403:16: note: insert '_Nullable' if the pointer may be null
warning: bun_uws_sys@0.1.15:   403 |     const char * const *key;
warning: bun_uws_sys@0.1.15:       |                ^
warning: bun_uws_sys@0.1.15:       |                  _Nullable
warning: bun_uws_sys@0.1.15: /home/putao/code/rust/bao/src/uws_sys/csrc/bun-usockets/src/libusockets.h:403:16: note: insert '_Nonnull' if the pointer should never be null
warning: bun_uws_sys@0.1.15:   403 |     const char * const *key;
warning: bun_uws_sys@0.1.15:       |                ^
warning: bun_uws_sys@0.1.15:       |                  _Nonnull
warning: bun_uws_sys@0.1.15: /home/putao/code/rust/bao/src/uws_sys/csrc/bun-usockets/src/libusockets.h:403:24: warning: pointer is missing a nullability type specifier (_Nonnull, _Nullable, or _Null_unspecified) [-Wnullability-completeness]
warning: bun_uws_sys@0.1.15:   403 |     const char * const *key;
warning: bun_uws_sys@0.1.15:       |                        ^
warning: bun_uws_sys@0.1.15: /home/putao/code/rust/bao/src/uws_sys/csrc/bun-usockets/src/libusockets.h:403:24: note: insert '_Nullable' if the pointer may be null
warning: bun_uws_sys@0.1.15:   403 |     const char * const *key;
warning: bun_uws_sys@0.1.15:       |                        ^
warning: bun_uws_sys@0.1.15:       |                          _Nullable
warning: bun_uws_sys@0.1.15: /home/putao/code/rust/bao/src/uws_sys/csrc/bun-usockets/src/libusockets.h:403:24: note: insert '_Nonnull' if the pointer should never be null
warning: bun_uws_sys@0.1.15:   403 |     const char * const *key;
warning: bun_uws_sys@0.1.15:       |                        ^
warning: bun_uws_sys@0.1.15:       |                          _Nonnull
warning: bun_uws_sys@0.1.15: /home/putao/code/rust/bao/src/uws_sys/csrc/bun-usockets/src/libusockets.h:405:16: warning: pointer is missing a nullability type specifier (_Nonnull, _Nullable, or _Null_unspecified) [-Wnullability-completeness]
warning: bun_uws_sys@0.1.15:   405 |     const char * const *cert;
warning: bun_uws_sys@0.1.15:       |                ^
warning: bun_uws_sys@0.1.15: /home/putao/code/rust/bao/src/uws_sys/csrc/bun-usockets/src/libusockets.h:405:16: note: insert '_Nullable' if the pointer may be null
warning: bun_uws_sys@0.1.15:   405 |     const char * const *cert;
warning: bun_uws_sys@0.1.15:       |                ^
warning: bun_uws_sys@0.1.15:       |                  _Nullable
warning: bun_uws_sys@0.1.15: /home/putao/code/rust/bao/src/uws_sys/csrc/bun-usockets/src/libusockets.h:405:16: note: insert '_Nonnull' if the pointer should never be null
warning: bun_uws_sys@0.1.15:   405 |     const char * const *cert;
warning: bun_uws_sys@0.1.15:       |                ^
warning: bun_uws_sys@0.1.15:       |                  _Nonnull
warning: bun_uws_sys@0.1.15: /home/putao/code/rust/bao/src/uws_sys/csrc/bun-usockets/src/libusockets.h:405:24: warning: pointer is missing a nullability type specifier (_Nonnull, _Nullable, or _Null_unspecified) [-Wnullability-completeness]
warning: bun_uws_sys@0.1.15:   405 |     const char * const *cert;
warning: bun_uws_sys@0.1.15:       |                        ^
warning: bun_uws_sys@0.1.15: /home/putao/code/rust/bao/src/uws_sys/csrc/bun-usockets/src/libusockets.h:405:24: note: insert '_Nullable' if the pointer may be null
warning: bun_uws_sys@0.1.15:   405 |     const char * const *cert;
warning: bun_uws_sys@0.1.15:       |                        ^
warning: bun_uws_sys@0.1.15:       |                          _Nullable
warning: bun_uws_sys@0.1.15: /home/putao/code/rust/bao/src/uws_sys/csrc/bun-usockets/src/libusockets.h:405:24: note: insert '_Nonnull' if the pointer should never be null
warning: bun_uws_sys@0.1.15:   405 |     const char * const *cert;
warning: bun_uws_sys@0.1.15:       |                        ^
warning: bun_uws_sys@0.1.15:       |                          _Nonnull
warning: bun_uws_sys@0.1.15: /home/putao/code/rust/bao/src/uws_sys/csrc/bun-usockets/src/libusockets.h:407:16: warning: pointer is missing a nullability type specifier (_Nonnull, _Nullable, or _Null_unspecified) [-Wnullability-completeness]
warning: bun_uws_sys@0.1.15:   407 |     const char * const *ca;
warning: bun_uws_sys@0.1.15:       |                ^
warning: bun_uws_sys@0.1.15: /home/putao/code/rust/bao/src/uws_sys/csrc/bun-usockets/src/libusockets.h:407:16: note: insert '_Nullable' if the pointer may be null
warning: bun_uws_sys@0.1.15:   407 |     const char * const *ca;
warning: bun_uws_sys@0.1.15:       |                ^
warning: bun_uws_sys@0.1.15:       |                  _Nullable
warning: bun_uws_sys@0.1.15: /home/putao/code/rust/bao/src/uws_sys/csrc/bun-usockets/src/libusockets.h:407:16: note: insert '_Nonnull' if the pointer should never be null
warning: bun_uws_sys@0.1.15:   407 |     const char * const *ca;
warning: bun_uws_sys@0.1.15:       |                ^
warning: bun_uws_sys@0.1.15:       |                  _Nonnull
warning: bun_uws_sys@0.1.15: /home/putao/code/rust/bao/src/uws_sys/csrc/bun-usockets/src/libusockets.h:407:24: warning: pointer is missing a nullability type specifier (_Nonnull, _Nullable, or _Null_unspecified) [-Wnullability-completeness]
warning: bun_uws_sys@0.1.15:   407 |     const char * const *ca;
warning: bun_uws_sys@0.1.15:       |                        ^
warning: bun_uws_sys@0.1.15: /home/putao/code/rust/bao/src/uws_sys/csrc/bun-usockets/src/libusockets.h:407:24: note: insert '_Nullable' if the pointer may be null
warning: bun_uws_sys@0.1.15:   407 |     const char * const *ca;
warning: bun_uws_sys@0.1.15:       |                        ^
warning: bun_uws_sys@0.1.15:       |                          _Nullable
warning: bun_uws_sys@0.1.15: /home/putao/code/rust/bao/src/uws_sys/csrc/bun-usockets/src/libusockets.h:407:24: note: insert '_Nonnull' if the pointer should never be null
warning: bun_uws_sys@0.1.15:   407 |     const char * const *ca;
warning: bun_uws_sys@0.1.15:       |                        ^
warning: bun_uws_sys@0.1.15:       |                          _Nonnull
warning: bun_uws_sys@0.1.15: /home/putao/code/rust/bao/src/uws_sys/csrc/bun-usockets/src/libusockets.h:438:36: warning: pointer is missing a nullability type specifier (_Nonnull, _Nullable, or _Null_unspecified) [-Wnullability-completeness]
warning: bun_uws_sys@0.1.15:   438 |     enum create_bun_socket_error_t *err);
warning: bun_uws_sys@0.1.15:       |                                    ^
warning: bun_uws_sys@0.1.15: /home/putao/code/rust/bao/src/uws_sys/csrc/bun-usockets/src/libusockets.h:438:36: note: insert '_Nullable' if the pointer may be null
warning: bun_uws_sys@0.1.15:   438 |     enum create_bun_socket_error_t *err);
warning: bun_uws_sys@0.1.15:       |                                    ^
warning: bun_uws_sys@0.1.15:       |                                      _Nullable
warning: bun_uws_sys@0.1.15: /home/putao/code/rust/bao/src/uws_sys/csrc/bun-usockets/src/libusockets.h:438:36: note: insert '_Nonnull' if the pointer should never be null
warning: bun_uws_sys@0.1.15:   438 |     enum create_bun_socket_error_t *err);
warning: bun_uws_sys@0.1.15:       |                                    ^
warning: bun_uws_sys@0.1.15:       |                                      _Nonnull
warning: bun_uws_sys@0.1.15: /home/putao/code/rust/bao/src/uws_sys/csrc/bun-usockets/src/libusockets.h:436:19: warning: pointer is missing a nullability type specifier (_Nonnull, _Nullable, or _Null_unspecified) [-Wnullability-completeness]
warning: bun_uws_sys@0.1.15:   436 | struct ssl_ctx_st *us_ssl_ctx_from_options(
warning: bun_uws_sys@0.1.15:       |                   ^
warning: bun_uws_sys@0.1.15: /home/putao/code/rust/bao/src/uws_sys/csrc/bun-usockets/src/libusockets.h:436:19: note: insert '_Nullable' if the pointer may be null
warning: bun_uws_sys@0.1.15:   436 | struct ssl_ctx_st *us_ssl_ctx_from_options(
warning: bun_uws_sys@0.1.15:       |                   ^
warning: bun_uws_sys@0.1.15:       |                     _Nullable
warning: bun_uws_sys@0.1.15: /home/putao/code/rust/bao/src/uws_sys/csrc/bun-usockets/src/libusockets.h:436:19: note: insert '_Nonnull' if the pointer should never be null
warning: bun_uws_sys@0.1.15:   436 | struct ssl_ctx_st *us_ssl_ctx_from_options(
warning: bun_uws_sys@0.1.15:       |                   ^
warning: bun_uws_sys@0.1.15:       |                     _Nonnull
warning: bun_uws_sys@0.1.15: /home/putao/code/rust/bao/src/uws_sys/csrc/bun-usockets/src/libusockets.h:441:51: warning: pointer is missing a nullability type specifier (_Nonnull, _Nullable, or _Null_unspecified) [-Wnullability-completeness]
warning: bun_uws_sys@0.1.15:   441 | void us_internal_ssl_ctx_up_ref(struct ssl_ctx_st *ssl_ctx);
warning: bun_uws_sys@0.1.15:       |                                                   ^
warning: bun_uws_sys@0.1.15: /home/putao/code/rust/bao/src/uws_sys/csrc/bun-usockets/src/libusockets.h:441:51: note: insert '_Nullable' if the pointer may be null
warning: bun_uws_sys@0.1.15:   441 | void us_internal_ssl_ctx_up_ref(struct ssl_ctx_st *ssl_ctx);
warning: bun_uws_sys@0.1.15:       |                                                   ^
warning: bun_uws_sys@0.1.15:       |                                                     _Nullable
warning: bun_uws_sys@0.1.15: /home/putao/code/rust/bao/src/uws_sys/csrc/bun-usockets/src/libusockets.h:441:51: note: insert '_Nonnull' if the pointer should never be null
warning: bun_uws_sys@0.1.15:   441 | void us_internal_ssl_ctx_up_ref(struct ssl_ctx_st *ssl_ctx);
warning: bun_uws_sys@0.1.15:       |                                                   ^
warning: bun_uws_sys@0.1.15:       |                                                     _Nonnull
warning: bun_uws_sys@0.1.15: /home/putao/code/rust/bao/src/uws_sys/csrc/bun-usockets/src/libusockets.h:442:50: warning: pointer is missing a nullability type specifier (_Nonnull, _Nullable, or _Null_unspecified) [-Wnullability-completeness]
warning: bun_uws_sys@0.1.15:   442 | void us_internal_ssl_ctx_unref(struct ssl_ctx_st *ssl_ctx);
warning: bun_uws_sys@0.1.15:       |                                                  ^
warning: bun_uws_sys@0.1.15: /home/putao/code/rust/bao/src/uws_sys/csrc/bun-usockets/src/libusockets.h:442:50: note: insert '_Nullable' if the pointer may be null
warning: bun_uws_sys@0.1.15:   442 | void us_internal_ssl_ctx_unref(struct ssl_ctx_st *ssl_ctx);
warning: bun_uws_sys@0.1.15:       |                                                  ^
warning: bun_uws_sys@0.1.15:       |                                                    _Nullable
warning: bun_uws_sys@0.1.15: /home/putao/code/rust/bao/src/uws_sys/csrc/bun-usockets/src/libusockets.h:442:50: note: insert '_Nonnull' if the pointer should never be null
warning: bun_uws_sys@0.1.15:   442 | void us_internal_ssl_ctx_unref(struct ssl_ctx_st *ssl_ctx);
warning: bun_uws_sys@0.1.15:       |                                                  ^
warning: bun_uws_sys@0.1.15:       |                                                    _Nonnull
warning: bun_uws_sys@0.1.15: /home/putao/code/rust/bao/src/uws_sys/csrc/bun-usockets/src/libusockets.h:448:39: warning: pointer is missing a nullability type specifier (_Nonnull, _Nullable, or _Null_unspecified) [-Wnullability-completeness]
warning: bun_uws_sys@0.1.15:   448 | struct us_loop_t *us_create_loop(void *hint, void (*wakeup_cb)(us_loop_r loop),
warning: bun_uws_sys@0.1.15:       |                                       ^
warning: bun_uws_sys@0.1.15: /home/putao/code/rust/bao/src/uws_sys/csrc/bun-usockets/src/libusockets.h:448:39: note: insert '_Nullable' if the pointer may be null
warning: bun_uws_sys@0.1.15:   448 | struct us_loop_t *us_create_loop(void *hint, void (*wakeup_cb)(us_loop_r loop),
warning: bun_uws_sys@0.1.15:       |                                       ^
warning: bun_uws_sys@0.1.15:       |                                         _Nullable
warning: bun_uws_sys@0.1.15: /home/putao/code/rust/bao/src/uws_sys/csrc/bun-usockets/src/libusockets.h:448:39: note: insert '_Nonnull' if the pointer should never be null
warning: bun_uws_sys@0.1.15:   448 | struct us_loop_t *us_create_loop(void *hint, void (*wakeup_cb)(us_loop_r loop),
warning: bun_uws_sys@0.1.15:       |                                       ^
warning: bun_uws_sys@0.1.15:       |                                         _Nonnull
warning: bun_uws_sys@0.1.15: /home/putao/code/rust/bao/src/uws_sys/csrc/bun-usockets/src/libusockets.h:448:52: warning: pointer is missing a nullability type specifier (_Nonnull, _Nullable, or _Null_unspecified) [-Wnullability-completeness]
warning: bun_uws_sys@0.1.15:   448 | struct us_loop_t *us_create_loop(void *hint, void (*wakeup_cb)(us_loop_r loop),
warning: bun_uws_sys@0.1.15:       |                                                    ^
warning: bun_uws_sys@0.1.15: /home/putao/code/rust/bao/src/uws_sys/csrc/bun-usockets/src/libusockets.h:448:52: note: insert '_Nullable' if the pointer may be null
warning: bun_uws_sys@0.1.15:   448 | struct us_loop_t *us_create_loop(void *hint, void (*wakeup_cb)(us_loop_r loop),
warning: bun_uws_sys@0.1.15:       |                                                    ^
warning: bun_uws_sys@0.1.15:       |                                                      _Nullable
warning: bun_uws_sys@0.1.15: /home/putao/code/rust/bao/src/uws_sys/csrc/bun-usockets/src/libusockets.h:448:52: note: insert '_Nonnull' if the pointer should never be null
warning: bun_uws_sys@0.1.15:   448 | struct us_loop_t *us_create_loop(void *hint, void (*wakeup_cb)(us_loop_r loop),
warning: bun_uws_sys@0.1.15:       |                                                    ^
warning: bun_uws_sys@0.1.15:       |                                                      _Nonnull
warning: bun_uws_sys@0.1.15: /home/putao/code/rust/bao/src/uws_sys/csrc/bun-usockets/src/libusockets.h:449:11: warning: pointer is missing a nullability type specifier (_Nonnull, _Nullable, or _Null_unspecified) [-Wnullability-completeness]
warning: bun_uws_sys@0.1.15:   449 |     void (*pre_cb)(us_loop_r loop), void (*post_cb)(us_loop_r loop), unsigned int ext_size);
warning: bun_uws_sys@0.1.15:       |           ^
warning: bun_uws_sys@0.1.15: /home/putao/code/rust/bao/src/uws_sys/csrc/bun-usockets/src/libusockets.h:449:11: note: insert '_Nullable' if the pointer may be null
warning: bun_uws_sys@0.1.15:   449 |     void (*pre_cb)(us_loop_r loop), void (*post_cb)(us_loop_r loop), unsigned int ext_size);
warning: bun_uws_sys@0.1.15:       |           ^
warning: bun_uws_sys@0.1.15:       |             _Nullable
warning: bun_uws_sys@0.1.15: /home/putao/code/rust/bao/src/uws_sys/csrc/bun-usockets/src/libusockets.h:449:11: note: insert '_Nonnull' if the pointer should never be null
warning: bun_uws_sys@0.1.15:   449 |     void (*pre_cb)(us_loop_r loop), void (*post_cb)(us_loop_r loop), unsigned int ext_size);
warning: bun_uws_sys@0.1.15:       |           ^
warning: bun_uws_sys@0.1.15:       |             _Nonnull
warning: bun_uws_sys@0.1.15: /home/putao/code/rust/bao/src/uws_sys/csrc/bun-usockets/src/libusockets.h:449:43: warning: pointer is missing a nullability type specifier (_Nonnull, _Nullable, or _Null_unspecified) [-Wnullability-completeness]
warning: bun_uws_sys@0.1.15:   449 |     void (*pre_cb)(us_loop_r loop), void (*post_cb)(us_loop_r loop), unsigned int ext_size);
warning: bun_uws_sys@0.1.15:       |                                           ^
warning: bun_uws_sys@0.1.15: /home/putao/code/rust/bao/src/uws_sys/csrc/bun-usockets/src/libusockets.h:449:43: note: insert '_Nullable' if the pointer may be null
warning: bun_uws_sys@0.1.15:   449 |     void (*pre_cb)(us_loop_r loop), void (*post_cb)(us_loop_r loop), unsigned int ext_size);
warning: bun_uws_sys@0.1.15:       |                                           ^
warning: bun_uws_sys@0.1.15:       |                                             _Nullable
warning: bun_uws_sys@0.1.15: /home/putao/code/rust/bao/src/uws_sys/csrc/bun-usockets/src/libusockets.h:449:43: note: insert '_Nonnull' if the pointer should never be null
warning: bun_uws_sys@0.1.15:   449 |     void (*pre_cb)(us_loop_r loop), void (*post_cb)(us_loop_r loop), unsigned int ext_size);
warning: bun_uws_sys@0.1.15:       |                                           ^
warning: bun_uws_sys@0.1.15:       |                                             _Nonnull
warning: bun_uws_sys@0.1.15: /home/putao/code/rust/bao/src/uws_sys/csrc/bun-usockets/src/libusockets.h:448:18: warning: pointer is missing a nullability type specifier (_Nonnull, _Nullable, or _Null_unspecified) [-Wnullability-completeness]
warning: bun_uws_sys@0.1.15:   448 | struct us_loop_t *us_create_loop(void *hint, void (*wakeup_cb)(us_loop_r loop),
warning: bun_uws_sys@0.1.15:       |                  ^
warning: bun_uws_sys@0.1.15: /home/putao/code/rust/bao/src/uws_sys/csrc/bun-usockets/src/libusockets.h:448:18: note: insert '_Nullable' if the pointer may be null
warning: bun_uws_sys@0.1.15:   448 | struct us_loop_t *us_create_loop(void *hint, void (*wakeup_cb)(us_loop_r loop),
warning: bun_uws_sys@0.1.15:       |                  ^
warning: bun_uws_sys@0.1.15:       |                    _Nullable
warning: bun_uws_sys@0.1.15: /home/putao/code/rust/bao/src/uws_sys/csrc/bun-usockets/src/libusockets.h:448:18: note: insert '_Nonnull' if the pointer should never be null
warning: bun_uws_sys@0.1.15:   448 | struct us_loop_t *us_create_loop(void *hint, void (*wakeup_cb)(us_loop_r loop),
warning: bun_uws_sys@0.1.15:       |                  ^
warning: bun_uws_sys@0.1.15:       |                    _Nonnull
warning: bun_uws_sys@0.1.15: /home/putao/code/rust/bao/src/uws_sys/csrc/bun-usockets/src/libusockets.h:455:6: warning: pointer is missing a nullability type specifier (_Nonnull, _Nullable, or _Null_unspecified) [-Wnullability-completeness]
warning: bun_uws_sys@0.1.15:   455 | void *us_loop_ext(us_loop_r loop) nonnull_fn_decl;
warning: bun_uws_sys@0.1.15:       |      ^
warning: bun_uws_sys@0.1.15: /home/putao/code/rust/bao/src/uws_sys/csrc/bun-usockets/src/libusockets.h:455:6: note: insert '_Nullable' if the pointer may be null
warning: bun_uws_sys@0.1.15:   455 | void *us_loop_ext(us_loop_r loop) nonnull_fn_decl;
warning: bun_uws_sys@0.1.15:       |      ^
warning: bun_uws_sys@0.1.15:       |        _Nullable
warning: bun_uws_sys@0.1.15: /home/putao/code/rust/bao/src/uws_sys/csrc/bun-usockets/src/libusockets.h:455:6: note: insert '_Nonnull' if the pointer should never be null
warning: bun_uws_sys@0.1.15:   455 | void *us_loop_ext(us_loop_r loop) nonnull_fn_decl;
warning: bun_uws_sys@0.1.15:       |      ^
warning: bun_uws_sys@0.1.15:       |        _Nonnull
warning: bun_uws_sys@0.1.15: /home/putao/code/rust/bao/src/uws_sys/csrc/bun-usockets/src/libusockets.h:471:18: warning: pointer is missing a nullability type specifier (_Nonnull, _Nullable, or _Null_unspecified) [-Wnullability-completeness]
warning: bun_uws_sys@0.1.15:   471 | struct us_poll_t *us_create_poll(us_loop_r loop, int fallthrough, unsigned int ext_size);
warning: bun_uws_sys@0.1.15:       |                  ^
warning: bun_uws_sys@0.1.15: /home/putao/code/rust/bao/src/uws_sys/csrc/bun-usockets/src/libusockets.h:471:18: note: insert '_Nullable' if the pointer may be null
warning: bun_uws_sys@0.1.15:   471 | struct us_poll_t *us_create_poll(us_loop_r loop, int fallthrough, unsigned int ext_size);
warning: bun_uws_sys@0.1.15:       |                  ^
warning: bun_uws_sys@0.1.15:       |                    _Nullable
warning: bun_uws_sys@0.1.15: /home/putao/code/rust/bao/src/uws_sys/csrc/bun-usockets/src/libusockets.h:471:18: note: insert '_Nonnull' if the pointer should never be null
warning: bun_uws_sys@0.1.15:   471 | struct us_poll_t *us_create_poll(us_loop_r loop, int fallthrough, unsigned int ext_size);
warning: bun_uws_sys@0.1.15:       |                  ^
warning: bun_uws_sys@0.1.15:       |                    _Nonnull
warning: bun_uws_sys@0.1.15: /home/putao/code/rust/bao/src/uws_sys/csrc/bun-usockets/src/libusockets.h:474:49: warning: pointer is missing a nullability type specifier (_Nonnull, _Nullable, or _Null_unspecified) [-Wnullability-completeness]
warning: bun_uws_sys@0.1.15:   474 | void us_poll_free(us_poll_r p, struct us_loop_t *loop);
warning: bun_uws_sys@0.1.15:       |                                                 ^
warning: bun_uws_sys@0.1.15: /home/putao/code/rust/bao/src/uws_sys/csrc/bun-usockets/src/libusockets.h:474:49: note: insert '_Nullable' if the pointer may be null
warning: bun_uws_sys@0.1.15:   474 | void us_poll_free(us_poll_r p, struct us_loop_t *loop);
warning: bun_uws_sys@0.1.15:       |                                                 ^
warning: bun_uws_sys@0.1.15:       |                                                   _Nullable
warning: bun_uws_sys@0.1.15: /home/putao/code/rust/bao/src/uws_sys/csrc/bun-usockets/src/libusockets.h:474:49: note: insert '_Nonnull' if the pointer should never be null
warning: bun_uws_sys@0.1.15:   474 | void us_poll_free(us_poll_r p, struct us_loop_t *loop);
warning: bun_uws_sys@0.1.15:       |                                                 ^
warning: bun_uws_sys@0.1.15:       |                                                   _Nonnull
warning: bun_uws_sys@0.1.15: /home/putao/code/rust/bao/src/uws_sys/csrc/bun-usockets/src/libusockets.h:486:49: warning: pointer is missing a nullability type specifier (_Nonnull, _Nullable, or _Null_unspecified) [-Wnullability-completeness]
warning: bun_uws_sys@0.1.15:   486 | void us_poll_stop(us_poll_r p, struct us_loop_t *loop) nonnull_fn_decl;
warning: bun_uws_sys@0.1.15:       |                                                 ^
warning: bun_uws_sys@0.1.15: /home/putao/code/rust/bao/src/uws_sys/csrc/bun-usockets/src/libusockets.h:486:49: note: insert '_Nullable' if the pointer may be null
warning: bun_uws_sys@0.1.15:   486 | void us_poll_stop(us_poll_r p, struct us_loop_t *loop) nonnull_fn_decl;
warning: bun_uws_sys@0.1.15:       |                                                 ^
warning: bun_uws_sys@0.1.15:       |                                                   _Nullable
warning: bun_uws_sys@0.1.15: /home/putao/code/rust/bao/src/uws_sys/csrc/bun-usockets/src/libusockets.h:486:49: note: insert '_Nonnull' if the pointer should never be null
warning: bun_uws_sys@0.1.15:   486 | void us_poll_stop(us_poll_r p, struct us_loop_t *loop) nonnull_fn_decl;
warning: bun_uws_sys@0.1.15:       |                                                 ^
warning: bun_uws_sys@0.1.15:       |                                                   _Nonnull
warning: bun_uws_sys@0.1.15: /home/putao/code/rust/bao/src/uws_sys/csrc/bun-usockets/src/libusockets.h:492:6: warning: pointer is missing a nullability type specifier (_Nonnull, _Nullable, or _Null_unspecified) [-Wnullability-completeness]
warning: bun_uws_sys@0.1.15:   492 | void *us_poll_ext(us_poll_r p) nonnull_fn_decl;
warning: bun_uws_sys@0.1.15:       |      ^
warning: bun_uws_sys@0.1.15: /home/putao/code/rust/bao/src/uws_sys/csrc/bun-usockets/src/libusockets.h:492:6: note: insert '_Nullable' if the pointer may be null
warning: bun_uws_sys@0.1.15:   492 | void *us_poll_ext(us_poll_r p) nonnull_fn_decl;
warning: bun_uws_sys@0.1.15:       |      ^
warning: bun_uws_sys@0.1.15:       |        _Nullable
warning: bun_uws_sys@0.1.15: /home/putao/code/rust/bao/src/uws_sys/csrc/bun-usockets/src/libusockets.h:492:6: note: insert '_Nonnull' if the pointer should never be null
warning: bun_uws_sys@0.1.15:   492 | void *us_poll_ext(us_poll_r p) nonnull_fn_decl;
warning: bun_uws_sys@0.1.15:       |      ^
warning: bun_uws_sys@0.1.15:       |        _Nonnull
warning: bun_uws_sys@0.1.15: /home/putao/code/rust/bao/src/uws_sys/csrc/bun-usockets/src/libusockets.h:498:18: warning: pointer is missing a nullability type specifier (_Nonnull, _Nullable, or _Null_unspecified) [-Wnullability-completeness]
warning: bun_uws_sys@0.1.15:   498 | struct us_poll_t *us_poll_resize(us_poll_r p, us_loop_r loop, unsigned int old_ext_size, unsigned int ext_size) nonnull_fn_decl;
warning: bun_uws_sys@0.1.15:       |                  ^
warning: bun_uws_sys@0.1.15: /home/putao/code/rust/bao/src/uws_sys/csrc/bun-usockets/src/libusockets.h:498:18: note: insert '_Nullable' if the pointer may be null
warning: bun_uws_sys@0.1.15:   498 | struct us_poll_t *us_poll_resize(us_poll_r p, us_loop_r loop, unsigned int old_ext_size, unsigned int ext_size) nonnull_fn_decl;
warning: bun_uws_sys@0.1.15:       |                  ^
warning: bun_uws_sys@0.1.15:       |                    _Nullable
warning: bun_uws_sys@0.1.15: /home/putao/code/rust/bao/src/uws_sys/csrc/bun-usockets/src/libusockets.h:498:18: note: insert '_Nonnull' if the pointer should never be null
warning: bun_uws_sys@0.1.15:   498 | struct us_poll_t *us_poll_resize(us_poll_r p, us_loop_r loop, unsigned int old_ext_size, unsigned int ext_size) nonnull_fn_decl;
warning: bun_uws_sys@0.1.15:       |                  ^
warning: bun_uws_sys@0.1.15:       |                    _Nonnull
warning: bun_uws_sys@0.1.15: /home/putao/code/rust/bao/src/uws_sys/csrc/bun-usockets/src/libusockets.h:504:6: warning: pointer is missing a nullability type specifier (_Nonnull, _Nullable, or _Null_unspecified) [-Wnullability-completeness]
warning: bun_uws_sys@0.1.15:   504 | void *us_socket_get_native_handle(us_socket_r s) nonnull_fn_decl;
warning: bun_uws_sys@0.1.15:       |      ^
warning: bun_uws_sys@0.1.15: /home/putao/code/rust/bao/src/uws_sys/csrc/bun-usockets/src/libusockets.h:504:6: note: insert '_Nullable' if the pointer may be null
warning: bun_uws_sys@0.1.15:   504 | void *us_socket_get_native_handle(us_socket_r s) nonnull_fn_decl;
warning: bun_uws_sys@0.1.15:       |      ^
warning: bun_uws_sys@0.1.15:       |        _Nullable
warning: bun_uws_sys@0.1.15: /home/putao/code/rust/bao/src/uws_sys/csrc/bun-usockets/src/libusockets.h:504:6: note: insert '_Nonnull' if the pointer should never be null
warning: bun_uws_sys@0.1.15:   504 | void *us_socket_get_native_handle(us_socket_r s) nonnull_fn_decl;
warning: bun_uws_sys@0.1.15:       |      ^
warning: bun_uws_sys@0.1.15:       |        _Nonnull
warning: bun_uws_sys@0.1.15: /home/putao/code/rust/bao/src/uws_sys/csrc/bun-usockets/src/libusockets.h:509:48: warning: pointer is missing a nullability type specifier (_Nonnull, _Nullable, or _Null_unspecified) [-Wnullability-completeness]
warning: bun_uws_sys@0.1.15:   509 | int us_socket_write2(us_socket_r s, const char *header, int header_length, const char *payload, int payload_length) nonnull_fn_decl;
warning: bun_uws_sys@0.1.15:       |                                                ^
warning: bun_uws_sys@0.1.15: /home/putao/code/rust/bao/src/uws_sys/csrc/bun-usockets/src/libusockets.h:509:48: note: insert '_Nullable' if the pointer may be null
warning: bun_uws_sys@0.1.15:   509 | int us_socket_write2(us_socket_r s, const char *header, int header_length, const char *payload, int payload_length) nonnull_fn_decl;
warning: bun_uws_sys@0.1.15:       |                                                ^
warning: bun_uws_sys@0.1.15:       |                                                  _Nullable
warning: bun_uws_sys@0.1.15: /home/putao/code/rust/bao/src/uws_sys/csrc/bun-usockets/src/libusockets.h:509:48: note: insert '_Nonnull' if the pointer should never be null
warning: bun_uws_sys@0.1.15:   509 | int us_socket_write2(us_socket_r s, const char *header, int header_length, const char *payload, int payload_length) nonnull_fn_decl;
warning: bun_uws_sys@0.1.15:       |                                                ^
warning: bun_uws_sys@0.1.15:       |                                                  _Nonnull
warning: bun_uws_sys@0.1.15: /home/putao/code/rust/bao/src/uws_sys/csrc/bun-usockets/src/libusockets.h:509:87: warning: pointer is missing a nullability type specifier (_Nonnull, _Nullable, or _Null_unspecified) [-Wnullability-completeness]
warning: bun_uws_sys@0.1.15:   509 | int us_socket_write2(us_socket_r s, const char *header, int header_length, const char *payload, int payload_length) nonnull_fn_decl;
warning: bun_uws_sys@0.1.15:       |                                                                                       ^
warning: bun_uws_sys@0.1.15: /home/putao/code/rust/bao/src/uws_sys/csrc/bun-usockets/src/libusockets.h:509:87: note: insert '_Nullable' if the pointer may be null
warning: bun_uws_sys@0.1.15:   509 | int us_socket_write2(us_socket_r s, const char *header, int header_length, const char *payload, int payload_length) nonnull_fn_decl;
warning: bun_uws_sys@0.1.15:       |                                                                                       ^
warning: bun_uws_sys@0.1.15:       |                                                                                         _Nullable
warning: bun_uws_sys@0.1.15: /home/putao/code/rust/bao/src/uws_sys/csrc/bun-usockets/src/libusockets.h:509:87: note: insert '_Nonnull' if the pointer should never be null
warning: bun_uws_sys@0.1.15:   509 | int us_socket_write2(us_socket_r s, const char *header, int header_length, const char *payload, int payload_length) nonnull_fn_decl;
warning: bun_uws_sys@0.1.15:       |                                                                                       ^
warning: bun_uws_sys@0.1.15:       |                                                                                         _Nonnull
warning: bun_uws_sys@0.1.15: /home/putao/code/rust/bao/src/uws_sys/csrc/bun-usockets/src/libusockets.h:511:51: warning: pointer is missing a nullability type specifier (_Nonnull, _Nullable, or _Null_unspecified) [-Wnullability-completeness]
warning: bun_uws_sys@0.1.15:   511 | int us_socket_raw_write(us_socket_r s, const char *data, int length);
warning: bun_uws_sys@0.1.15:       |                                                   ^
warning: bun_uws_sys@0.1.15: /home/putao/code/rust/bao/src/uws_sys/csrc/bun-usockets/src/libusockets.h:511:51: note: insert '_Nullable' if the pointer may be null
warning: bun_uws_sys@0.1.15:   511 | int us_socket_raw_write(us_socket_r s, const char *data, int length);
warning: bun_uws_sys@0.1.15:       |                                                   ^
warning: bun_uws_sys@0.1.15:       |                                                     _Nullable
warning: bun_uws_sys@0.1.15: /home/putao/code/rust/bao/src/uws_sys/csrc/bun-usockets/src/libusockets.h:511:51: note: insert '_Nonnull' if the pointer should never be null
warning: bun_uws_sys@0.1.15:   511 | int us_socket_raw_write(us_socket_r s, const char *data, int length);
warning: bun_uws_sys@0.1.15:       |                                                   ^
warning: bun_uws_sys@0.1.15:       |                                                     _Nonnull
warning: bun_uws_sys@0.1.15: /home/putao/code/rust/bao/src/uws_sys/csrc/bun-usockets/src/libusockets.h:516:6: warning: pointer is missing a nullability type specifier (_Nonnull, _Nullable, or _Null_unspecified) [-Wnullability-completeness]
warning: bun_uws_sys@0.1.15:   516 | void *us_socket_ext(us_socket_r s) nonnull_fn_decl;
warning: bun_uws_sys@0.1.15:       |      ^
warning: bun_uws_sys@0.1.15: /home/putao/code/rust/bao/src/uws_sys/csrc/bun-usockets/src/libusockets.h:516:6: note: insert '_Nullable' if the pointer may be null
warning: bun_uws_sys@0.1.15:   516 | void *us_socket_ext(us_socket_r s) nonnull_fn_decl;
warning: bun_uws_sys@0.1.15:       |      ^
warning: bun_uws_sys@0.1.15:       |        _Nullable
warning: bun_uws_sys@0.1.15: /home/putao/code/rust/bao/src/uws_sys/csrc/bun-usockets/src/libusockets.h:516:6: note: insert '_Nonnull' if the pointer should never be null
warning: bun_uws_sys@0.1.15:   516 | void *us_socket_ext(us_socket_r s) nonnull_fn_decl;
warning: bun_uws_sys@0.1.15:       |      ^
warning: bun_uws_sys@0.1.15:       |        _Nonnull
warning: bun_uws_sys@0.1.15: /home/putao/code/rust/bao/src/uws_sys/csrc/bun-usockets/src/libusockets.h:517:62: warning: pointer is missing a nullability type specifier (_Nonnull, _Nullable, or _Null_unspecified) [-Wnullability-completeness]
warning: bun_uws_sys@0.1.15:   517 | void *us_connecting_socket_ext(struct us_connecting_socket_t *c) nonnull_fn_decl;
warning: bun_uws_sys@0.1.15:       |                                                              ^
warning: bun_uws_sys@0.1.15: /home/putao/code/rust/bao/src/uws_sys/csrc/bun-usockets/src/libusockets.h:517:62: note: insert '_Nullable' if the pointer may be null
warning: bun_uws_sys@0.1.15:   517 | void *us_connecting_socket_ext(struct us_connecting_socket_t *c) nonnull_fn_decl;
warning: bun_uws_sys@0.1.15:       |                                                              ^
warning: bun_uws_sys@0.1.15:       |                                                                _Nullable
warning: bun_uws_sys@0.1.15: /home/putao/code/rust/bao/src/uws_sys/csrc/bun-usockets/src/libusockets.h:517:62: note: insert '_Nonnull' if the pointer should never be null
warning: bun_uws_sys@0.1.15:   517 | void *us_connecting_socket_ext(struct us_connecting_socket_t *c) nonnull_fn_decl;
warning: bun_uws_sys@0.1.15:       |                                                              ^
warning: bun_uws_sys@0.1.15:       |                                                                _Nonnull
warning: bun_uws_sys@0.1.15: /home/putao/code/rust/bao/src/uws_sys/csrc/bun-usockets/src/libusockets.h:517:6: warning: pointer is missing a nullability type specifier (_Nonnull, _Nullable, or _Null_unspecified) [-Wnullability-completeness]
warning: bun_uws_sys@0.1.15:   517 | void *us_connecting_socket_ext(struct us_connecting_socket_t *c) nonnull_fn_decl;
warning: bun_uws_sys@0.1.15:       |      ^
warning: bun_uws_sys@0.1.15: /home/putao/code/rust/bao/src/uws_sys/csrc/bun-usockets/src/libusockets.h:517:6: note: insert '_Nullable' if the pointer may be null
warning: bun_uws_sys@0.1.15:   517 | void *us_connecting_socket_ext(struct us_connecting_socket_t *c) nonnull_fn_decl;
warning: bun_uws_sys@0.1.15:       |      ^
warning: bun_uws_sys@0.1.15:       |        _Nullable
warning: bun_uws_sys@0.1.15: /home/putao/code/rust/bao/src/uws_sys/csrc/bun-usockets/src/libusockets.h:517:6: note: insert '_Nonnull' if the pointer should never be null
warning: bun_uws_sys@0.1.15:   517 | void *us_connecting_socket_ext(struct us_connecting_socket_t *c) nonnull_fn_decl;
warning: bun_uws_sys@0.1.15:       |      ^
warning: bun_uws_sys@0.1.15:       |        _Nonnull
warning: bun_uws_sys@0.1.15: /home/putao/code/rust/bao/src/uws_sys/csrc/bun-usockets/src/libusockets.h:519:26: warning: pointer is missing a nullability type specifier (_Nonnull, _Nullable, or _Null_unspecified) [-Wnullability-completeness]
warning: bun_uws_sys@0.1.15:   519 | struct us_socket_group_t *us_socket_group(us_socket_r s) nonnull_fn_decl __attribute__((returns_nonnull));
warning: bun_uws_sys@0.1.15:       |                          ^
warning: bun_uws_sys@0.1.15: /home/putao/code/rust/bao/src/uws_sys/csrc/bun-usockets/src/libusockets.h:519:26: note: insert '_Nullable' if the pointer may be null
warning: bun_uws_sys@0.1.15:   519 | struct us_socket_group_t *us_socket_group(us_socket_r s) nonnull_fn_decl __attribute__((returns_nonnull));
warning: bun_uws_sys@0.1.15:       |                          ^
warning: bun_uws_sys@0.1.15:       |                            _Nullable
warning: bun_uws_sys@0.1.15: /home/putao/code/rust/bao/src/uws_sys/csrc/bun-usockets/src/libusockets.h:519:26: note: insert '_Nonnull' if the pointer should never be null
warning: bun_uws_sys@0.1.15:   519 | struct us_socket_group_t *us_socket_group(us_socket_r s) nonnull_fn_decl __attribute__((returns_nonnull));
warning: bun_uws_sys@0.1.15:       |                          ^
warning: bun_uws_sys@0.1.15:       |                            _Nonnull
warning: bun_uws_sys@0.1.15: /home/putao/code/rust/bao/src/uws_sys/csrc/bun-usockets/src/libusockets.h:546:67: warning: pointer is missing a nullability type specifier (_Nonnull, _Nullable, or _Null_unspecified) [-Wnullability-completeness]
warning: bun_uws_sys@0.1.15:   546 | struct us_socket_t *us_socket_close(us_socket_r s, int code, void *reason) __attribute__((nonnull(1)));
warning: bun_uws_sys@0.1.15:       |                                                                   ^
warning: bun_uws_sys@0.1.15: /home/putao/code/rust/bao/src/uws_sys/csrc/bun-usockets/src/libusockets.h:546:67: note: insert '_Nullable' if the pointer may be null
warning: bun_uws_sys@0.1.15:   546 | struct us_socket_t *us_socket_close(us_socket_r s, int code, void *reason) __attribute__((nonnull(1)));
warning: bun_uws_sys@0.1.15:       |                                                                   ^
warning: bun_uws_sys@0.1.15:       |                                                                     _Nullable
warning: bun_uws_sys@0.1.15: /home/putao/code/rust/bao/src/uws_sys/csrc/bun-usockets/src/libusockets.h:546:67: note: insert '_Nonnull' if the pointer should never be null
warning: bun_uws_sys@0.1.15:   546 | struct us_socket_t *us_socket_close(us_socket_r s, int code, void *reason) __attribute__((nonnull(1)));
warning: bun_uws_sys@0.1.15:       |                                                                   ^
warning: bun_uws_sys@0.1.15:       |                                                                     _Nonnull
warning: bun_uws_sys@0.1.15: /home/putao/code/rust/bao/src/uws_sys/csrc/bun-usockets/src/libusockets.h:546:20: warning: pointer is missing a nullability type specifier (_Nonnull, _Nullable, or _Null_unspecified) [-Wnullability-completeness]
warning: bun_uws_sys@0.1.15:   546 | struct us_socket_t *us_socket_close(us_socket_r s, int code, void *reason) __attribute__((nonnull(1)));
warning: bun_uws_sys@0.1.15:       |                    ^
warning: bun_uws_sys@0.1.15: /home/putao/code/rust/bao/src/uws_sys/csrc/bun-usockets/src/libusockets.h:546:20: note: insert '_Nullable' if the pointer may be null
warning: bun_uws_sys@0.1.15:   546 | struct us_socket_t *us_socket_close(us_socket_r s, int code, void *reason) __attribute__((nonnull(1)));
warning: bun_uws_sys@0.1.15:       |                    ^
warning: bun_uws_sys@0.1.15:       |                      _Nullable
warning: bun_uws_sys@0.1.15: /home/putao/code/rust/bao/src/uws_sys/csrc/bun-usockets/src/libusockets.h:546:20: note: insert '_Nonnull' if the pointer should never be null
warning: bun_uws_sys@0.1.15:   546 | struct us_socket_t *us_socket_close(us_socket_r s, int code, void *reason) __attribute__((nonnull(1)));
warning: bun_uws_sys@0.1.15:       |                    ^
warning: bun_uws_sys@0.1.15:       |                      _Nonnull
warning: bun_uws_sys@0.1.15: /home/putao/code/rust/bao/src/uws_sys/csrc/bun-usockets/src/libusockets.h:553:20: warning: pointer is missing a nullability type specifier (_Nonnull, _Nullable, or _Null_unspecified) [-Wnullability-completeness]
warning: bun_uws_sys@0.1.15:   553 | struct us_socket_t *us_socket_detach(us_socket_r s) nonnull_fn_decl;
warning: bun_uws_sys@0.1.15:       |                    ^
warning: bun_uws_sys@0.1.15: /home/putao/code/rust/bao/src/uws_sys/csrc/bun-usockets/src/libusockets.h:553:20: note: insert '_Nullable' if the pointer may be null
warning: bun_uws_sys@0.1.15:   553 | struct us_socket_t *us_socket_detach(us_socket_r s) nonnull_fn_decl;
warning: bun_uws_sys@0.1.15:       |                    ^
warning: bun_uws_sys@0.1.15:       |                      _Nullable
warning: bun_uws_sys@0.1.15: /home/putao/code/rust/bao/src/uws_sys/csrc/bun-usockets/src/libusockets.h:553:20: note: insert '_Nonnull' if the pointer should never be null
warning: bun_uws_sys@0.1.15:   553 | struct us_socket_t *us_socket_detach(us_socket_r s) nonnull_fn_decl;
warning: bun_uws_sys@0.1.15:       |                    ^
warning: bun_uws_sys@0.1.15:       |                      _Nonnull
warning: bun_uws_sys@0.1.15: /home/putao/code/rust/bao/src/uws_sys/csrc/bun-usockets/src/libusockets.h:554:54: warning: pointer is missing a nullability type specifier (_Nonnull, _Nullable, or _Null_unspecified) [-Wnullability-completeness]
warning: bun_uws_sys@0.1.15:   554 | int us_socket_ipc_write_fd(us_socket_r s, const char *data, int length, int fd) nonnull_fn_decl;
warning: bun_uws_sys@0.1.15:       |                                                      ^
warning: bun_uws_sys@0.1.15: /home/putao/code/rust/bao/src/uws_sys/csrc/bun-usockets/src/libusockets.h:554:54: note: insert '_Nullable' if the pointer may be null
warning: bun_uws_sys@0.1.15:   554 | int us_socket_ipc_write_fd(us_socket_r s, const char *data, int length, int fd) nonnull_fn_decl;
warning: bun_uws_sys@0.1.15:       |                                                      ^
warning: bun_uws_sys@0.1.15:       |                                                        _Nullable
warning: bun_uws_sys@0.1.15: /home/putao/code/rust/bao/src/uws_sys/csrc/bun-usockets/src/libusockets.h:554:54: note: insert '_Nonnull' if the pointer should never be null
warning: bun_uws_sys@0.1.15:   554 | int us_socket_ipc_write_fd(us_socket_r s, const char *data, int length, int fd) nonnull_fn_decl;
warning: bun_uws_sys@0.1.15:       |                                                      ^
warning: bun_uws_sys@0.1.15:       |                                                        _Nonnull
warning: bun_uws_sys@0.1.15: /home/putao/code/rust/bao/src/uws_sys/csrc/bun-usockets/src/libusockets.h:556:54: warning: pointer is missing a nullability type specifier (_Nonnull, _Nullable, or _Null_unspecified) [-Wnullability-completeness]
warning: bun_uws_sys@0.1.15:   556 | void *us_listen_socket_ext(struct us_listen_socket_t *ls) nonnull_fn_decl;
warning: bun_uws_sys@0.1.15:       |                                                      ^
warning: bun_uws_sys@0.1.15: /home/putao/code/rust/bao/src/uws_sys/csrc/bun-usockets/src/libusockets.h:556:54: note: insert '_Nullable' if the pointer may be null
warning: bun_uws_sys@0.1.15:   556 | void *us_listen_socket_ext(struct us_listen_socket_t *ls) nonnull_fn_decl;
warning: bun_uws_sys@0.1.15:       |                                                      ^
warning: bun_uws_sys@0.1.15:       |                                                        _Nullable
warning: bun_uws_sys@0.1.15: /home/putao/code/rust/bao/src/uws_sys/csrc/bun-usockets/src/libusockets.h:556:54: note: insert '_Nonnull' if the pointer should never be null
warning: bun_uws_sys@0.1.15:   556 | void *us_listen_socket_ext(struct us_listen_socket_t *ls) nonnull_fn_decl;
warning: bun_uws_sys@0.1.15:       |                                                      ^
warning: bun_uws_sys@0.1.15:       |                                                        _Nonnull
warning: bun_uws_sys@0.1.15: /home/putao/code/rust/bao/src/uws_sys/csrc/bun-usockets/src/libusockets.h:556:6: warning: pointer is missing a nullability type specifier (_Nonnull, _Nullable, or _Null_unspecified) [-Wnullability-completeness]
warning: bun_uws_sys@0.1.15:   556 | void *us_listen_socket_ext(struct us_listen_socket_t *ls) nonnull_fn_decl;
warning: bun_uws_sys@0.1.15:       |      ^
warning: bun_uws_sys@0.1.15: /home/putao/code/rust/bao/src/uws_sys/csrc/bun-usockets/src/libusockets.h:556:6: note: insert '_Nullable' if the pointer may be null
warning: bun_uws_sys@0.1.15:   556 | void *us_listen_socket_ext(struct us_listen_socket_t *ls) nonnull_fn_decl;
warning: bun_uws_sys@0.1.15:       |      ^
warning: bun_uws_sys@0.1.15:       |        _Nullable
warning: bun_uws_sys@0.1.15: /home/putao/code/rust/bao/src/uws_sys/csrc/bun-usockets/src/libusockets.h:556:6: note: insert '_Nonnull' if the pointer should never be null
warning: bun_uws_sys@0.1.15:   556 | void *us_listen_socket_ext(struct us_listen_socket_t *ls) nonnull_fn_decl;
warning: bun_uws_sys@0.1.15:       |      ^
warning: bun_uws_sys@0.1.15:       |        _Nonnull
warning: bun_uws_sys@0.1.15: /home/putao/code/rust/bao/src/uws_sys/csrc/bun-usockets/src/libusockets.h:557:75: warning: pointer is missing a nullability type specifier (_Nonnull, _Nullable, or _Null_unspecified) [-Wnullability-completeness]
warning: bun_uws_sys@0.1.15:   557 | LIBUS_SOCKET_DESCRIPTOR us_listen_socket_get_fd(struct us_listen_socket_t *ls) nonnull_fn_decl;
warning: bun_uws_sys@0.1.15:       |                                                                           ^
warning: bun_uws_sys@0.1.15: /home/putao/code/rust/bao/src/uws_sys/csrc/bun-usockets/src/libusockets.h:557:75: note: insert '_Nullable' if the pointer may be null
warning: bun_uws_sys@0.1.15:   557 | LIBUS_SOCKET_DESCRIPTOR us_listen_socket_get_fd(struct us_listen_socket_t *ls) nonnull_fn_decl;
warning: bun_uws_sys@0.1.15:       |                                                                           ^
warning: bun_uws_sys@0.1.15:       |                                                                             _Nullable
warning: bun_uws_sys@0.1.15: /home/putao/code/rust/bao/src/uws_sys/csrc/bun-usockets/src/libusockets.h:557:75: note: insert '_Nonnull' if the pointer should never be null
warning: bun_uws_sys@0.1.15:   557 | LIBUS_SOCKET_DESCRIPTOR us_listen_socket_get_fd(struct us_listen_socket_t *ls) nonnull_fn_decl;
warning: bun_uws_sys@0.1.15:       |                                                                           ^
warning: bun_uws_sys@0.1.15:       |                                                                             _Nonnull
warning: bun_uws_sys@0.1.15: /home/putao/code/rust/bao/src/uws_sys/csrc/bun-usockets/src/libusockets.h:558:53: warning: pointer is missing a nullability type specifier (_Nonnull, _Nullable, or _Null_unspecified) [-Wnullability-completeness]
warning: bun_uws_sys@0.1.15:   558 | int us_listen_socket_port(struct us_listen_socket_t *ls) nonnull_fn_decl;
warning: bun_uws_sys@0.1.15:       |                                                     ^
warning: bun_uws_sys@0.1.15: /home/putao/code/rust/bao/src/uws_sys/csrc/bun-usockets/src/libusockets.h:558:53: note: insert '_Nullable' if the pointer may be null
warning: bun_uws_sys@0.1.15:   558 | int us_listen_socket_port(struct us_listen_socket_t *ls) nonnull_fn_decl;
warning: bun_uws_sys@0.1.15:       |                                                     ^
warning: bun_uws_sys@0.1.15:       |                                                       _Nullable
warning: bun_uws_sys@0.1.15: /home/putao/code/rust/bao/src/uws_sys/csrc/bun-usockets/src/libusockets.h:558:53: note: insert '_Nonnull' if the pointer should never be null
warning: bun_uws_sys@0.1.15:   558 | int us_listen_socket_port(struct us_listen_socket_t *ls) nonnull_fn_decl;
warning: bun_uws_sys@0.1.15:       |                                                     ^
warning: bun_uws_sys@0.1.15:       |                                                       _Nonnull
warning: bun_uws_sys@0.1.15: /home/putao/code/rust/bao/src/uws_sys/csrc/bun-usockets/src/libusockets.h:559:76: warning: pointer is missing a nullability type specifier (_Nonnull, _Nullable, or _Null_unspecified) [-Wnullability-completeness]
warning: bun_uws_sys@0.1.15:   559 | struct us_socket_group_t *us_listen_socket_group(struct us_listen_socket_t *ls) nonnull_fn_decl;
warning: bun_uws_sys@0.1.15:       |                                                                            ^
warning: bun_uws_sys@0.1.15: /home/putao/code/rust/bao/src/uws_sys/csrc/bun-usockets/src/libusockets.h:559:76: note: insert '_Nullable' if the pointer may be null
warning: bun_uws_sys@0.1.15:   559 | struct us_socket_group_t *us_listen_socket_group(struct us_listen_socket_t *ls) nonnull_fn_decl;
warning: bun_uws_sys@0.1.15:       |                                                                            ^
warning: bun_uws_sys@0.1.15:       |                                                                              _Nullable
warning: bun_uws_sys@0.1.15: /home/putao/code/rust/bao/src/uws_sys/csrc/bun-usockets/src/libusockets.h:559:76: note: insert '_Nonnull' if the pointer should never be null
warning: bun_uws_sys@0.1.15:   559 | struct us_socket_group_t *us_listen_socket_group(struct us_listen_socket_t *ls) nonnull_fn_decl;
warning: bun_uws_sys@0.1.15:       |                                                                            ^
warning: bun_uws_sys@0.1.15:       |                                                                              _Nonnull
warning: bun_uws_sys@0.1.15: /home/putao/code/rust/bao/src/uws_sys/csrc/bun-usockets/src/libusockets.h:559:26: warning: pointer is missing a nullability type specifier (_Nonnull, _Nullable, or _Null_unspecified) [-Wnullability-completeness]
warning: bun_uws_sys@0.1.15:   559 | struct us_socket_group_t *us_listen_socket_group(struct us_listen_socket_t *ls) nonnull_fn_decl;
warning: bun_uws_sys@0.1.15:       |                          ^
warning: bun_uws_sys@0.1.15: /home/putao/code/rust/bao/src/uws_sys/csrc/bun-usockets/src/libusockets.h:559:26: note: insert '_Nullable' if the pointer may be null
warning: bun_uws_sys@0.1.15:   559 | struct us_socket_group_t *us_listen_socket_group(struct us_listen_socket_t *ls) nonnull_fn_decl;
warning: bun_uws_sys@0.1.15:       |                          ^
warning: bun_uws_sys@0.1.15:       |                            _Nullable
warning: bun_uws_sys@0.1.15: /home/putao/code/rust/bao/src/uws_sys/csrc/bun-usockets/src/libusockets.h:559:26: note: insert '_Nonnull' if the pointer should never be null
warning: bun_uws_sys@0.1.15:   559 | struct us_socket_group_t *us_listen_socket_group(struct us_listen_socket_t *ls) nonnull_fn_decl;
warning: bun_uws_sys@0.1.15:       |                          ^
warning: bun_uws_sys@0.1.15:       |                            _Nonnull
warning: bun_uws_sys@0.1.15: /home/putao/code/rust/bao/src/uws_sys/csrc/bun-usockets/src/libusockets.h:563:27: warning: pointer is missing a nullability type specifier (_Nonnull, _Nullable, or _Null_unspecified) [-Wnullability-completeness]
warning: bun_uws_sys@0.1.15:   563 | struct us_listen_socket_t *us_socket_group_head_listen_socket(us_socket_group_r group) nonnull_fn_decl;
warning: bun_uws_sys@0.1.15:       |                           ^
warning: bun_uws_sys@0.1.15: /home/putao/code/rust/bao/src/uws_sys/csrc/bun-usockets/src/libusockets.h:563:27: note: insert '_Nullable' if the pointer may be null
warning: bun_uws_sys@0.1.15:   563 | struct us_listen_socket_t *us_socket_group_head_listen_socket(us_socket_group_r group) nonnull_fn_decl;
warning: bun_uws_sys@0.1.15:       |                           ^
warning: bun_uws_sys@0.1.15:       |                             _Nullable
warning: bun_uws_sys@0.1.15: /home/putao/code/rust/bao/src/uws_sys/csrc/bun-usockets/src/libusockets.h:563:27: note: insert '_Nonnull' if the pointer should never be null
warning: bun_uws_sys@0.1.15:   563 | struct us_listen_socket_t *us_socket_group_head_listen_socket(us_socket_group_r group) nonnull_fn_decl;
warning: bun_uws_sys@0.1.15:       |                           ^
warning: bun_uws_sys@0.1.15:       |                             _Nonnull
warning: bun_uws_sys@0.1.15: /home/putao/code/rust/bao/src/uws_sys/csrc/bun-usockets/src/libusockets.h:564:76: warning: pointer is missing a nullability type specifier (_Nonnull, _Nullable, or _Null_unspecified) [-Wnullability-completeness]
warning: bun_uws_sys@0.1.15:   564 | struct us_listen_socket_t *us_listen_socket_next(struct us_listen_socket_t *ls) nonnull_fn_decl;
warning: bun_uws_sys@0.1.15:       |                                                                            ^
warning: bun_uws_sys@0.1.15: /home/putao/code/rust/bao/src/uws_sys/csrc/bun-usockets/src/libusockets.h:564:76: note: insert '_Nullable' if the pointer may be null
warning: bun_uws_sys@0.1.15:   564 | struct us_listen_socket_t *us_listen_socket_next(struct us_listen_socket_t *ls) nonnull_fn_decl;
warning: bun_uws_sys@0.1.15:       |                                                                            ^
warning: bun_uws_sys@0.1.15:       |                                                                              _Nullable
warning: bun_uws_sys@0.1.15: /home/putao/code/rust/bao/src/uws_sys/csrc/bun-usockets/src/libusockets.h:564:76: note: insert '_Nonnull' if the pointer should never be null
warning: bun_uws_sys@0.1.15:   564 | struct us_listen_socket_t *us_listen_socket_next(struct us_listen_socket_t *ls) nonnull_fn_decl;
warning: bun_uws_sys@0.1.15:       |                                                                            ^
warning: bun_uws_sys@0.1.15:       |                                                                              _Nonnull
warning: bun_uws_sys@0.1.15: /home/putao/code/rust/bao/src/uws_sys/csrc/bun-usockets/src/libusockets.h:564:27: warning: pointer is missing a nullability type specifier (_Nonnull, _Nullable, or _Null_unspecified) [-Wnullability-completeness]
warning: bun_uws_sys@0.1.15:   564 | struct us_listen_socket_t *us_listen_socket_next(struct us_listen_socket_t *ls) nonnull_fn_decl;
warning: bun_uws_sys@0.1.15:       |                           ^
warning: bun_uws_sys@0.1.15: /home/putao/code/rust/bao/src/uws_sys/csrc/bun-usockets/src/libusockets.h:564:27: note: insert '_Nullable' if the pointer may be null
warning: bun_uws_sys@0.1.15:   564 | struct us_listen_socket_t *us_listen_socket_next(struct us_listen_socket_t *ls) nonnull_fn_decl;
warning: bun_uws_sys@0.1.15:       |                           ^
warning: bun_uws_sys@0.1.15:       |                             _Nullable
warning: bun_uws_sys@0.1.15: /home/putao/code/rust/bao/src/uws_sys/csrc/bun-usockets/src/libusockets.h:564:27: note: insert '_Nonnull' if the pointer should never be null
warning: bun_uws_sys@0.1.15:   564 | struct us_listen_socket_t *us_listen_socket_next(struct us_listen_socket_t *ls) nonnull_fn_decl;
warning: bun_uws_sys@0.1.15:       |                           ^
warning: bun_uws_sys@0.1.15:       |                             _Nonnull
warning: bun_uws_sys@0.1.15: /home/putao/code/rust/bao/src/uws_sys/csrc/bun-usockets/src/libusockets.h:568:126: warning: pointer is missing a nullability type specifier (_Nonnull, _Nullable, or _Null_unspecified) [-Wnullability-completeness]
warning: bun_uws_sys@0.1.15:   568 | struct us_socket_t *us_socket_pair(us_socket_group_r group, unsigned char kind, int socket_ext_size, LIBUS_SOCKET_DESCRIPTOR *fds) nonnull_fn_decl;
warning: bun_uws_sys@0.1.15:       |                                                                                                                              ^
warning: bun_uws_sys@0.1.15: /home/putao/code/rust/bao/src/uws_sys/csrc/bun-usockets/src/libusockets.h:568:126: note: insert '_Nullable' if the pointer may be null
warning: bun_uws_sys@0.1.15:   568 | struct us_socket_t *us_socket_pair(us_socket_group_r group, unsigned char kind, int socket_ext_size, LIBUS_SOCKET_DESCRIPTOR *fds) nonnull_fn_decl;
warning: bun_uws_sys@0.1.15:       |                                                                                                                              ^
warning: bun_uws_sys@0.1.15:       |                                                                                                                                _Nullable
warning: bun_uws_sys@0.1.15: /home/putao/code/rust/bao/src/uws_sys/csrc/bun-usockets/src/libusockets.h:568:126: note: insert '_Nonnull' if the pointer should never be null
warning: bun_uws_sys@0.1.15:   568 | struct us_socket_t *us_socket_pair(us_socket_group_r group, unsigned char kind, int socket_ext_size, LIBUS_SOCKET_DESCRIPTOR *fds) nonnull_fn_decl;
warning: bun_uws_sys@0.1.15:       |                                                                                                                              ^
warning: bun_uws_sys@0.1.15:       |                                                                                                                                _Nonnull
warning: bun_uws_sys@0.1.15: /home/putao/code/rust/bao/src/uws_sys/csrc/bun-usockets/src/libusockets.h:568:20: warning: pointer is missing a nullability type specifier (_Nonnull, _Nullable, or _Null_unspecified) [-Wnullability-completeness]
warning: bun_uws_sys@0.1.15:   568 | struct us_socket_t *us_socket_pair(us_socket_group_r group, unsigned char kind, int socket_ext_size, LIBUS_SOCKET_DESCRIPTOR *fds) nonnull_fn_decl;
warning: bun_uws_sys@0.1.15:       |                    ^
warning: bun_uws_sys@0.1.15: /home/putao/code/rust/bao/src/uws_sys/csrc/bun-usockets/src/libusockets.h:568:20: note: insert '_Nullable' if the pointer may be null
warning: bun_uws_sys@0.1.15:   568 | struct us_socket_t *us_socket_pair(us_socket_group_r group, unsigned char kind, int socket_ext_size, LIBUS_SOCKET_DESCRIPTOR *fds) nonnull_fn_decl;
warning: bun_uws_sys@0.1.15:       |                    ^
warning: bun_uws_sys@0.1.15:       |                      _Nullable
warning: bun_uws_sys@0.1.15: /home/putao/code/rust/bao/src/uws_sys/csrc/bun-usockets/src/libusockets.h:568:20: note: insert '_Nonnull' if the pointer should never be null
warning: bun_uws_sys@0.1.15:   568 | struct us_socket_t *us_socket_pair(us_socket_group_r group, unsigned char kind, int socket_ext_size, LIBUS_SOCKET_DESCRIPTOR *fds) nonnull_fn_decl;
warning: bun_uws_sys@0.1.15:       |                    ^
warning: bun_uws_sys@0.1.15:       |                      _Nonnull
warning: bun_uws_sys@0.1.15: /home/putao/code/rust/bao/src/uws_sys/csrc/bun-usockets/src/libusockets.h:569:102: warning: pointer is missing a nullability type specifier (_Nonnull, _Nullable, or _Null_unspecified) [-Wnullability-completeness]
warning: bun_uws_sys@0.1.15:   569 | struct us_socket_t *us_socket_from_fd(us_socket_group_r group, unsigned char kind, struct ssl_ctx_st *ssl_ctx, int socket_ext_size, LIBUS_SOCKET_DESCRIPTOR fd, int ipc)
warning: bun_uws_sys@0.1.15:       |                                                                                                      ^
warning: bun_uws_sys@0.1.15: /home/putao/code/rust/bao/src/uws_sys/csrc/bun-usockets/src/libusockets.h:569:102: note: insert '_Nullable' if the pointer may be null
warning: bun_uws_sys@0.1.15:   569 | struct us_socket_t *us_socket_from_fd(us_socket_group_r group, unsigned char kind, struct ssl_ctx_st *ssl_ctx, int socket_ext_size, LIBUS_SOCKET_DESCRIPTOR fd, int ipc)
warning: bun_uws_sys@0.1.15:       |                                                                                                      ^
warning: bun_uws_sys@0.1.15:       |                                                                                                        _Nullable
warning: bun_uws_sys@0.1.15: /home/putao/code/rust/bao/src/uws_sys/csrc/bun-usockets/src/libusockets.h:569:102: note: insert '_Nonnull' if the pointer should never be null
warning: bun_uws_sys@0.1.15:   569 | struct us_socket_t *us_socket_from_fd(us_socket_group_r group, unsigned char kind, struct ssl_ctx_st *ssl_ctx, int socket_ext_size, LIBUS_SOCKET_DESCRIPTOR fd, int ipc)
warning: bun_uws_sys@0.1.15:       |                                                                                                      ^
warning: bun_uws_sys@0.1.15:       |                                                                                                        _Nonnull
warning: bun_uws_sys@0.1.15: /home/putao/code/rust/bao/src/uws_sys/csrc/bun-usockets/src/libusockets.h:569:20: warning: pointer is missing a nullability type specifier (_Nonnull, _Nullable, or _Null_unspecified) [-Wnullability-completeness]
warning: bun_uws_sys@0.1.15:   569 | struct us_socket_t *us_socket_from_fd(us_socket_group_r group, unsigned char kind, struct ssl_ctx_st *ssl_ctx, int socket_ext_size, LIBUS_SOCKET_DESCRIPTOR fd, int ipc)
warning: bun_uws_sys@0.1.15:       |                    ^
warning: bun_uws_sys@0.1.15: /home/putao/code/rust/bao/src/uws_sys/csrc/bun-usockets/src/libusockets.h:569:20: note: insert '_Nullable' if the pointer may be null
warning: bun_uws_sys@0.1.15:   569 | struct us_socket_t *us_socket_from_fd(us_socket_group_r group, unsigned char kind, struct ssl_ctx_st *ssl_ctx, int socket_ext_size, LIBUS_SOCKET_DESCRIPTOR fd, int ipc)
warning: bun_uws_sys@0.1.15:       |                    ^
warning: bun_uws_sys@0.1.15:       |                      _Nullable
warning: bun_uws_sys@0.1.15: /home/putao/code/rust/bao/src/uws_sys/csrc/bun-usockets/src/libusockets.h:569:20: note: insert '_Nonnull' if the pointer should never be null
warning: bun_uws_sys@0.1.15:   569 | struct us_socket_t *us_socket_from_fd(us_socket_group_r group, unsigned char kind, struct ssl_ctx_st *ssl_ctx, int socket_ext_size, LIBUS_SOCKET_DESCRIPTOR fd, int ipc)
warning: bun_uws_sys@0.1.15:       |                    ^
warning: bun_uws_sys@0.1.15:       |                      _Nonnull
warning: bun_uws_sys@0.1.15: /home/putao/code/rust/bao/src/uws_sys/csrc/bun-usockets/src/libusockets.h:571:55: warning: pointer is missing a nullability type specifier (_Nonnull, _Nullable, or _Null_unspecified) [-Wnullability-completeness]
warning: bun_uws_sys@0.1.15:   571 | struct us_socket_t *us_socket_open(struct us_socket_t *s, int is_client, char *ip, int ip_length);
warning: bun_uws_sys@0.1.15:       |                                                       ^
warning: bun_uws_sys@0.1.15: /home/putao/code/rust/bao/src/uws_sys/csrc/bun-usockets/src/libusockets.h:571:55: note: insert '_Nullable' if the pointer may be null
warning: bun_uws_sys@0.1.15:   571 | struct us_socket_t *us_socket_open(struct us_socket_t *s, int is_client, char *ip, int ip_length);
warning: bun_uws_sys@0.1.15:       |                                                       ^
warning: bun_uws_sys@0.1.15:       |                                                         _Nullable
warning: bun_uws_sys@0.1.15: /home/putao/code/rust/bao/src/uws_sys/csrc/bun-usockets/src/libusockets.h:571:55: note: insert '_Nonnull' if the pointer should never be null
warning: bun_uws_sys@0.1.15:   571 | struct us_socket_t *us_socket_open(struct us_socket_t *s, int is_client, char *ip, int ip_length);
warning: bun_uws_sys@0.1.15:       |                                                       ^
warning: bun_uws_sys@0.1.15:       |                                                         _Nonnull
warning: bun_uws_sys@0.1.15: /home/putao/code/rust/bao/src/uws_sys/csrc/bun-usockets/src/libusockets.h:571:79: warning: pointer is missing a nullability type specifier (_Nonnull, _Nullable, or _Null_unspecified) [-Wnullability-completeness]
warning: bun_uws_sys@0.1.15:   571 | struct us_socket_t *us_socket_open(struct us_socket_t *s, int is_client, char *ip, int ip_length);
warning: bun_uws_sys@0.1.15:       |                                                                               ^
warning: bun_uws_sys@0.1.15: /home/putao/code/rust/bao/src/uws_sys/csrc/bun-usockets/src/libusockets.h:571:79: note: insert '_Nullable' if the pointer may be null
warning: bun_uws_sys@0.1.15:   571 | struct us_socket_t *us_socket_open(struct us_socket_t *s, int is_client, char *ip, int ip_length);
warning: bun_uws_sys@0.1.15:       |                                                                               ^
warning: bun_uws_sys@0.1.15:       |                                                                                 _Nullable
warning: bun_uws_sys@0.1.15: /home/putao/code/rust/bao/src/uws_sys/csrc/bun-usockets/src/libusockets.h:571:79: note: insert '_Nonnull' if the pointer should never be null
warning: bun_uws_sys@0.1.15:   571 | struct us_socket_t *us_socket_open(struct us_socket_t *s, int is_client, char *ip, int ip_length);
warning: bun_uws_sys@0.1.15:       |                                                                               ^
warning: bun_uws_sys@0.1.15:       |                                                                                 _Nonnull
warning: bun_uws_sys@0.1.15: /home/putao/code/rust/bao/src/uws_sys/csrc/bun-usockets/src/libusockets.h:571:20: warning: pointer is missing a nullability type specifier (_Nonnull, _Nullable, or _Null_unspecified) [-Wnullability-completeness]
warning: bun_uws_sys@0.1.15:   571 | struct us_socket_t *us_socket_open(struct us_socket_t *s, int is_client, char *ip, int ip_length);
warning: bun_uws_sys@0.1.15:       |                    ^
warning: bun_uws_sys@0.1.15: /home/putao/code/rust/bao/src/uws_sys/csrc/bun-usockets/src/libusockets.h:571:20: note: insert '_Nullable' if the pointer may be null
warning: bun_uws_sys@0.1.15:   571 | struct us_socket_t *us_socket_open(struct us_socket_t *s, int is_client, char *ip, int ip_length);
warning: bun_uws_sys@0.1.15:       |                    ^
warning: bun_uws_sys@0.1.15:       |                      _Nullable
warning: bun_uws_sys@0.1.15: /home/putao/code/rust/bao/src/uws_sys/csrc/bun-usockets/src/libusockets.h:571:20: note: insert '_Nonnull' if the pointer should never be null
warning: bun_uws_sys@0.1.15:   571 | struct us_socket_t *us_socket_open(struct us_socket_t *s, int is_client, char *ip, int ip_length);
warning: bun_uws_sys@0.1.15:       |                    ^
warning: bun_uws_sys@0.1.15:       |                      _Nonnull
warning: bun_uws_sys@0.1.15: /home/putao/code/rust/bao/src/uws_sys/csrc/bun-usockets/src/libusockets.h:572:47: warning: pointer is missing a nullability type specifier (_Nonnull, _Nullable, or _Null_unspecified) [-Wnullability-completeness]
warning: bun_uws_sys@0.1.15:   572 | int us_raw_root_certs(struct us_cert_string_t **out);
warning: bun_uws_sys@0.1.15:       |                                               ^
warning: bun_uws_sys@0.1.15: /home/putao/code/rust/bao/src/uws_sys/csrc/bun-usockets/src/libusockets.h:572:47: note: insert '_Nullable' if the pointer may be null
warning: bun_uws_sys@0.1.15:   572 | int us_raw_root_certs(struct us_cert_string_t **out);
warning: bun_uws_sys@0.1.15:       |                                               ^
warning: bun_uws_sys@0.1.15:       |                                                _Nullable
warning: bun_uws_sys@0.1.15: /home/putao/code/rust/bao/src/uws_sys/csrc/bun-usockets/src/libusockets.h:572:47: note: insert '_Nonnull' if the pointer should never be null
warning: bun_uws_sys@0.1.15:   572 | int us_raw_root_certs(struct us_cert_string_t **out);
warning: bun_uws_sys@0.1.15:       |                                               ^
warning: bun_uws_sys@0.1.15:       |                                                _Nonnull
warning: bun_uws_sys@0.1.15: /home/putao/code/rust/bao/src/uws_sys/csrc/bun-usockets/src/libusockets.h:572:48: warning: pointer is missing a nullability type specifier (_Nonnull, _Nullable, or _Null_unspecified) [-Wnullability-completeness]
warning: bun_uws_sys@0.1.15:   572 | int us_raw_root_certs(struct us_cert_string_t **out);
warning: bun_uws_sys@0.1.15:       |                                                ^
warning: bun_uws_sys@0.1.15: /home/putao/code/rust/bao/src/uws_sys/csrc/bun-usockets/src/libusockets.h:572:48: note: insert '_Nullable' if the pointer may be null
warning: bun_uws_sys@0.1.15:   572 | int us_raw_root_certs(struct us_cert_string_t **out);
warning: bun_uws_sys@0.1.15:       |                                                ^
warning: bun_uws_sys@0.1.15:       |                                                  _Nullable
warning: bun_uws_sys@0.1.15: /home/putao/code/rust/bao/src/uws_sys/csrc/bun-usockets/src/libusockets.h:572:48: note: insert '_Nonnull' if the pointer should never be null
warning: bun_uws_sys@0.1.15:   572 | int us_raw_root_certs(struct us_cert_string_t **out);
warning: bun_uws_sys@0.1.15:       |                                                ^
warning: bun_uws_sys@0.1.15:       |                                                  _Nonnull
warning: bun_uws_sys@0.1.15: /home/putao/code/rust/bao/src/uws_sys/csrc/bun-usockets/src/libusockets.h:573:46: warning: pointer is missing a nullability type specifier (_Nonnull, _Nullable, or _Null_unspecified) [-Wnullability-completeness]
warning: bun_uws_sys@0.1.15:   573 | unsigned int us_get_remote_address_info(char *buf, us_socket_r s, const char **dest, int *port, int *is_ipv6);
warning: bun_uws_sys@0.1.15:       |                                              ^
warning: bun_uws_sys@0.1.15: /home/putao/code/rust/bao/src/uws_sys/csrc/bun-usockets/src/libusockets.h:573:46: note: insert '_Nullable' if the pointer may be null
warning: bun_uws_sys@0.1.15:   573 | unsigned int us_get_remote_address_info(char *buf, us_socket_r s, const char **dest, int *port, int *is_ipv6);
warning: bun_uws_sys@0.1.15:       |                                              ^
warning: bun_uws_sys@0.1.15:       |                                                _Nullable
warning: bun_uws_sys@0.1.15: /home/putao/code/rust/bao/src/uws_sys/csrc/bun-usockets/src/libusockets.h:573:46: note: insert '_Nonnull' if the pointer should never be null
warning: bun_uws_sys@0.1.15:   573 | unsigned int us_get_remote_address_info(char *buf, us_socket_r s, const char **dest, int *port, int *is_ipv6);
warning: bun_uws_sys@0.1.15:       |                                              ^
warning: bun_uws_sys@0.1.15:       |                                                _Nonnull
warning: bun_uws_sys@0.1.15: /home/putao/code/rust/bao/src/uws_sys/csrc/bun-usockets/src/libusockets.h:573:78: warning: pointer is missing a nullability type specifier (_Nonnull, _Nullable, or _Null_unspecified) [-Wnullability-completeness]
warning: bun_uws_sys@0.1.15:   573 | unsigned int us_get_remote_address_info(char *buf, us_socket_r s, const char **dest, int *port, int *is_ipv6);
warning: bun_uws_sys@0.1.15:       |                                                                              ^
warning: bun_uws_sys@0.1.15: /home/putao/code/rust/bao/src/uws_sys/csrc/bun-usockets/src/libusockets.h:573:78: note: insert '_Nullable' if the pointer may be null
warning: bun_uws_sys@0.1.15:   573 | unsigned int us_get_remote_address_info(char *buf, us_socket_r s, const char **dest, int *port, int *is_ipv6);
warning: bun_uws_sys@0.1.15:       |                                                                              ^
warning: bun_uws_sys@0.1.15:       |                                                                               _Nullable
warning: bun_uws_sys@0.1.15: /home/putao/code/rust/bao/src/uws_sys/csrc/bun-usockets/src/libusockets.h:573:78: note: insert '_Nonnull' if the pointer should never be null
warning: bun_uws_sys@0.1.15:   573 | unsigned int us_get_remote_address_info(char *buf, us_socket_r s, const char **dest, int *port, int *is_ipv6);
warning: bun_uws_sys@0.1.15:       |                                                                              ^
warning: bun_uws_sys@0.1.15:       |                                                                               _Nonnull
warning: bun_uws_sys@0.1.15: /home/putao/code/rust/bao/src/uws_sys/csrc/bun-usockets/src/libusockets.h:573:79: warning: pointer is missing a nullability type specifier (_Nonnull, _Nullable, or _Null_unspecified) [-Wnullability-completeness]
warning: bun_uws_sys@0.1.15:   573 | unsigned int us_get_remote_address_info(char *buf, us_socket_r s, const char **dest, int *port, int *is_ipv6);
warning: bun_uws_sys@0.1.15:       |                                                                               ^
warning: bun_uws_sys@0.1.15: /home/putao/code/rust/bao/src/uws_sys/csrc/bun-usockets/src/libusockets.h:573:79: note: insert '_Nullable' if the pointer may be null
warning: bun_uws_sys@0.1.15:   573 | unsigned int us_get_remote_address_info(char *buf, us_socket_r s, const char **dest, int *port, int *is_ipv6);
warning: bun_uws_sys@0.1.15:       |                                                                               ^
warning: bun_uws_sys@0.1.15:       |                                                                                 _Nullable
warning: bun_uws_sys@0.1.15: /home/putao/code/rust/bao/src/uws_sys/csrc/bun-usockets/src/libusockets.h:573:79: note: insert '_Nonnull' if the pointer should never be null
warning: bun_uws_sys@0.1.15:   573 | unsigned int us_get_remote_address_info(char *buf, us_socket_r s, const char **dest, int *port, int *is_ipv6);
warning: bun_uws_sys@0.1.15:       |                                                                               ^
warning: bun_uws_sys@0.1.15:       |                                                                                 _Nonnull
warning: bun_uws_sys@0.1.15: /home/putao/code/rust/bao/src/uws_sys/csrc/bun-usockets/src/libusockets.h:573:90: warning: pointer is missing a nullability type specifier (_Nonnull, _Nullable, or _Null_unspecified) [-Wnullability-completeness]
warning: bun_uws_sys@0.1.15:   573 | unsigned int us_get_remote_address_info(char *buf, us_socket_r s, const char **dest, int *port, int *is_ipv6);
warning: bun_uws_sys@0.1.15:       |                                                                                          ^
warning: bun_uws_sys@0.1.15: /home/putao/code/rust/bao/src/uws_sys/csrc/bun-usockets/src/libusockets.h:573:90: note: insert '_Nullable' if the pointer may be null
warning: bun_uws_sys@0.1.15:   573 | unsigned int us_get_remote_address_info(char *buf, us_socket_r s, const char **dest, int *port, int *is_ipv6);
warning: bun_uws_sys@0.1.15:       |                                                                                          ^
warning: bun_uws_sys@0.1.15:       |                                                                                            _Nullable
warning: bun_uws_sys@0.1.15: /home/putao/code/rust/bao/src/uws_sys/csrc/bun-usockets/src/libusockets.h:573:90: note: insert '_Nonnull' if the pointer should never be null
warning: bun_uws_sys@0.1.15:   573 | unsigned int us_get_remote_address_info(char *buf, us_socket_r s, const char **dest, int *port, int *is_ipv6);
warning: bun_uws_sys@0.1.15:       |                                                                                          ^
warning: bun_uws_sys@0.1.15:       |                                                                                            _Nonnull
warning: bun_uws_sys@0.1.15: /home/putao/code/rust/bao/src/uws_sys/csrc/bun-usockets/src/libusockets.h:573:101: warning: pointer is missing a nullability type specifier (_Nonnull, _Nullable, or _Null_unspecified) [-Wnullability-completeness]
warning: bun_uws_sys@0.1.15:   573 | unsigned int us_get_remote_address_info(char *buf, us_socket_r s, const char **dest, int *port, int *is_ipv6);
warning: bun_uws_sys@0.1.15:       |                                                                                                     ^
warning: bun_uws_sys@0.1.15: /home/putao/code/rust/bao/src/uws_sys/csrc/bun-usockets/src/libusockets.h:573:101: note: insert '_Nullable' if the pointer may be null
warning: bun_uws_sys@0.1.15:   573 | unsigned int us_get_remote_address_info(char *buf, us_socket_r s, const char **dest, int *port, int *is_ipv6);
warning: bun_uws_sys@0.1.15:       |                                                                                                     ^
warning: bun_uws_sys@0.1.15:       |                                                                                                       _Nullable
warning: bun_uws_sys@0.1.15: /home/putao/code/rust/bao/src/uws_sys/csrc/bun-usockets/src/libusockets.h:573:101: note: insert '_Nonnull' if the pointer should never be null
warning: bun_uws_sys@0.1.15:   573 | unsigned int us_get_remote_address_info(char *buf, us_socket_r s, const char **dest, int *port, int *is_ipv6);
warning: bun_uws_sys@0.1.15:       |                                                                                                     ^
warning: bun_uws_sys@0.1.15:       |                                                                                                       _Nonnull
warning: bun_uws_sys@0.1.15: /home/putao/code/rust/bao/src/uws_sys/csrc/bun-usockets/src/libusockets.h:574:45: warning: pointer is missing a nullability type specifier (_Nonnull, _Nullable, or _Null_unspecified) [-Wnullability-completeness]
warning: bun_uws_sys@0.1.15:   574 | unsigned int us_get_local_address_info(char *buf, us_socket_r s, const char **dest, int *port, int *is_ipv6);
warning: bun_uws_sys@0.1.15:       |                                             ^
warning: bun_uws_sys@0.1.15: /home/putao/code/rust/bao/src/uws_sys/csrc/bun-usockets/src/libusockets.h:574:45: note: insert '_Nullable' if the pointer may be null
warning: bun_uws_sys@0.1.15:   574 | unsigned int us_get_local_address_info(char *buf, us_socket_r s, const char **dest, int *port, int *is_ipv6);
warning: bun_uws_sys@0.1.15:       |                                             ^
warning: bun_uws_sys@0.1.15:       |                                               _Nullable
warning: bun_uws_sys@0.1.15: /home/putao/code/rust/bao/src/uws_sys/csrc/bun-usockets/src/libusockets.h:574:45: note: insert '_Nonnull' if the pointer should never be null
warning: bun_uws_sys@0.1.15:   574 | unsigned int us_get_local_address_info(char *buf, us_socket_r s, const char **dest, int *port, int *is_ipv6);
warning: bun_uws_sys@0.1.15:       |                                             ^
warning: bun_uws_sys@0.1.15:       |                                               _Nonnull
warning: bun_uws_sys@0.1.15: /home/putao/code/rust/bao/src/uws_sys/csrc/bun-usockets/src/libusockets.h:574:77: warning: pointer is missing a nullability type specifier (_Nonnull, _Nullable, or _Null_unspecified) [-Wnullability-completeness]
warning: bun_uws_sys@0.1.15:   574 | unsigned int us_get_local_address_info(char *buf, us_socket_r s, const char **dest, int *port, int *is_ipv6);
warning: bun_uws_sys@0.1.15:       |                                                                             ^
warning: bun_uws_sys@0.1.15: /home/putao/code/rust/bao/src/uws_sys/csrc/bun-usockets/src/libusockets.h:574:77: note: insert '_Nullable' if the pointer may be null
warning: bun_uws_sys@0.1.15:   574 | unsigned int us_get_local_address_info(char *buf, us_socket_r s, const char **dest, int *port, int *is_ipv6);
warning: bun_uws_sys@0.1.15:       |                                                                             ^
warning: bun_uws_sys@0.1.15:       |                                                                              _Nullable
warning: bun_uws_sys@0.1.15: /home/putao/code/rust/bao/src/uws_sys/csrc/bun-usockets/src/libusockets.h:574:77: note: insert '_Nonnull' if the pointer should never be null
warning: bun_uws_sys@0.1.15:   574 | unsigned int us_get_local_address_info(char *buf, us_socket_r s, const char **dest, int *port, int *is_ipv6);
warning: bun_uws_sys@0.1.15:       |                                                                             ^
warning: bun_uws_sys@0.1.15:       |                                                                              _Nonnull
warning: bun_uws_sys@0.1.15: /home/putao/code/rust/bao/src/uws_sys/csrc/bun-usockets/src/libusockets.h:574:78: warning: pointer is missing a nullability type specifier (_Nonnull, _Nullable, or _Null_unspecified) [-Wnullability-completeness]
warning: bun_uws_sys@0.1.15:   574 | unsigned int us_get_local_address_info(char *buf, us_socket_r s, const char **dest, int *port, int *is_ipv6);
warning: bun_uws_sys@0.1.15:       |                                                                              ^
warning: bun_uws_sys@0.1.15: /home/putao/code/rust/bao/src/uws_sys/csrc/bun-usockets/src/libusockets.h:574:78: note: insert '_Nullable' if the pointer may be null
warning: bun_uws_sys@0.1.15:   574 | unsigned int us_get_local_address_info(char *buf, us_socket_r s, const char **dest, int *port, int *is_ipv6);
warning: bun_uws_sys@0.1.15:       |                                                                              ^
warning: bun_uws_sys@0.1.15:       |                                                                                _Nullable
warning: bun_uws_sys@0.1.15: /home/putao/code/rust/bao/src/uws_sys/csrc/bun-usockets/src/libusockets.h:574:78: note: insert '_Nonnull' if the pointer should never be null
warning: bun_uws_sys@0.1.15:   574 | unsigned int us_get_local_address_info(char *buf, us_socket_r s, const char **dest, int *port, int *is_ipv6);
warning: bun_uws_sys@0.1.15:       |                                                                              ^
warning: bun_uws_sys@0.1.15:       |                                                                                _Nonnull
warning: bun_uws_sys@0.1.15: /home/putao/code/rust/bao/src/uws_sys/csrc/bun-usockets/src/libusockets.h:574:89: warning: pointer is missing a nullability type specifier (_Nonnull, _Nullable, or _Null_unspecified) [-Wnullability-completeness]
warning: bun_uws_sys@0.1.15:   574 | unsigned int us_get_local_address_info(char *buf, us_socket_r s, const char **dest, int *port, int *is_ipv6);
warning: bun_uws_sys@0.1.15:       |                                                                                         ^
warning: bun_uws_sys@0.1.15: /home/putao/code/rust/bao/src/uws_sys/csrc/bun-usockets/src/libusockets.h:574:89: note: insert '_Nullable' if the pointer may be null
warning: bun_uws_sys@0.1.15:   574 | unsigned int us_get_local_address_info(char *buf, us_socket_r s, const char **dest, int *port, int *is_ipv6);
warning: bun_uws_sys@0.1.15:       |                                                                                         ^
warning: bun_uws_sys@0.1.15:       |                                                                                           _Nullable
warning: bun_uws_sys@0.1.15: /home/putao/code/rust/bao/src/uws_sys/csrc/bun-usockets/src/libusockets.h:574:89: note: insert '_Nonnull' if the pointer should never be null
warning: bun_uws_sys@0.1.15:   574 | unsigned int us_get_local_address_info(char *buf, us_socket_r s, const char **dest, int *port, int *is_ipv6);
warning: bun_uws_sys@0.1.15:       |                                                                                         ^
warning: bun_uws_sys@0.1.15:       |                                                                                           _Nonnull
warning: bun_uws_sys@0.1.15: /home/putao/code/rust/bao/src/uws_sys/csrc/bun-usockets/src/libusockets.h:574:100: warning: pointer is missing a nullability type specifier (_Nonnull, _Nullable, or _Null_unspecified) [-Wnullability-completeness]
warning: bun_uws_sys@0.1.15:   574 | unsigned int us_get_local_address_info(char *buf, us_socket_r s, const char **dest, int *port, int *is_ipv6);
warning: bun_uws_sys@0.1.15:       |                                                                                                    ^
warning: bun_uws_sys@0.1.15: /home/putao/code/rust/bao/src/uws_sys/csrc/bun-usockets/src/libusockets.h:574:100: note: insert '_Nullable' if the pointer may be null
warning: bun_uws_sys@0.1.15:   574 | unsigned int us_get_local_address_info(char *buf, us_socket_r s, const char **dest, int *port, int *is_ipv6);
warning: bun_uws_sys@0.1.15:       |                                                                                                    ^
warning: bun_uws_sys@0.1.15:       |                                                                                                      _Nullable
warning: bun_uws_sys@0.1.15: /home/putao/code/rust/bao/src/uws_sys/csrc/bun-usockets/src/libusockets.h:574:100: note: insert '_Nonnull' if the pointer should never be null
warning: bun_uws_sys@0.1.15:   574 | unsigned int us_get_local_address_info(char *buf, us_socket_r s, const char **dest, int *port, int *is_ipv6);
warning: bun_uws_sys@0.1.15:       |                                                                                                    ^
warning: bun_uws_sys@0.1.15:       |                                                                                                      _Nonnull
warning: bun_uws_sys@0.1.15: In file included from /home/putao/code/rust/bao/src/uws_sys/csrc/bun-usockets/src/crypto/root_certs.cpp:3:
warning: bun_uws_sys@0.1.15: /home/putao/code/rust/bao/src/uws_sys/csrc/bun-usockets/src/./internal/internal.h:47:67: warning: pointer is missing a nullability type specifier (_Nonnull, _Nullable, or _Null_unspecified) [-Wnullability-completeness]
warning: bun_uws_sys@0.1.15:    47 | void us_internal_loop_update_pending_ready_polls(struct us_loop_t *loop,
warning: bun_uws_sys@0.1.15:       |                                                                   ^
warning: bun_uws_sys@0.1.15: /home/putao/code/rust/bao/src/uws_sys/csrc/bun-usockets/src/./internal/internal.h:47:67: note: insert '_Nullable' if the pointer may be null
warning: bun_uws_sys@0.1.15:    47 | void us_internal_loop_update_pending_ready_polls(struct us_loop_t *loop,
warning: bun_uws_sys@0.1.15:       |                                                                   ^
warning: bun_uws_sys@0.1.15:       |                                                                     _Nullable
warning: bun_uws_sys@0.1.15: /home/putao/code/rust/bao/src/uws_sys/csrc/bun-usockets/src/./internal/internal.h:47:67: note: insert '_Nonnull' if the pointer should never be null
warning: bun_uws_sys@0.1.15:    47 | void us_internal_loop_update_pending_ready_polls(struct us_loop_t *loop,
warning: bun_uws_sys@0.1.15:       |                                                                   ^
warning: bun_uws_sys@0.1.15:       |                                                                     _Nonnull
warning: bun_uws_sys@0.1.15: /home/putao/code/rust/bao/src/uws_sys/csrc/bun-usockets/src/./internal/internal.h:124:80: warning: pointer is missing a nullability type specifier (_Nonnull, _Nullable, or _Null_unspecified) [-Wnullability-completeness]
warning: bun_uws_sys@0.1.15:   124 | extern struct us_socket_t *us_dispatch_open(us_socket_r s, int is_client, char *ip, int ip_length);
warning: bun_uws_sys@0.1.15:       |                                                                                ^
warning: bun_uws_sys@0.1.15: /home/putao/code/rust/bao/src/uws_sys/csrc/bun-usockets/src/./internal/internal.h:124:80: note: insert '_Nullable' if the pointer may be null
warning: bun_uws_sys@0.1.15:   124 | extern struct us_socket_t *us_dispatch_open(us_socket_r s, int is_client, char *ip, int ip_length);
warning: bun_uws_sys@0.1.15:       |                                                                                ^
warning: bun_uws_sys@0.1.15:       |                                                                                  _Nullable
warning: bun_uws_sys@0.1.15: /home/putao/code/rust/bao/src/uws_sys/csrc/bun-usockets/src/./internal/internal.h:124:80: note: insert '_Nonnull' if the pointer should never be null
warning: bun_uws_sys@0.1.15:   124 | extern struct us_socket_t *us_dispatch_open(us_socket_r s, int is_client, char *ip, int ip_length);
warning: bun_uws_sys@0.1.15:       |                                                                                ^
warning: bun_uws_sys@0.1.15:       |                                                                                  _Nonnull
warning: bun_uws_sys@0.1.15: /home/putao/code/rust/bao/src/uws_sys/csrc/bun-usockets/src/./internal/internal.h:124:27: warning: pointer is missing a nullability type specifier (_Nonnull, _Nullable, or _Null_unspecified) [-Wnullability-completeness]
warning: bun_uws_sys@0.1.15:   124 | extern struct us_socket_t *us_dispatch_open(us_socket_r s, int is_client, char *ip, int ip_length);
warning: bun_uws_sys@0.1.15:       |                           ^
warning: bun_uws_sys@0.1.15: /home/putao/code/rust/bao/src/uws_sys/csrc/bun-usockets/src/./internal/internal.h:124:27: note: insert '_Nullable' if the pointer may be null
warning: bun_uws_sys@0.1.15:   124 | extern struct us_socket_t *us_dispatch_open(us_socket_r s, int is_client, char *ip, int ip_length);
warning: bun_uws_sys@0.1.15:       |                           ^
warning: bun_uws_sys@0.1.15:       |                             _Nullable
warning: bun_uws_sys@0.1.15: /home/putao/code/rust/bao/src/uws_sys/csrc/bun-usockets/src/./internal/internal.h:124:27: note: insert '_Nonnull' if the pointer should never be null
warning: bun_uws_sys@0.1.15:   124 | extern struct us_socket_t *us_dispatch_open(us_socket_r s, int is_client, char *ip, int ip_length);
warning: bun_uws_sys@0.1.15:       |                           ^
warning: bun_uws_sys@0.1.15:       |                             _Nonnull
warning: bun_uws_sys@0.1.15: /home/putao/code/rust/bao/src/uws_sys/csrc/bun-usockets/src/./internal/internal.h:125:65: warning: pointer is missing a nullability type specifier (_Nonnull, _Nullable, or _Null_unspecified) [-Wnullability-completeness]
warning: bun_uws_sys@0.1.15:   125 | extern struct us_socket_t *us_dispatch_data(us_socket_r s, char *data, int length);
warning: bun_uws_sys@0.1.15:       |                                                                 ^
warning: bun_uws_sys@0.1.15: /home/putao/code/rust/bao/src/uws_sys/csrc/bun-usockets/src/./internal/internal.h:125:65: note: insert '_Nullable' if the pointer may be null
warning: bun_uws_sys@0.1.15:   125 | extern struct us_socket_t *us_dispatch_data(us_socket_r s, char *data, int length);
warning: bun_uws_sys@0.1.15:       |                                                                 ^
warning: bun_uws_sys@0.1.15:       |                                                                   _Nullable
warning: bun_uws_sys@0.1.15: /home/putao/code/rust/bao/src/uws_sys/csrc/bun-usockets/src/./internal/internal.h:125:65: note: insert '_Nonnull' if the pointer should never be null
warning: bun_uws_sys@0.1.15:   125 | extern struct us_socket_t *us_dispatch_data(us_socket_r s, char *data, int length);
warning: bun_uws_sys@0.1.15:       |                                                                 ^
warning: bun_uws_sys@0.1.15:       |                                                                   _Nonnull
warning: bun_uws_sys@0.1.15: /home/putao/code/rust/bao/src/uws_sys/csrc/bun-usockets/src/./internal/internal.h:125:27: warning: pointer is missing a nullability type specifier (_Nonnull, _Nullable, or _Null_unspecified) [-Wnullability-completeness]
warning: bun_uws_sys@0.1.15:   125 | extern struct us_socket_t *us_dispatch_data(us_socket_r s, char *data, int length);
warning: bun_uws_sys@0.1.15:       |                           ^
warning: bun_uws_sys@0.1.15: /home/putao/code/rust/bao/src/uws_sys/csrc/bun-usockets/src/./internal/internal.h:125:27: note: insert '_Nullable' if the pointer may be null
warning: bun_uws_sys@0.1.15:   125 | extern struct us_socket_t *us_dispatch_data(us_socket_r s, char *data, int length);
warning: bun_uws_sys@0.1.15:       |                           ^
warning: bun_uws_sys@0.1.15:       |                             _Nullable
warning: bun_uws_sys@0.1.15: /home/putao/code/rust/bao/src/uws_sys/csrc/bun-usockets/src/./internal/internal.h:125:27: note: insert '_Nonnull' if the pointer should never be null
warning: bun_uws_sys@0.1.15:   125 | extern struct us_socket_t *us_dispatch_data(us_socket_r s, char *data, int length);
warning: bun_uws_sys@0.1.15:       |                           ^
warning: bun_uws_sys@0.1.15:       |                             _Nonnull
warning: bun_uws_sys@0.1.15: /home/putao/code/rust/bao/src/uws_sys/csrc/bun-usockets/src/./internal/internal.h:126:27: warning: pointer is missing a nullability type specifier (_Nonnull, _Nullable, or _Null_unspecified) [-Wnullability-completeness]
warning: bun_uws_sys@0.1.15:   126 | extern struct us_socket_t *us_dispatch_fd(us_socket_r s, int fd);
warning: bun_uws_sys@0.1.15:       |                           ^
warning: bun_uws_sys@0.1.15: /home/putao/code/rust/bao/src/uws_sys/csrc/bun-usockets/src/./internal/internal.h:126:27: note: insert '_Nullable' if the pointer may be null
warning: bun_uws_sys@0.1.15:   126 | extern struct us_socket_t *us_dispatch_fd(us_socket_r s, int fd);
warning: bun_uws_sys@0.1.15:       |                           ^
warning: bun_uws_sys@0.1.15:       |                             _Nullable
warning: bun_uws_sys@0.1.15: /home/putao/code/rust/bao/src/uws_sys/csrc/bun-usockets/src/./internal/internal.h:126:27: note: insert '_Nonnull' if the pointer should never be null
warning: bun_uws_sys@0.1.15:   126 | extern struct us_socket_t *us_dispatch_fd(us_socket_r s, int fd);
warning: bun_uws_sys@0.1.15:       |                           ^
warning: bun_uws_sys@0.1.15:       |                             _Nonnull
warning: bun_uws_sys@0.1.15: /home/putao/code/rust/bao/src/uws_sys/csrc/bun-usockets/src/./internal/internal.h:127:27: warning: pointer is missing a nullability type specifier (_Nonnull, _Nullable, or _Null_unspecified) [-Wnullability-completeness]
warning: bun_uws_sys@0.1.15:   127 | extern struct us_socket_t *us_dispatch_writable(us_socket_r s);
warning: bun_uws_sys@0.1.15:       |                           ^
warning: bun_uws_sys@0.1.15: /home/putao/code/rust/bao/src/uws_sys/csrc/bun-usockets/src/./internal/internal.h:127:27: note: insert '_Nullable' if the pointer may be null
warning: bun_uws_sys@0.1.15:   127 | extern struct us_socket_t *us_dispatch_writable(us_socket_r s);
warning: bun_uws_sys@0.1.15:       |                           ^
warning: bun_uws_sys@0.1.15:       |                             _Nullable
warning: bun_uws_sys@0.1.15: /home/putao/code/rust/bao/src/uws_sys/csrc/bun-usockets/src/./internal/internal.h:127:27: note: insert '_Nonnull' if the pointer should never be null
warning: bun_uws_sys@0.1.15:   127 | extern struct us_socket_t *us_dispatch_writable(us_socket_r s);
warning: bun_uws_sys@0.1.15:       |                           ^
warning: bun_uws_sys@0.1.15:       |                             _Nonnull
warning: bun_uws_sys@0.1.15: /home/putao/code/rust/bao/src/uws_sys/csrc/bun-usockets/src/./internal/internal.h:128:76: warning: pointer is missing a nullability type specifier (_Nonnull, _Nullable, or _Null_unspecified) [-Wnullability-completeness]
warning: bun_uws_sys@0.1.15:   128 | extern struct us_socket_t *us_dispatch_close(us_socket_r s, int code, void *reason);
warning: bun_uws_sys@0.1.15:       |                                                                            ^
warning: bun_uws_sys@0.1.15: /home/putao/code/rust/bao/src/uws_sys/csrc/bun-usockets/src/./internal/internal.h:128:76: note: insert '_Nullable' if the pointer may be null
warning: bun_uws_sys@0.1.15:   128 | extern struct us_socket_t *us_dispatch_close(us_socket_r s, int code, void *reason);
warning: bun_uws_sys@0.1.15:       |                                                                            ^
warning: bun_uws_sys@0.1.15:       |                                                                              _Nullable
warning: bun_uws_sys@0.1.15: /home/putao/code/rust/bao/src/uws_sys/csrc/bun-usockets/src/./internal/internal.h:128:76: note: insert '_Nonnull' if the pointer should never be null
warning: bun_uws_sys@0.1.15:   128 | extern struct us_socket_t *us_dispatch_close(us_socket_r s, int code, void *reason);
warning: bun_uws_sys@0.1.15:       |                                                                            ^
warning: bun_uws_sys@0.1.15:       |                                                                              _Nonnull
warning: bun_uws_sys@0.1.15: /home/putao/code/rust/bao/src/uws_sys/csrc/bun-usockets/src/./internal/internal.h:128:27: warning: pointer is missing a nullability type specifier (_Nonnull, _Nullable, or _Null_unspecified) [-Wnullability-completeness]
warning: bun_uws_sys@0.1.15:   128 | extern struct us_socket_t *us_dispatch_close(us_socket_r s, int code, void *reason);
warning: bun_uws_sys@0.1.15:       |                           ^
warning: bun_uws_sys@0.1.15: /home/putao/code/rust/bao/src/uws_sys/csrc/bun-usockets/src/./internal/internal.h:128:27: note: insert '_Nullable' if the pointer may be null
warning: bun_uws_sys@0.1.15:   128 | extern struct us_socket_t *us_dispatch_close(us_socket_r s, int code, void *reason);
warning: bun_uws_sys@0.1.15:       |                           ^
warning: bun_uws_sys@0.1.15:       |                             _Nullable
warning: bun_uws_sys@0.1.15: /home/putao/code/rust/bao/src/uws_sys/csrc/bun-usockets/src/./internal/internal.h:128:27: note: insert '_Nonnull' if the pointer should never be null
warning: bun_uws_sys@0.1.15:   128 | extern struct us_socket_t *us_dispatch_close(us_socket_r s, int code, void *reason);
warning: bun_uws_sys@0.1.15:       |                           ^
warning: bun_uws_sys@0.1.15:       |                             _Nonnull
warning: bun_uws_sys@0.1.15: /home/putao/code/rust/bao/src/uws_sys/csrc/bun-usockets/src/./internal/internal.h:129:27: warning: pointer is missing a nullability type specifier (_Nonnull, _Nullable, or _Null_unspecified) [-Wnullability-completeness]
warning: bun_uws_sys@0.1.15:   129 | extern struct us_socket_t *us_dispatch_timeout(us_socket_r s);
warning: bun_uws_sys@0.1.15:       |                           ^
warning: bun_uws_sys@0.1.15: /home/putao/code/rust/bao/src/uws_sys/csrc/bun-usockets/src/./internal/internal.h:129:27: note: insert '_Nullable' if the pointer may be null
warning: bun_uws_sys@0.1.15:   129 | extern struct us_socket_t *us_dispatch_timeout(us_socket_r s);
warning: bun_uws_sys@0.1.15:       |                           ^
warning: bun_uws_sys@0.1.15:       |                             _Nullable
warning: bun_uws_sys@0.1.15: /home/putao/code/rust/bao/src/uws_sys/csrc/bun-usockets/src/./internal/internal.h:129:27: note: insert '_Nonnull' if the pointer should never be null
warning: bun_uws_sys@0.1.15:   129 | extern struct us_socket_t *us_dispatch_timeout(us_socket_r s);
warning: bun_uws_sys@0.1.15:       |                           ^
warning: bun_uws_sys@0.1.15:       |                             _Nonnull
warning: bun_uws_sys@0.1.15: /home/putao/code/rust/bao/src/uws_sys/csrc/bun-usockets/src/./internal/internal.h:130:27: warning: pointer is missing a nullability type specifier (_Nonnull, _Nullable, or _Null_unspecified) [-Wnullability-completeness]
warning: bun_uws_sys@0.1.15:   130 | extern struct us_socket_t *us_dispatch_long_timeout(us_socket_r s);
warning: bun_uws_sys@0.1.15:       |                           ^
warning: bun_uws_sys@0.1.15: /home/putao/code/rust/bao/src/uws_sys/csrc/bun-usockets/src/./internal/internal.h:130:27: note: insert '_Nullable' if the pointer may be null
warning: bun_uws_sys@0.1.15:   130 | extern struct us_socket_t *us_dispatch_long_timeout(us_socket_r s);
warning: bun_uws_sys@0.1.15:       |                           ^
warning: bun_uws_sys@0.1.15:       |                             _Nullable
warning: bun_uws_sys@0.1.15: /home/putao/code/rust/bao/src/uws_sys/csrc/bun-usockets/src/./internal/internal.h:130:27: note: insert '_Nonnull' if the pointer should never be null
warning: bun_uws_sys@0.1.15:   130 | extern struct us_socket_t *us_dispatch_long_timeout(us_socket_r s);
warning: bun_uws_sys@0.1.15:       |                           ^
warning: bun_uws_sys@0.1.15:       |                             _Nonnull
warning: bun_uws_sys@0.1.15: /home/putao/code/rust/bao/src/uws_sys/csrc/bun-usockets/src/./internal/internal.h:131:27: warning: pointer is missing a nullability type specifier (_Nonnull, _Nullable, or _Null_unspecified) [-Wnullability-completeness]
warning: bun_uws_sys@0.1.15:   131 | extern struct us_socket_t *us_dispatch_end(us_socket_r s);
warning: bun_uws_sys@0.1.15:       |                           ^
warning: bun_uws_sys@0.1.15: /home/putao/code/rust/bao/src/uws_sys/csrc/bun-usockets/src/./internal/internal.h:131:27: note: insert '_Nullable' if the pointer may be null
warning: bun_uws_sys@0.1.15:   131 | extern struct us_socket_t *us_dispatch_end(us_socket_r s);
warning: bun_uws_sys@0.1.15:       |                           ^
warning: bun_uws_sys@0.1.15:       |                             _Nullable
warning: bun_uws_sys@0.1.15: /home/putao/code/rust/bao/src/uws_sys/csrc/bun-usockets/src/./internal/internal.h:131:27: note: insert '_Nonnull' if the pointer should never be null
warning: bun_uws_sys@0.1.15:   131 | extern struct us_socket_t *us_dispatch_end(us_socket_r s);
warning: bun_uws_sys@0.1.15:       |                           ^
warning: bun_uws_sys@0.1.15:       |                             _Nonnull
warning: bun_uws_sys@0.1.15: /home/putao/code/rust/bao/src/uws_sys/csrc/bun-usockets/src/./internal/internal.h:132:27: warning: pointer is missing a nullability type specifier (_Nonnull, _Nullable, or _Null_unspecified) [-Wnullability-completeness]
warning: bun_uws_sys@0.1.15:   132 | extern struct us_socket_t *us_dispatch_connect_error(us_socket_r s, int code);
warning: bun_uws_sys@0.1.15:       |                           ^
warning: bun_uws_sys@0.1.15: /home/putao/code/rust/bao/src/uws_sys/csrc/bun-usockets/src/./internal/internal.h:132:27: note: insert '_Nullable' if the pointer may be null
warning: bun_uws_sys@0.1.15:   132 | extern struct us_socket_t *us_dispatch_connect_error(us_socket_r s, int code);
warning: bun_uws_sys@0.1.15:       |                           ^
warning: bun_uws_sys@0.1.15:       |                             _Nullable
warning: bun_uws_sys@0.1.15: /home/putao/code/rust/bao/src/uws_sys/csrc/bun-usockets/src/./internal/internal.h:132:27: note: insert '_Nonnull' if the pointer should never be null
warning: bun_uws_sys@0.1.15:   132 | extern struct us_socket_t *us_dispatch_connect_error(us_socket_r s, int code);
warning: bun_uws_sys@0.1.15:       |                           ^
warning: bun_uws_sys@0.1.15:       |                             _Nonnull
warning: bun_uws_sys@0.1.15: /home/putao/code/rust/bao/src/uws_sys/csrc/bun-usockets/src/./internal/internal.h:133:98: warning: pointer is missing a nullability type specifier (_Nonnull, _Nullable, or _Null_unspecified) [-Wnullability-completeness]
warning: bun_uws_sys@0.1.15:   133 | extern struct us_connecting_socket_t *us_dispatch_connecting_error(struct us_connecting_socket_t *c, int code);
warning: bun_uws_sys@0.1.15:       |                                                                                                  ^
warning: bun_uws_sys@0.1.15: /home/putao/code/rust/bao/src/uws_sys/csrc/bun-usockets/src/./internal/internal.h:133:98: note: insert '_Nullable' if the pointer may be null
warning: bun_uws_sys@0.1.15:   133 | extern struct us_connecting_socket_t *us_dispatch_connecting_error(struct us_connecting_socket_t *c, int code);
warning: bun_uws_sys@0.1.15:       |                                                                                                  ^
warning: bun_uws_sys@0.1.15:       |                                                                                                    _Nullable
warning: bun_uws_sys@0.1.15: /home/putao/code/rust/bao/src/uws_sys/csrc/bun-usockets/src/./internal/internal.h:133:98: note: insert '_Nonnull' if the pointer should never be null
warning: bun_uws_sys@0.1.15:   133 | extern struct us_connecting_socket_t *us_dispatch_connecting_error(struct us_connecting_socket_t *c, int code);
warning: bun_uws_sys@0.1.15:       |                                                                                                  ^
warning: bun_uws_sys@0.1.15:       |                                                                                                    _Nonnull
warning: bun_uws_sys@0.1.15: /home/putao/code/rust/bao/src/uws_sys/csrc/bun-usockets/src/./internal/internal.h:133:38: warning: pointer is missing a nullability type specifier (_Nonnull, _Nullable, or _Null_unspecified) [-Wnullability-completeness]
warning: bun_uws_sys@0.1.15:   133 | extern struct us_connecting_socket_t *us_dispatch_connecting_error(struct us_connecting_socket_t *c, int code);
warning: bun_uws_sys@0.1.15:       |                                      ^
warning: bun_uws_sys@0.1.15: /home/putao/code/rust/bao/src/uws_sys/csrc/bun-usockets/src/./internal/internal.h:133:38: note: insert '_Nullable' if the pointer may be null
warning: bun_uws_sys@0.1.15:   133 | extern struct us_connecting_socket_t *us_dispatch_connecting_error(struct us_connecting_socket_t *c, int code);
warning: bun_uws_sys@0.1.15:       |                                      ^
warning: bun_uws_sys@0.1.15:       |                                        _Nullable
warning: bun_uws_sys@0.1.15: /home/putao/code/rust/bao/src/uws_sys/csrc/bun-usockets/src/./internal/internal.h:133:38: note: insert '_Nonnull' if the pointer should never be null
warning: bun_uws_sys@0.1.15:   133 | extern struct us_connecting_socket_t *us_dispatch_connecting_error(struct us_connecting_socket_t *c, int code);
warning: bun_uws_sys@0.1.15:       |                                      ^
warning: bun_uws_sys@0.1.15:       |                                        _Nonnull
warning: bun_uws_sys@0.1.15: /home/putao/code/rust/bao/src/uws_sys/csrc/bun-usockets/src/./internal/internal.h:135:72: warning: pointer is missing a nullability type specifier (_Nonnull, _Nullable, or _Null_unspecified) [-Wnullability-completeness]
warning: bun_uws_sys@0.1.15:   135 | extern struct us_socket_t *us_dispatch_ssl_raw_tap(us_socket_r s, char *data, int length);
warning: bun_uws_sys@0.1.15:       |                                                                        ^
warning: bun_uws_sys@0.1.15: /home/putao/code/rust/bao/src/uws_sys/csrc/bun-usockets/src/./internal/internal.h:135:72: note: insert '_Nullable' if the pointer may be null
warning: bun_uws_sys@0.1.15:   135 | extern struct us_socket_t *us_dispatch_ssl_raw_tap(us_socket_r s, char *data, int length);
warning: bun_uws_sys@0.1.15:       |                                                                        ^
warning: bun_uws_sys@0.1.15:       |                                                                          _Nullable
warning: bun_uws_sys@0.1.15: /home/putao/code/rust/bao/src/uws_sys/csrc/bun-usockets/src/./internal/internal.h:135:72: note: insert '_Nonnull' if the pointer should never be null
warning: bun_uws_sys@0.1.15:   135 | extern struct us_socket_t *us_dispatch_ssl_raw_tap(us_socket_r s, char *data, int length);
warning: bun_uws_sys@0.1.15:       |                                                                        ^
warning: bun_uws_sys@0.1.15:       |                                                                          _Nonnull
warning: bun_uws_sys@0.1.15: /home/putao/code/rust/bao/src/uws_sys/csrc/bun-usockets/src/./internal/internal.h:135:27: warning: pointer is missing a nullability type specifier (_Nonnull, _Nullable, or _Null_unspecified) [-Wnullability-completeness]
warning: bun_uws_sys@0.1.15:   135 | extern struct us_socket_t *us_dispatch_ssl_raw_tap(us_socket_r s, char *data, int length);
warning: bun_uws_sys@0.1.15:       |                           ^
warning: bun_uws_sys@0.1.15: /home/putao/code/rust/bao/src/uws_sys/csrc/bun-usockets/src/./internal/internal.h:135:27: note: insert '_Nullable' if the pointer may be null
warning: bun_uws_sys@0.1.15:   135 | extern struct us_socket_t *us_dispatch_ssl_raw_tap(us_socket_r s, char *data, int length);
warning: bun_uws_sys@0.1.15:       |                           ^
warning: bun_uws_sys@0.1.15:       |                             _Nullable
warning: bun_uws_sys@0.1.15: /home/putao/code/rust/bao/src/uws_sys/csrc/bun-usockets/src/./internal/internal.h:135:27: note: insert '_Nonnull' if the pointer should never be null
warning: bun_uws_sys@0.1.15:   135 | extern struct us_socket_t *us_dispatch_ssl_raw_tap(us_socket_r s, char *data, int length);
warning: bun_uws_sys@0.1.15:       |                           ^
warning: bun_uws_sys@0.1.15:       |                             _Nonnull
warning: bun_uws_sys@0.1.15: /home/putao/code/rust/bao/src/uws_sys/csrc/bun-usockets/src/./internal/internal.h:140:46: warning: pointer is missing a nullability type specifier (_Nonnull, _Nullable, or _Null_unspecified) [-Wnullability-completeness]
warning: bun_uws_sys@0.1.15:   140 | extern int Bun__addrinfo_get(struct us_loop_t* loop, const char* host, uint16_t port,  struct addrinfo_request** ptr);
warning: bun_uws_sys@0.1.15:       |                                              ^
warning: bun_uws_sys@0.1.15: /home/putao/code/rust/bao/src/uws_sys/csrc/bun-usockets/src/./internal/internal.h:140:46: note: insert '_Nullable' if the pointer may be null
warning: bun_uws_sys@0.1.15:   140 | extern int Bun__addrinfo_get(struct us_loop_t* loop, const char* host, uint16_t port,  struct addrinfo_request** ptr);
warning: bun_uws_sys@0.1.15:       |                                              ^
warning: bun_uws_sys@0.1.15:       |                                                _Nullable
warning: bun_uws_sys@0.1.15: /home/putao/code/rust/bao/src/uws_sys/csrc/bun-usockets/src/./internal/internal.h:140:46: note: insert '_Nonnull' if the pointer should never be null
warning: bun_uws_sys@0.1.15:   140 | extern int Bun__addrinfo_get(struct us_loop_t* loop, const char* host, uint16_t port,  struct addrinfo_request** ptr);
warning: bun_uws_sys@0.1.15:       |                                              ^
warning: bun_uws_sys@0.1.15:       |                                                _Nonnull
warning: bun_uws_sys@0.1.15: /home/putao/code/rust/bao/src/uws_sys/csrc/bun-usockets/src/./internal/internal.h:140:64: warning: pointer is missing a nullability type specifier (_Nonnull, _Nullable, or _Null_unspecified) [-Wnullability-completeness]
warning: bun_uws_sys@0.1.15:   140 | extern int Bun__addrinfo_get(struct us_loop_t* loop, const char* host, uint16_t port,  struct addrinfo_request** ptr);
warning: bun_uws_sys@0.1.15:       |                                                                ^
warning: bun_uws_sys@0.1.15: /home/putao/code/rust/bao/src/uws_sys/csrc/bun-usockets/src/./internal/internal.h:140:64: note: insert '_Nullable' if the pointer may be null
warning: bun_uws_sys@0.1.15:   140 | extern int Bun__addrinfo_get(struct us_loop_t* loop, const char* host, uint16_t port,  struct addrinfo_request** ptr);
warning: bun_uws_sys@0.1.15:       |                                                                ^
warning: bun_uws_sys@0.1.15:       |                                                                  _Nullable
warning: bun_uws_sys@0.1.15: /home/putao/code/rust/bao/src/uws_sys/csrc/bun-usockets/src/./internal/internal.h:140:64: note: insert '_Nonnull' if the pointer should never be null
warning: bun_uws_sys@0.1.15:   140 | extern int Bun__addrinfo_get(struct us_loop_t* loop, const char* host, uint16_t port,  struct addrinfo_request** ptr);
warning: bun_uws_sys@0.1.15:       |                                                                ^
warning: bun_uws_sys@0.1.15:       |                                                                  _Nonnull
warning: bun_uws_sys@0.1.15: /home/putao/code/rust/bao/src/uws_sys/csrc/bun-usockets/src/./internal/internal.h:140:111: warning: pointer is missing a nullability type specifier (_Nonnull, _Nullable, or _Null_unspecified) [-Wnullability-completeness]
warning: bun_uws_sys@0.1.15:   140 | extern int Bun__addrinfo_get(struct us_loop_t* loop, const char* host, uint16_t port,  struct addrinfo_request** ptr);
warning: bun_uws_sys@0.1.15:       |                                                                                                               ^
warning: bun_uws_sys@0.1.15: /home/putao/code/rust/bao/src/uws_sys/csrc/bun-usockets/src/./internal/internal.h:140:111: note: insert '_Nullable' if the pointer may be null
warning: bun_uws_sys@0.1.15:   140 | extern int Bun__addrinfo_get(struct us_loop_t* loop, const char* host, uint16_t port,  struct addrinfo_request** ptr);
warning: bun_uws_sys@0.1.15:       |                                                                                                               ^
warning: bun_uws_sys@0.1.15:       |                                                                                                                _Nullable
warning: bun_uws_sys@0.1.15: /home/putao/code/rust/bao/src/uws_sys/csrc/bun-usockets/src/./internal/internal.h:140:111: note: insert '_Nonnull' if the pointer should never be null
warning: bun_uws_sys@0.1.15:   140 | extern int Bun__addrinfo_get(struct us_loop_t* loop, const char* host, uint16_t port,  struct addrinfo_request** ptr);
warning: bun_uws_sys@0.1.15:       |                                                                                                               ^
warning: bun_uws_sys@0.1.15:       |                                                                                                                _Nonnull
warning: bun_uws_sys@0.1.15: /home/putao/code/rust/bao/src/uws_sys/csrc/bun-usockets/src/./internal/internal.h:140:112: warning: pointer is missing a nullability type specifier (_Nonnull, _Nullable, or _Null_unspecified) [-Wnullability-completeness]
warning: bun_uws_sys@0.1.15:   140 | extern int Bun__addrinfo_get(struct us_loop_t* loop, const char* host, uint16_t port,  struct addrinfo_request** ptr);
warning: bun_uws_sys@0.1.15:       |                                                                                                                ^
warning: bun_uws_sys@0.1.15: /home/putao/code/rust/bao/src/uws_sys/csrc/bun-usockets/src/./internal/internal.h:140:112: note: insert '_Nullable' if the pointer may be null
warning: bun_uws_sys@0.1.15:   140 | extern int Bun__addrinfo_get(struct us_loop_t* loop, const char* host, uint16_t port,  struct addrinfo_request** ptr);
warning: bun_uws_sys@0.1.15:       |                                                                                                                ^
warning: bun_uws_sys@0.1.15:       |                                                                                                                  _Nullable
warning: bun_uws_sys@0.1.15: /home/putao/code/rust/bao/src/uws_sys/csrc/bun-usockets/src/./internal/internal.h:140:112: note: insert '_Nonnull' if the pointer should never be null
warning: bun_uws_sys@0.1.15:   140 | extern int Bun__addrinfo_get(struct us_loop_t* loop, const char* host, uint16_t port,  struct addrinfo_request** ptr);
warning: bun_uws_sys@0.1.15:       |                                                                                                                ^
warning: bun_uws_sys@0.1.15:       |                                                                                                                  _Nonnull
warning: bun_uws_sys@0.1.15: /home/putao/code/rust/bao/src/uws_sys/csrc/bun-usockets/src/./internal/internal.h:141:53: warning: pointer is missing a nullability type specifier (_Nonnull, _Nullable, or _Null_unspecified) [-Wnullability-completeness]
warning: bun_uws_sys@0.1.15:   141 | extern int Bun__addrinfo_set(struct addrinfo_request* ptr, struct us_connecting_socket_t* socket);
warning: bun_uws_sys@0.1.15:       |                                                     ^
warning: bun_uws_sys@0.1.15: /home/putao/code/rust/bao/src/uws_sys/csrc/bun-usockets/src/./internal/internal.h:141:53: note: insert '_Nullable' if the pointer may be null
warning: bun_uws_sys@0.1.15:   141 | extern int Bun__addrinfo_set(struct addrinfo_request* ptr, struct us_connecting_socket_t* socket);
warning: bun_uws_sys@0.1.15:       |                                                     ^
warning: bun_uws_sys@0.1.15:       |                                                       _Nullable
warning: bun_uws_sys@0.1.15: /home/putao/code/rust/bao/src/uws_sys/csrc/bun-usockets/src/./internal/internal.h:141:53: note: insert '_Nonnull' if the pointer should never be null
warning: bun_uws_sys@0.1.15:   141 | extern int Bun__addrinfo_set(struct addrinfo_request* ptr, struct us_connecting_socket_t* socket);
warning: bun_uws_sys@0.1.15:       |                                                     ^
warning: bun_uws_sys@0.1.15:       |                                                       _Nonnull
warning: bun_uws_sys@0.1.15: /home/putao/code/rust/bao/src/uws_sys/csrc/bun-usockets/src/./internal/internal.h:141:89: warning: pointer is missing a nullability type specifier (_Nonnull, _Nullable, or _Null_unspecified) [-Wnullability-completeness]
warning: bun_uws_sys@0.1.15:   141 | extern int Bun__addrinfo_set(struct addrinfo_request* ptr, struct us_connecting_socket_t* socket);
warning: bun_uws_sys@0.1.15:       |                                                                                         ^
warning: bun_uws_sys@0.1.15: /home/putao/code/rust/bao/src/uws_sys/csrc/bun-usockets/src/./internal/internal.h:141:89: note: insert '_Nullable' if the pointer may be null
warning: bun_uws_sys@0.1.15:   141 | extern int Bun__addrinfo_set(struct addrinfo_request* ptr, struct us_connecting_socket_t* socket);
warning: bun_uws_sys@0.1.15:       |                                                                                         ^
warning: bun_uws_sys@0.1.15:       |                                                                                           _Nullable
warning: bun_uws_sys@0.1.15: /home/putao/code/rust/bao/src/uws_sys/csrc/bun-usockets/src/./internal/internal.h:141:89: note: insert '_Nonnull' if the pointer should never be null
warning: bun_uws_sys@0.1.15:   141 | extern int Bun__addrinfo_set(struct addrinfo_request* ptr, struct us_connecting_socket_t* socket);
warning: bun_uws_sys@0.1.15:       |                                                                                         ^
warning: bun_uws_sys@0.1.15:       |                                                                                           _Nonnull
warning: bun_uws_sys@0.1.15: /home/putao/code/rust/bao/src/uws_sys/csrc/bun-usockets/src/./internal/internal.h:142:56: warning: pointer is missing a nullability type specifier (_Nonnull, _Nullable, or _Null_unspecified) [-Wnullability-completeness]
warning: bun_uws_sys@0.1.15:   142 | extern int Bun__addrinfo_cancel(struct addrinfo_request* ptr, struct us_connecting_socket_t* socket);
warning: bun_uws_sys@0.1.15:       |                                                        ^
warning: bun_uws_sys@0.1.15: /home/putao/code/rust/bao/src/uws_sys/csrc/bun-usockets/src/./internal/internal.h:142:56: note: insert '_Nullable' if the pointer may be null
warning: bun_uws_sys@0.1.15:   142 | extern int Bun__addrinfo_cancel(struct addrinfo_request* ptr, struct us_connecting_socket_t* socket);
warning: bun_uws_sys@0.1.15:       |                                                        ^
warning: bun_uws_sys@0.1.15:       |                                                          _Nullable
warning: bun_uws_sys@0.1.15: /home/putao/code/rust/bao/src/uws_sys/csrc/bun-usockets/src/./internal/internal.h:142:56: note: insert '_Nonnull' if the pointer should never be null
warning: bun_uws_sys@0.1.15:   142 | extern int Bun__addrinfo_cancel(struct addrinfo_request* ptr, struct us_connecting_socket_t* socket);
warning: bun_uws_sys@0.1.15:       |                                                        ^
warning: bun_uws_sys@0.1.15:       |                                                          _Nonnull
warning: bun_uws_sys@0.1.15: /home/putao/code/rust/bao/src/uws_sys/csrc/bun-usockets/src/./internal/internal.h:142:92: warning: pointer is missing a nullability type specifier (_Nonnull, _Nullable, or _Null_unspecified) [-Wnullability-completeness]
warning: bun_uws_sys@0.1.15:   142 | extern int Bun__addrinfo_cancel(struct addrinfo_request* ptr, struct us_connecting_socket_t* socket);
warning: bun_uws_sys@0.1.15:       |                                                                                            ^
warning: bun_uws_sys@0.1.15: /home/putao/code/rust/bao/src/uws_sys/csrc/bun-usockets/src/./internal/internal.h:142:92: note: insert '_Nullable' if the pointer may be null
warning: bun_uws_sys@0.1.15:   142 | extern int Bun__addrinfo_cancel(struct addrinfo_request* ptr, struct us_connecting_socket_t* socket);
warning: bun_uws_sys@0.1.15:       |                                                                                            ^
warning: bun_uws_sys@0.1.15:       |                                                                                              _Nullable
warning: bun_uws_sys@0.1.15: /home/putao/code/rust/bao/src/uws_sys/csrc/bun-usockets/src/./internal/internal.h:142:92: note: insert '_Nonnull' if the pointer should never be null
warning: bun_uws_sys@0.1.15:   142 | extern int Bun__addrinfo_cancel(struct addrinfo_request* ptr, struct us_connecting_socket_t* socket);
warning: bun_uws_sys@0.1.15:       |                                                                                            ^
warning: bun_uws_sys@0.1.15:       |                                                                                              _Nonnull
warning: bun_uws_sys@0.1.15: /home/putao/code/rust/bao/src/uws_sys/csrc/bun-usockets/src/./internal/internal.h:143:62: warning: pointer is missing a nullability type specifier (_Nonnull, _Nullable, or _Null_unspecified) [-Wnullability-completeness]
warning: bun_uws_sys@0.1.15:   143 | extern void Bun__addrinfo_freeRequest(struct addrinfo_request* addrinfo_req, int error);
warning: bun_uws_sys@0.1.15:       |                                                              ^
warning: bun_uws_sys@0.1.15: /home/putao/code/rust/bao/src/uws_sys/csrc/bun-usockets/src/./internal/internal.h:143:62: note: insert '_Nullable' if the pointer may be null
warning: bun_uws_sys@0.1.15:   143 | extern void Bun__addrinfo_freeRequest(struct addrinfo_request* addrinfo_req, int error);
warning: bun_uws_sys@0.1.15:       |                                                              ^
warning: bun_uws_sys@0.1.15:       |                                                                _Nullable
warning: bun_uws_sys@0.1.15: /home/putao/code/rust/bao/src/uws_sys/csrc/bun-usockets/src/./internal/internal.h:143:62: note: insert '_Nonnull' if the pointer should never be null
warning: bun_uws_sys@0.1.15:   143 | extern void Bun__addrinfo_freeRequest(struct addrinfo_request* addrinfo_req, int error);
warning: bun_uws_sys@0.1.15:       |                                                              ^
warning: bun_uws_sys@0.1.15:       |                                                                _Nonnull
warning: bun_uws_sys@0.1.15: /home/putao/code/rust/bao/src/uws_sys/csrc/bun-usockets/src/./internal/internal.h:144:86: warning: pointer is missing a nullability type specifier (_Nonnull, _Nullable, or _Null_unspecified) [-Wnullability-completeness]
warning: bun_uws_sys@0.1.15:   144 | extern struct addrinfo_result *Bun__addrinfo_getRequestResult(struct addrinfo_request* addrinfo_req);
warning: bun_uws_sys@0.1.15:       |                                                                                      ^
warning: bun_uws_sys@0.1.15: /home/putao/code/rust/bao/src/uws_sys/csrc/bun-usockets/src/./internal/internal.h:144:86: note: insert '_Nullable' if the pointer may be null
warning: bun_uws_sys@0.1.15:   144 | extern struct addrinfo_result *Bun__addrinfo_getRequestResult(struct addrinfo_request* addrinfo_req);
warning: bun_uws_sys@0.1.15:       |                                                                                      ^
warning: bun_uws_sys@0.1.15:       |                                                                                        _Nullable
warning: bun_uws_sys@0.1.15: /home/putao/code/rust/bao/src/uws_sys/csrc/bun-usockets/src/./internal/internal.h:144:86: note: insert '_Nonnull' if the pointer should never be null
warning: bun_uws_sys@0.1.15:   144 | extern struct addrinfo_result *Bun__addrinfo_getRequestResult(struct addrinfo_request* addrinfo_req);
warning: bun_uws_sys@0.1.15:       |                                                                                      ^
warning: bun_uws_sys@0.1.15:       |                                                                                        _Nonnull
warning: bun_uws_sys@0.1.15: /home/putao/code/rust/bao/src/uws_sys/csrc/bun-usockets/src/./internal/internal.h:144:31: warning: pointer is missing a nullability type specifier (_Nonnull, _Nullable, or _Null_unspecified) [-Wnullability-completeness]
warning: bun_uws_sys@0.1.15:   144 | extern struct addrinfo_result *Bun__addrinfo_getRequestResult(struct addrinfo_request* addrinfo_req);
warning: bun_uws_sys@0.1.15:       |                               ^
warning: bun_uws_sys@0.1.15: /home/putao/code/rust/bao/src/uws_sys/csrc/bun-usockets/src/./internal/internal.h:144:31: note: insert '_Nullable' if the pointer may be null
warning: bun_uws_sys@0.1.15:   144 | extern struct addrinfo_result *Bun__addrinfo_getRequestResult(struct addrinfo_request* addrinfo_req);
warning: bun_uws_sys@0.1.15:       |                               ^
warning: bun_uws_sys@0.1.15:       |                                 _Nullable
warning: bun_uws_sys@0.1.15: /home/putao/code/rust/bao/src/uws_sys/csrc/bun-usockets/src/./internal/internal.h:144:31: note: insert '_Nonnull' if the pointer should never be null
warning: bun_uws_sys@0.1.15:   144 | extern struct addrinfo_result *Bun__addrinfo_getRequestResult(struct addrinfo_request* addrinfo_req);
warning: bun_uws_sys@0.1.15:       |                               ^
warning: bun_uws_sys@0.1.15:       |                                 _Nonnull
warning: bun_uws_sys@0.1.15: /home/putao/code/rust/bao/src/uws_sys/csrc/bun-usockets/src/./internal/internal.h:152:55: warning: pointer is missing a nullability type specifier (_Nonnull, _Nullable, or _Null_unspecified) [-Wnullability-completeness]
warning: bun_uws_sys@0.1.15:   152 | void us_internal_dispatch_ready_poll(struct us_poll_t *p, int error, int eof, int events);
warning: bun_uws_sys@0.1.15:       |                                                       ^
warning: bun_uws_sys@0.1.15: /home/putao/code/rust/bao/src/uws_sys/csrc/bun-usockets/src/./internal/internal.h:152:55: note: insert '_Nullable' if the pointer may be null
warning: bun_uws_sys@0.1.15:   152 | void us_internal_dispatch_ready_poll(struct us_poll_t *p, int error, int eof, int events);
warning: bun_uws_sys@0.1.15:       |                                                       ^
warning: bun_uws_sys@0.1.15:       |                                                         _Nullable
warning: bun_uws_sys@0.1.15: /home/putao/code/rust/bao/src/uws_sys/csrc/bun-usockets/src/./internal/internal.h:152:55: note: insert '_Nonnull' if the pointer should never be null
warning: bun_uws_sys@0.1.15:   152 | void us_internal_dispatch_ready_poll(struct us_poll_t *p, int error, int eof, int events);
warning: bun_uws_sys@0.1.15:       |                                                       ^
warning: bun_uws_sys@0.1.15:       |                                                         _Nonnull
warning: bun_uws_sys@0.1.15: /home/putao/code/rust/bao/src/uws_sys/csrc/bun-usockets/src/./internal/internal.h:154:54: warning: pointer is missing a nullability type specifier (_Nonnull, _Nullable, or _Null_unspecified) [-Wnullability-completeness]
warning: bun_uws_sys@0.1.15:   154 | void us_internal_enable_sweep_timer(struct us_loop_t *loop);
warning: bun_uws_sys@0.1.15:       |                                                      ^
warning: bun_uws_sys@0.1.15: /home/putao/code/rust/bao/src/uws_sys/csrc/bun-usockets/src/./internal/internal.h:154:54: note: insert '_Nullable' if the pointer may be null
warning: bun_uws_sys@0.1.15:   154 | void us_internal_enable_sweep_timer(struct us_loop_t *loop);
warning: bun_uws_sys@0.1.15:       |                                                      ^
warning: bun_uws_sys@0.1.15:       |                                                        _Nullable
warning: bun_uws_sys@0.1.15: /home/putao/code/rust/bao/src/uws_sys/csrc/bun-usockets/src/./internal/internal.h:154:54: note: insert '_Nonnull' if the pointer should never be null
warning: bun_uws_sys@0.1.15:   154 | void us_internal_enable_sweep_timer(struct us_loop_t *loop);
warning: bun_uws_sys@0.1.15:       |                                                      ^
warning: bun_uws_sys@0.1.15:       |                                                        _Nonnull
warning: bun_uws_sys@0.1.15: /home/putao/code/rust/bao/src/uws_sys/csrc/bun-usockets/src/./internal/internal.h:155:55: warning: pointer is missing a nullability type specifier (_Nonnull, _Nullable, or _Null_unspecified) [-Wnullability-completeness]
warning: bun_uws_sys@0.1.15:   155 | void us_internal_disable_sweep_timer(struct us_loop_t *loop);
warning: bun_uws_sys@0.1.15:       |                                                       ^
warning: bun_uws_sys@0.1.15: /home/putao/code/rust/bao/src/uws_sys/csrc/bun-usockets/src/./internal/internal.h:155:55: note: insert '_Nullable' if the pointer may be null
warning: bun_uws_sys@0.1.15:   155 | void us_internal_disable_sweep_timer(struct us_loop_t *loop);
warning: bun_uws_sys@0.1.15:       |                                                       ^
warning: bun_uws_sys@0.1.15:       |                                                         _Nullable
warning: bun_uws_sys@0.1.15: /home/putao/code/rust/bao/src/uws_sys/csrc/bun-usockets/src/./internal/internal.h:155:55: note: insert '_Nonnull' if the pointer should never be null
warning: bun_uws_sys@0.1.15:   155 | void us_internal_disable_sweep_timer(struct us_loop_t *loop);
warning: bun_uws_sys@0.1.15:       |                                                       ^
warning: bun_uws_sys@0.1.15:       |                                                         _Nonnull
warning: bun_uws_sys@0.1.15: /home/putao/code/rust/bao/src/uws_sys/csrc/bun-usockets/src/./internal/internal.h:157:51: warning: pointer is missing a nullability type specifier (_Nonnull, _Nullable, or _Null_unspecified) [-Wnullability-completeness]
warning: bun_uws_sys@0.1.15:   157 | void us_internal_loop_link_group(struct us_loop_t *loop, struct us_socket_group_t *group);
warning: bun_uws_sys@0.1.15:       |                                                   ^
warning: bun_uws_sys@0.1.15: /home/putao/code/rust/bao/src/uws_sys/csrc/bun-usockets/src/./internal/internal.h:157:51: note: insert '_Nullable' if the pointer may be null
warning: bun_uws_sys@0.1.15:   157 | void us_internal_loop_link_group(struct us_loop_t *loop, struct us_socket_group_t *group);
warning: bun_uws_sys@0.1.15:       |                                                   ^
warning: bun_uws_sys@0.1.15:       |                                                     _Nullable
warning: bun_uws_sys@0.1.15: /home/putao/code/rust/bao/src/uws_sys/csrc/bun-usockets/src/./internal/internal.h:157:51: note: insert '_Nonnull' if the pointer should never be null
warning: bun_uws_sys@0.1.15:   157 | void us_internal_loop_link_group(struct us_loop_t *loop, struct us_socket_group_t *group);
warning: bun_uws_sys@0.1.15:       |                                                   ^
warning: bun_uws_sys@0.1.15:       |                                                     _Nonnull
warning: bun_uws_sys@0.1.15: /home/putao/code/rust/bao/src/uws_sys/csrc/bun-usockets/src/./internal/internal.h:157:83: warning: pointer is missing a nullability type specifier (_Nonnull, _Nullable, or _Null_unspecified) [-Wnullability-completeness]
warning: bun_uws_sys@0.1.15:   157 | void us_internal_loop_link_group(struct us_loop_t *loop, struct us_socket_group_t *group);
warning: bun_uws_sys@0.1.15:       |                                                                                   ^
warning: bun_uws_sys@0.1.15: /home/putao/code/rust/bao/src/uws_sys/csrc/bun-usockets/src/./internal/internal.h:157:83: note: insert '_Nullable' if the pointer may be null
warning: bun_uws_sys@0.1.15:   157 | void us_internal_loop_link_group(struct us_loop_t *loop, struct us_socket_group_t *group);
warning: bun_uws_sys@0.1.15:       |                                                                                   ^
warning: bun_uws_sys@0.1.15:       |                                                                                     _Nullable
warning: bun_uws_sys@0.1.15: /home/putao/code/rust/bao/src/uws_sys/csrc/bun-usockets/src/./internal/internal.h:157:83: note: insert '_Nonnull' if the pointer should never be null
warning: bun_uws_sys@0.1.15:   157 | void us_internal_loop_link_group(struct us_loop_t *loop, struct us_socket_group_t *group);
warning: bun_uws_sys@0.1.15:       |                                                                                   ^
warning: bun_uws_sys@0.1.15:       |                                                                                     _Nonnull
warning: bun_uws_sys@0.1.15: /home/putao/code/rust/bao/src/uws_sys/csrc/bun-usockets/src/./internal/internal.h:158:53: warning: pointer is missing a nullability type specifier (_Nonnull, _Nullable, or _Null_unspecified) [-Wnullability-completeness]
warning: bun_uws_sys@0.1.15:   158 | void us_internal_loop_unlink_group(struct us_loop_t *loop, struct us_socket_group_t *group);
warning: bun_uws_sys@0.1.15:       |                                                     ^
warning: bun_uws_sys@0.1.15: /home/putao/code/rust/bao/src/uws_sys/csrc/bun-usockets/src/./internal/internal.h:158:53: note: insert '_Nullable' if the pointer may be null
warning: bun_uws_sys@0.1.15:   158 | void us_internal_loop_unlink_group(struct us_loop_t *loop, struct us_socket_group_t *group);
warning: bun_uws_sys@0.1.15:       |                                                     ^
warning: bun_uws_sys@0.1.15:       |                                                       _Nullable
warning: bun_uws_sys@0.1.15: /home/putao/code/rust/bao/src/uws_sys/csrc/bun-usockets/src/./internal/internal.h:158:53: note: insert '_Nonnull' if the pointer should never be null
warning: bun_uws_sys@0.1.15:   158 | void us_internal_loop_unlink_group(struct us_loop_t *loop, struct us_socket_group_t *group);
warning: bun_uws_sys@0.1.15:       |                                                     ^
warning: bun_uws_sys@0.1.15:       |                                                       _Nonnull
warning: bun_uws_sys@0.1.15: /home/putao/code/rust/bao/src/uws_sys/csrc/bun-usockets/src/./internal/internal.h:158:85: warning: pointer is missing a nullability type specifier (_Nonnull, _Nullable, or _Null_unspecified) [-Wnullability-completeness]
warning: bun_uws_sys@0.1.15:   158 | void us_internal_loop_unlink_group(struct us_loop_t *loop, struct us_socket_group_t *group);
warning: bun_uws_sys@0.1.15:       |                                                                                     ^
warning: bun_uws_sys@0.1.15: /home/putao/code/rust/bao/src/uws_sys/csrc/bun-usockets/src/./internal/internal.h:158:85: note: insert '_Nullable' if the pointer may be null
warning: bun_uws_sys@0.1.15:   158 | void us_internal_loop_unlink_group(struct us_loop_t *loop, struct us_socket_group_t *group);
warning: bun_uws_sys@0.1.15:       |                                                                                     ^
warning: bun_uws_sys@0.1.15:       |                                                                                       _Nullable
warning: bun_uws_sys@0.1.15: /home/putao/code/rust/bao/src/uws_sys/csrc/bun-usockets/src/./internal/internal.h:158:85: note: insert '_Nonnull' if the pointer should never be null
warning: bun_uws_sys@0.1.15:   158 | void us_internal_loop_unlink_group(struct us_loop_t *loop, struct us_socket_group_t *group);
warning: bun_uws_sys@0.1.15:       |                                                                                     ^
warning: bun_uws_sys@0.1.15:       |                                                                                       _Nonnull
warning: bun_uws_sys@0.1.15: /home/putao/code/rust/bao/src/uws_sys/csrc/bun-usockets/src/./internal/internal.h:160:62: warning: pointer is missing a nullability type specifier (_Nonnull, _Nullable, or _Null_unspecified) [-Wnullability-completeness]
warning: bun_uws_sys@0.1.15:   160 | void us_internal_group_maybe_unlink(struct us_socket_group_t *group);
warning: bun_uws_sys@0.1.15:       |                                                              ^
warning: bun_uws_sys@0.1.15: /home/putao/code/rust/bao/src/uws_sys/csrc/bun-usockets/src/./internal/internal.h:160:62: note: insert '_Nullable' if the pointer may be null
warning: bun_uws_sys@0.1.15:   160 | void us_internal_group_maybe_unlink(struct us_socket_group_t *group);
warning: bun_uws_sys@0.1.15:       |                                                              ^
warning: bun_uws_sys@0.1.15:       |                                                                _Nullable
warning: bun_uws_sys@0.1.15: /home/putao/code/rust/bao/src/uws_sys/csrc/bun-usockets/src/./internal/internal.h:160:62: note: insert '_Nonnull' if the pointer should never be null
warning: bun_uws_sys@0.1.15:   160 | void us_internal_group_maybe_unlink(struct us_socket_group_t *group);
warning: bun_uws_sys@0.1.15:       |                                                              ^
warning: bun_uws_sys@0.1.15:       |                                                                _Nonnull
warning: bun_uws_sys@0.1.15: /home/putao/code/rust/bao/src/uws_sys/csrc/bun-usockets/src/./internal/internal.h:165:80: warning: pointer is missing a nullability type specifier (_Nonnull, _Nullable, or _Null_unspecified) [-Wnullability-completeness]
warning: bun_uws_sys@0.1.15:   165 | struct us_socket_t *us_internal_socket_close_raw(us_socket_r s, int code, void *reason);
warning: bun_uws_sys@0.1.15:       |                                                                                ^
warning: bun_uws_sys@0.1.15: /home/putao/code/rust/bao/src/uws_sys/csrc/bun-usockets/src/./internal/internal.h:165:80: note: insert '_Nullable' if the pointer may be null
warning: bun_uws_sys@0.1.15:   165 | struct us_socket_t *us_internal_socket_close_raw(us_socket_r s, int code, void *reason);
warning: bun_uws_sys@0.1.15:       |                                                                                ^
warning: bun_uws_sys@0.1.15:       |                                                                                  _Nullable
warning: bun_uws_sys@0.1.15: /home/putao/code/rust/bao/src/uws_sys/csrc/bun-usockets/src/./internal/internal.h:165:80: note: insert '_Nonnull' if the pointer should never be null
warning: bun_uws_sys@0.1.15:   165 | struct us_socket_t *us_internal_socket_close_raw(us_socket_r s, int code, void *reason);
warning: bun_uws_sys@0.1.15:       |                                                                                ^
warning: bun_uws_sys@0.1.15:       |                                                                                  _Nonnull
warning: bun_uws_sys@0.1.15: /home/putao/code/rust/bao/src/uws_sys/csrc/bun-usockets/src/./internal/internal.h:165:20: warning: pointer is missing a nullability type specifier (_Nonnull, _Nullable, or _Null_unspecified) [-Wnullability-completeness]
warning: bun_uws_sys@0.1.15:   165 | struct us_socket_t *us_internal_socket_close_raw(us_socket_r s, int code, void *reason);
warning: bun_uws_sys@0.1.15:       |                    ^
warning: bun_uws_sys@0.1.15: /home/putao/code/rust/bao/src/uws_sys/csrc/bun-usockets/src/./internal/internal.h:165:20: note: insert '_Nullable' if the pointer may be null
warning: bun_uws_sys@0.1.15:   165 | struct us_socket_t *us_internal_socket_close_raw(us_socket_r s, int code, void *reason);
warning: bun_uws_sys@0.1.15:       |                    ^
warning: bun_uws_sys@0.1.15:       |                      _Nullable
warning: bun_uws_sys@0.1.15: /home/putao/code/rust/bao/src/uws_sys/csrc/bun-usockets/src/./internal/internal.h:165:20: note: insert '_Nonnull' if the pointer should never be null
warning: bun_uws_sys@0.1.15:   165 | struct us_socket_t *us_internal_socket_close_raw(us_socket_r s, int code, void *reason);
warning: bun_uws_sys@0.1.15:       |                    ^
warning: bun_uws_sys@0.1.15:       |                      _Nonnull
warning: bun_uws_sys@0.1.15: /home/putao/code/rust/bao/src/uws_sys/csrc/bun-usockets/src/./internal/internal.h:166:73: warning: pointer is missing a nullability type specifier (_Nonnull, _Nullable, or _Null_unspecified) [-Wnullability-completeness]
warning: bun_uws_sys@0.1.15:   166 | struct us_socket_t *us_internal_ssl_close(us_socket_r s, int code, void *reason);
warning: bun_uws_sys@0.1.15:       |                                                                         ^
warning: bun_uws_sys@0.1.15: /home/putao/code/rust/bao/src/uws_sys/csrc/bun-usockets/src/./internal/internal.h:166:73: note: insert '_Nullable' if the pointer may be null
warning: bun_uws_sys@0.1.15:   166 | struct us_socket_t *us_internal_ssl_close(us_socket_r s, int code, void *reason);
warning: bun_uws_sys@0.1.15:       |                                                                         ^
warning: bun_uws_sys@0.1.15:       |                                                                           _Nullable
warning: bun_uws_sys@0.1.15: /home/putao/code/rust/bao/src/uws_sys/csrc/bun-usockets/src/./internal/internal.h:166:73: note: insert '_Nonnull' if the pointer should never be null
warning: bun_uws_sys@0.1.15:   166 | struct us_socket_t *us_internal_ssl_close(us_socket_r s, int code, void *reason);
warning: bun_uws_sys@0.1.15:       |                                                                         ^
warning: bun_uws_sys@0.1.15:       |                                                                           _Nonnull
warning: bun_uws_sys@0.1.15: /home/putao/code/rust/bao/src/uws_sys/csrc/bun-usockets/src/./internal/internal.h:166:20: warning: pointer is missing a nullability type specifier (_Nonnull, _Nullable, or _Null_unspecified) [-Wnullability-completeness]
warning: bun_uws_sys@0.1.15:   166 | struct us_socket_t *us_internal_ssl_close(us_socket_r s, int code, void *reason);
warning: bun_uws_sys@0.1.15:       |                    ^
warning: bun_uws_sys@0.1.15: /home/putao/code/rust/bao/src/uws_sys/csrc/bun-usockets/src/./internal/internal.h:166:20: note: insert '_Nullable' if the pointer may be null
warning: bun_uws_sys@0.1.15:   166 | struct us_socket_t *us_internal_ssl_close(us_socket_r s, int code, void *reason);
warning: bun_uws_sys@0.1.15:       |                    ^
warning: bun_uws_sys@0.1.15:       |                      _Nullable
warning: bun_uws_sys@0.1.15: /home/putao/code/rust/bao/src/uws_sys/csrc/bun-usockets/src/./internal/internal.h:166:20: note: insert '_Nonnull' if the pointer should never be null
warning: bun_uws_sys@0.1.15:   166 | struct us_socket_t *us_internal_ssl_close(us_socket_r s, int code, void *reason);
warning: bun_uws_sys@0.1.15:       |                    ^
warning: bun_uws_sys@0.1.15:       |                      _Nonnull
warning: bun_uws_sys@0.1.15: /home/putao/code/rust/bao/src/uws_sys/csrc/bun-usockets/src/./internal/internal.h:167:50: warning: pointer is missing a nullability type specifier (_Nonnull, _Nullable, or _Null_unspecified) [-Wnullability-completeness]
warning: bun_uws_sys@0.1.15:   167 | void us_internal_loop_data_init(struct us_loop_t *loop,
warning: bun_uws_sys@0.1.15:       |                                                  ^
warning: bun_uws_sys@0.1.15: /home/putao/code/rust/bao/src/uws_sys/csrc/bun-usockets/src/./internal/internal.h:167:50: note: insert '_Nullable' if the pointer may be null
warning: bun_uws_sys@0.1.15:   167 | void us_internal_loop_data_init(struct us_loop_t *loop,
warning: bun_uws_sys@0.1.15:       |                                                  ^
warning: bun_uws_sys@0.1.15:       |                                                    _Nullable
warning: bun_uws_sys@0.1.15: /home/putao/code/rust/bao/src/uws_sys/csrc/bun-usockets/src/./internal/internal.h:167:50: note: insert '_Nonnull' if the pointer should never be null
warning: bun_uws_sys@0.1.15:   167 | void us_internal_loop_data_init(struct us_loop_t *loop,
warning: bun_uws_sys@0.1.15:       |                                                  ^
warning: bun_uws_sys@0.1.15:       |                                                    _Nonnull
warning: bun_uws_sys@0.1.15: /home/putao/code/rust/bao/src/uws_sys/csrc/bun-usockets/src/./internal/internal.h:168:39: warning: pointer is missing a nullability type specifier (_Nonnull, _Nullable, or _Null_unspecified) [-Wnullability-completeness]
warning: bun_uws_sys@0.1.15:   168 |                                 void (*wakeup_cb)(us_loop_r loop),
warning: bun_uws_sys@0.1.15:       |                                       ^
warning: bun_uws_sys@0.1.15: /home/putao/code/rust/bao/src/uws_sys/csrc/bun-usockets/src/./internal/internal.h:168:39: note: insert '_Nullable' if the pointer may be null
warning: bun_uws_sys@0.1.15:   168 |                                 void (*wakeup_cb)(us_loop_r loop),
warning: bun_uws_sys@0.1.15:       |                                       ^
warning: bun_uws_sys@0.1.15:       |                                         _Nullable
warning: bun_uws_sys@0.1.15: /home/putao/code/rust/bao/src/uws_sys/csrc/bun-usockets/src/./internal/internal.h:168:39: note: insert '_Nonnull' if the pointer should never be null
warning: bun_uws_sys@0.1.15:   168 |                                 void (*wakeup_cb)(us_loop_r loop),
warning: bun_uws_sys@0.1.15:       |                                       ^
warning: bun_uws_sys@0.1.15:       |                                         _Nonnull
warning: bun_uws_sys@0.1.15: /home/putao/code/rust/bao/src/uws_sys/csrc/bun-usockets/src/./internal/internal.h:169:39: warning: pointer is missing a nullability type specifier (_Nonnull, _Nullable, or _Null_unspecified) [-Wnullability-completeness]
warning: bun_uws_sys@0.1.15:   169 |                                 void (*pre_cb)(us_loop_r loop),
warning: bun_uws_sys@0.1.15:       |                                       ^
warning: bun_uws_sys@0.1.15: /home/putao/code/rust/bao/src/uws_sys/csrc/bun-usockets/src/./internal/internal.h:169:39: note: insert '_Nullable' if the pointer may be null
warning: bun_uws_sys@0.1.15:   169 |                                 void (*pre_cb)(us_loop_r loop),
warning: bun_uws_sys@0.1.15:       |                                       ^
warning: bun_uws_sys@0.1.15:       |                                         _Nullable
warning: bun_uws_sys@0.1.15: /home/putao/code/rust/bao/src/uws_sys/csrc/bun-usockets/src/./internal/internal.h:169:39: note: insert '_Nonnull' if the pointer should never be null
warning: bun_uws_sys@0.1.15:   169 |                                 void (*pre_cb)(us_loop_r loop),
warning: bun_uws_sys@0.1.15:       |                                       ^
warning: bun_uws_sys@0.1.15:       |                                         _Nonnull
warning: bun_uws_sys@0.1.15: /home/putao/code/rust/bao/src/uws_sys/csrc/bun-usockets/src/./internal/internal.h:170:39: warning: pointer is missing a nullability type specifier (_Nonnull, _Nullable, or _Null_unspecified) [-Wnullability-completeness]
warning: bun_uws_sys@0.1.15:   170 |                                 void (*post_cb)(us_loop_r loop));
warning: bun_uws_sys@0.1.15:       |                                       ^
warning: bun_uws_sys@0.1.15: /home/putao/code/rust/bao/src/uws_sys/csrc/bun-usockets/src/./internal/internal.h:170:39: note: insert '_Nullable' if the pointer may be null
warning: bun_uws_sys@0.1.15:   170 |                                 void (*post_cb)(us_loop_r loop));
warning: bun_uws_sys@0.1.15:       |                                       ^
warning: bun_uws_sys@0.1.15:       |                                         _Nullable
warning: bun_uws_sys@0.1.15: /home/putao/code/rust/bao/src/uws_sys/csrc/bun-usockets/src/./internal/internal.h:170:39: note: insert '_Nonnull' if the pointer should never be null
warning: bun_uws_sys@0.1.15:   170 |                                 void (*post_cb)(us_loop_r loop));
warning: bun_uws_sys@0.1.15:       |                                       ^
warning: bun_uws_sys@0.1.15:       |                                         _Nonnull
warning: bun_uws_sys@0.1.15: /home/putao/code/rust/bao/src/uws_sys/csrc/bun-usockets/src/./internal/internal.h:176:69: warning: pointer is missing a nullability type specifier (_Nonnull, _Nullable, or _Null_unspecified) [-Wnullability-completeness]
warning: bun_uws_sys@0.1.15:   176 | struct us_internal_async *us_internal_create_async(struct us_loop_t *loop,
warning: bun_uws_sys@0.1.15:       |                                                                     ^
warning: bun_uws_sys@0.1.15: /home/putao/code/rust/bao/src/uws_sys/csrc/bun-usockets/src/./internal/internal.h:176:69: note: insert '_Nullable' if the pointer may be null
warning: bun_uws_sys@0.1.15:   176 | struct us_internal_async *us_internal_create_async(struct us_loop_t *loop,
warning: bun_uws_sys@0.1.15:       |                                                                     ^
warning: bun_uws_sys@0.1.15:       |                                                                       _Nullable
warning: bun_uws_sys@0.1.15: /home/putao/code/rust/bao/src/uws_sys/csrc/bun-usockets/src/./internal/internal.h:176:69: note: insert '_Nonnull' if the pointer should never be null
warning: bun_uws_sys@0.1.15:   176 | struct us_internal_async *us_internal_create_async(struct us_loop_t *loop,
warning: bun_uws_sys@0.1.15:       |                                                                     ^
warning: bun_uws_sys@0.1.15:       |                                                                       _Nonnull
warning: bun_uws_sys@0.1.15: /home/putao/code/rust/bao/src/uws_sys/csrc/bun-usockets/src/./internal/internal.h:176:26: warning: pointer is missing a nullability type specifier (_Nonnull, _Nullable, or _Null_unspecified) [-Wnullability-completeness]
warning: bun_uws_sys@0.1.15:   176 | struct us_internal_async *us_internal_create_async(struct us_loop_t *loop,
warning: bun_uws_sys@0.1.15:       |                          ^
warning: bun_uws_sys@0.1.15: /home/putao/code/rust/bao/src/uws_sys/csrc/bun-usockets/src/./internal/internal.h:176:26: note: insert '_Nullable' if the pointer may be null
warning: bun_uws_sys@0.1.15:   176 | struct us_internal_async *us_internal_create_async(struct us_loop_t *loop,
warning: bun_uws_sys@0.1.15:       |                          ^
warning: bun_uws_sys@0.1.15:       |                            _Nullable
warning: bun_uws_sys@0.1.15: /home/putao/code/rust/bao/src/uws_sys/csrc/bun-usockets/src/./internal/internal.h:176:26: note: insert '_Nonnull' if the pointer should never be null
warning: bun_uws_sys@0.1.15:   176 | struct us_internal_async *us_internal_create_async(struct us_loop_t *loop,
warning: bun_uws_sys@0.1.15:       |                          ^
warning: bun_uws_sys@0.1.15:       |                            _Nonnull
warning: bun_uws_sys@0.1.15: /home/putao/code/rust/bao/src/uws_sys/csrc/bun-usockets/src/./internal/internal.h:179:55: warning: pointer is missing a nullability type specifier (_Nonnull, _Nullable, or _Null_unspecified) [-Wnullability-completeness]
warning: bun_uws_sys@0.1.15:   179 | void us_internal_async_close(struct us_internal_async *a);
warning: bun_uws_sys@0.1.15:       |                                                       ^
warning: bun_uws_sys@0.1.15: /home/putao/code/rust/bao/src/uws_sys/csrc/bun-usockets/src/./internal/internal.h:179:55: note: insert '_Nullable' if the pointer may be null
warning: bun_uws_sys@0.1.15:   179 | void us_internal_async_close(struct us_internal_async *a);
warning: bun_uws_sys@0.1.15:       |                                                       ^
warning: bun_uws_sys@0.1.15:       |                                                         _Nullable
warning: bun_uws_sys@0.1.15: /home/putao/code/rust/bao/src/uws_sys/csrc/bun-usockets/src/./internal/internal.h:179:55: note: insert '_Nonnull' if the pointer should never be null
warning: bun_uws_sys@0.1.15:   179 | void us_internal_async_close(struct us_internal_async *a);
warning: bun_uws_sys@0.1.15:       |                                                       ^
warning: bun_uws_sys@0.1.15:       |                                                         _Nonnull
warning: bun_uws_sys@0.1.15: /home/putao/code/rust/bao/src/uws_sys/csrc/bun-usockets/src/./internal/internal.h:180:53: warning: pointer is missing a nullability type specifier (_Nonnull, _Nullable, or _Null_unspecified) [-Wnullability-completeness]
warning: bun_uws_sys@0.1.15:   180 | void us_internal_async_set(struct us_internal_async *a,
warning: bun_uws_sys@0.1.15:       |                                                     ^
warning: bun_uws_sys@0.1.15: /home/putao/code/rust/bao/src/uws_sys/csrc/bun-usockets/src/./internal/internal.h:180:53: note: insert '_Nullable' if the pointer may be null
warning: bun_uws_sys@0.1.15:   180 | void us_internal_async_set(struct us_internal_async *a,
warning: bun_uws_sys@0.1.15:       |                                                     ^
warning: bun_uws_sys@0.1.15:       |                                                       _Nullable
warning: bun_uws_sys@0.1.15: /home/putao/code/rust/bao/src/uws_sys/csrc/bun-usockets/src/./internal/internal.h:180:53: note: insert '_Nonnull' if the pointer should never be null
warning: bun_uws_sys@0.1.15:   180 | void us_internal_async_set(struct us_internal_async *a,
warning: bun_uws_sys@0.1.15:       |                                                     ^
warning: bun_uws_sys@0.1.15:       |                                                       _Nonnull
warning: bun_uws_sys@0.1.15: /home/putao/code/rust/bao/src/uws_sys/csrc/bun-usockets/src/./internal/internal.h:181:64: warning: pointer is missing a nullability type specifier (_Nonnull, _Nullable, or _Null_unspecified) [-Wnullability-completeness]
warning: bun_uws_sys@0.1.15:   181 |                            void (*cb)(struct us_internal_async *));
warning: bun_uws_sys@0.1.15:       |                                                                ^
warning: bun_uws_sys@0.1.15: /home/putao/code/rust/bao/src/uws_sys/csrc/bun-usockets/src/./internal/internal.h:181:64: note: insert '_Nullable' if the pointer may be null
warning: bun_uws_sys@0.1.15:   181 |                            void (*cb)(struct us_internal_async *));
warning: bun_uws_sys@0.1.15:       |                                                                ^
warning: bun_uws_sys@0.1.15:       |                                                                 _Nullable
warning: bun_uws_sys@0.1.15: /home/putao/code/rust/bao/src/uws_sys/csrc/bun-usockets/src/./internal/internal.h:181:64: note: insert '_Nonnull' if the pointer should never be null
warning: bun_uws_sys@0.1.15:   181 |                            void (*cb)(struct us_internal_async *));
warning: bun_uws_sys@0.1.15:       |                                                                ^
warning: bun_uws_sys@0.1.15:       |                                                                 _Nonnull
warning: bun_uws_sys@0.1.15: /home/putao/code/rust/bao/src/uws_sys/csrc/bun-usockets/src/./internal/internal.h:181:34: warning: pointer is missing a nullability type specifier (_Nonnull, _Nullable, or _Null_unspecified) [-Wnullability-completeness]
warning: bun_uws_sys@0.1.15:   181 |                            void (*cb)(struct us_internal_async *));
warning: bun_uws_sys@0.1.15:       |                                  ^
warning: bun_uws_sys@0.1.15: /home/putao/code/rust/bao/src/uws_sys/csrc/bun-usockets/src/./internal/internal.h:181:34: note: insert '_Nullable' if the pointer may be null
warning: bun_uws_sys@0.1.15:   181 |                            void (*cb)(struct us_internal_async *));
warning: bun_uws_sys@0.1.15:       |                                  ^
warning: bun_uws_sys@0.1.15:       |                                    _Nullable
warning: bun_uws_sys@0.1.15: /home/putao/code/rust/bao/src/uws_sys/csrc/bun-usockets/src/./internal/internal.h:181:34: note: insert '_Nonnull' if the pointer should never be null
warning: bun_uws_sys@0.1.15:   181 |                            void (*cb)(struct us_internal_async *));
warning: bun_uws_sys@0.1.15:       |                                  ^
warning: bun_uws_sys@0.1.15:       |                                    _Nonnull
warning: bun_uws_sys@0.1.15: /home/putao/code/rust/bao/src/uws_sys/csrc/bun-usockets/src/./internal/internal.h:182:56: warning: pointer is missing a nullability type specifier (_Nonnull, _Nullable, or _Null_unspecified) [-Wnullability-completeness]
warning: bun_uws_sys@0.1.15:   182 | void us_internal_async_wakeup(struct us_internal_async *a);
warning: bun_uws_sys@0.1.15:       |                                                        ^
warning: bun_uws_sys@0.1.15: /home/putao/code/rust/bao/src/uws_sys/csrc/bun-usockets/src/./internal/internal.h:182:56: note: insert '_Nullable' if the pointer may be null
warning: bun_uws_sys@0.1.15:   182 | void us_internal_async_wakeup(struct us_internal_async *a);
warning: bun_uws_sys@0.1.15:       |                                                        ^
warning: bun_uws_sys@0.1.15:       |                                                          _Nullable
warning: bun_uws_sys@0.1.15: /home/putao/code/rust/bao/src/uws_sys/csrc/bun-usockets/src/./internal/internal.h:182:56: note: insert '_Nonnull' if the pointer should never be null
warning: bun_uws_sys@0.1.15:   182 | void us_internal_async_wakeup(struct us_internal_async *a);
warning: bun_uws_sys@0.1.15:       |                                                        ^
warning: bun_uws_sys@0.1.15:       |                                                          _Nonnull
warning: bun_uws_sys@0.1.15: /home/putao/code/rust/bao/src/uws_sys/csrc/bun-usockets/src/./internal/internal.h:185:55: warning: pointer is missing a nullability type specifier (_Nonnull, _Nullable, or _Null_unspecified) [-Wnullability-completeness]
warning: bun_uws_sys@0.1.15:   185 | size_t us_internal_accept_poll_event(struct us_poll_t *p);
warning: bun_uws_sys@0.1.15:       |                                                       ^
warning: bun_uws_sys@0.1.15: /home/putao/code/rust/bao/src/uws_sys/csrc/bun-usockets/src/./internal/internal.h:185:55: note: insert '_Nullable' if the pointer may be null
warning: bun_uws_sys@0.1.15:   185 | size_t us_internal_accept_poll_event(struct us_poll_t *p);
warning: bun_uws_sys@0.1.15:       |                                                       ^
warning: bun_uws_sys@0.1.15:       |                                                         _Nullable
warning: bun_uws_sys@0.1.15: /home/putao/code/rust/bao/src/uws_sys/csrc/bun-usockets/src/./internal/internal.h:185:55: note: insert '_Nonnull' if the pointer should never be null
warning: bun_uws_sys@0.1.15:   185 | size_t us_internal_accept_poll_event(struct us_poll_t *p);
warning: bun_uws_sys@0.1.15:       |                                                       ^
warning: bun_uws_sys@0.1.15:       |                                                         _Nonnull
warning: bun_uws_sys@0.1.15: /home/putao/code/rust/bao/src/uws_sys/csrc/bun-usockets/src/./internal/internal.h:186:44: warning: pointer is missing a nullability type specifier (_Nonnull, _Nullable, or _Null_unspecified) [-Wnullability-completeness]
warning: bun_uws_sys@0.1.15:   186 | int us_internal_poll_type(struct us_poll_t *p);
warning: bun_uws_sys@0.1.15:       |                                            ^
warning: bun_uws_sys@0.1.15: /home/putao/code/rust/bao/src/uws_sys/csrc/bun-usockets/src/./internal/internal.h:186:44: note: insert '_Nullable' if the pointer may be null
warning: bun_uws_sys@0.1.15:   186 | int us_internal_poll_type(struct us_poll_t *p);
warning: bun_uws_sys@0.1.15:       |                                            ^
warning: bun_uws_sys@0.1.15:       |                                              _Nullable
warning: bun_uws_sys@0.1.15: /home/putao/code/rust/bao/src/uws_sys/csrc/bun-usockets/src/./internal/internal.h:186:44: note: insert '_Nonnull' if the pointer should never be null
warning: bun_uws_sys@0.1.15:   186 | int us_internal_poll_type(struct us_poll_t *p);
warning: bun_uws_sys@0.1.15:       |                                            ^
warning: bun_uws_sys@0.1.15:       |                                              _Nonnull
warning: bun_uws_sys@0.1.15: /home/putao/code/rust/bao/src/uws_sys/csrc/bun-usockets/src/./internal/internal.h:187:49: warning: pointer is missing a nullability type specifier (_Nonnull, _Nullable, or _Null_unspecified) [-Wnullability-completeness]
warning: bun_uws_sys@0.1.15:   187 | void us_internal_poll_set_type(struct us_poll_t *p, int poll_type);
warning: bun_uws_sys@0.1.15:       |                                                 ^
warning: bun_uws_sys@0.1.15: /home/putao/code/rust/bao/src/uws_sys/csrc/bun-usockets/src/./internal/internal.h:187:49: note: insert '_Nullable' if the pointer may be null
warning: bun_uws_sys@0.1.15:   187 | void us_internal_poll_set_type(struct us_poll_t *p, int poll_type);
warning: bun_uws_sys@0.1.15:       |                                                 ^
warning: bun_uws_sys@0.1.15:       |                                                   _Nullable
warning: bun_uws_sys@0.1.15: /home/putao/code/rust/bao/src/uws_sys/csrc/bun-usockets/src/./internal/internal.h:187:49: note: insert '_Nonnull' if the pointer should never be null
warning: bun_uws_sys@0.1.15:   187 | void us_internal_poll_set_type(struct us_poll_t *p, int poll_type);
warning: bun_uws_sys@0.1.15:       |                                                 ^
warning: bun_uws_sys@0.1.15:       |                                                   _Nonnull
warning: bun_uws_sys@0.1.15: /home/putao/code/rust/bao/src/uws_sys/csrc/bun-usockets/src/./internal/internal.h:197:69: warning: pointer is missing a nullability type specifier (_Nonnull, _Nullable, or _Null_unspecified) [-Wnullability-completeness]
warning: bun_uws_sys@0.1.15:   197 | void us_internal_socket_after_resolve(struct us_connecting_socket_t *s);
warning: bun_uws_sys@0.1.15:       |                                                                     ^
warning: bun_uws_sys@0.1.15: /home/putao/code/rust/bao/src/uws_sys/csrc/bun-usockets/src/./internal/internal.h:197:69: note: insert '_Nullable' if the pointer may be null
warning: bun_uws_sys@0.1.15:   197 | void us_internal_socket_after_resolve(struct us_connecting_socket_t *s);
warning: bun_uws_sys@0.1.15:       |                                                                     ^
warning: bun_uws_sys@0.1.15:       |                                                                       _Nullable
warning: bun_uws_sys@0.1.15: /home/putao/code/rust/bao/src/uws_sys/csrc/bun-usockets/src/./internal/internal.h:197:69: note: insert '_Nonnull' if the pointer should never be null
warning: bun_uws_sys@0.1.15:   197 | void us_internal_socket_after_resolve(struct us_connecting_socket_t *s);
warning: bun_uws_sys@0.1.15:       |                                                                     ^
warning: bun_uws_sys@0.1.15:       |                                                                       _Nonnull
warning: bun_uws_sys@0.1.15: /home/putao/code/rust/bao/src/uws_sys/csrc/bun-usockets/src/./internal/internal.h:205:62: warning: pointer is missing a nullability type specifier (_Nonnull, _Nullable, or _Null_unspecified) [-Wnullability-completeness]
warning: bun_uws_sys@0.1.15:   205 | void us_internal_ssl_attach(us_socket_r s, struct ssl_ctx_st *ssl_ctx, int is_client, const char *sni, struct us_listen_socket_t *listener);
warning: bun_uws_sys@0.1.15:       |                                                              ^
warning: bun_uws_sys@0.1.15: /home/putao/code/rust/bao/src/uws_sys/csrc/bun-usockets/src/./internal/internal.h:205:62: note: insert '_Nullable' if the pointer may be null
warning: bun_uws_sys@0.1.15:   205 | void us_internal_ssl_attach(us_socket_r s, struct ssl_ctx_st *ssl_ctx, int is_client, const char *sni, struct us_listen_socket_t *listener);
warning: bun_uws_sys@0.1.15:       |                                                              ^
warning: bun_uws_sys@0.1.15:       |                                                                _Nullable
warning: bun_uws_sys@0.1.15: /home/putao/code/rust/bao/src/uws_sys/csrc/bun-usockets/src/./internal/internal.h:205:62: note: insert '_Nonnull' if the pointer should never be null
warning: bun_uws_sys@0.1.15:   205 | void us_internal_ssl_attach(us_socket_r s, struct ssl_ctx_st *ssl_ctx, int is_client, const char *sni, struct us_listen_socket_t *listener);
warning: bun_uws_sys@0.1.15:       |                                                              ^
warning: bun_uws_sys@0.1.15:       |                                                                _Nonnull
warning: bun_uws_sys@0.1.15: /home/putao/code/rust/bao/src/uws_sys/csrc/bun-usockets/src/./internal/internal.h:205:98: warning: pointer is missing a nullability type specifier (_Nonnull, _Nullable, or _Null_unspecified) [-Wnullability-completeness]
warning: bun_uws_sys@0.1.15:   205 | void us_internal_ssl_attach(us_socket_r s, struct ssl_ctx_st *ssl_ctx, int is_client, const char *sni, struct us_listen_socket_t *listener);
warning: bun_uws_sys@0.1.15:       |                                                                                                  ^
warning: bun_uws_sys@0.1.15: /home/putao/code/rust/bao/src/uws_sys/csrc/bun-usockets/src/./internal/internal.h:205:98: note: insert '_Nullable' if the pointer may be null
warning: bun_uws_sys@0.1.15:   205 | void us_internal_ssl_attach(us_socket_r s, struct ssl_ctx_st *ssl_ctx, int is_client, const char *sni, struct us_listen_socket_t *listener);
warning: bun_uws_sys@0.1.15:       |                                                                                                  ^
warning: bun_uws_sys@0.1.15:       |                                                                                                    _Nullable
warning: bun_uws_sys@0.1.15: /home/putao/code/rust/bao/src/uws_sys/csrc/bun-usockets/src/./internal/internal.h:205:98: note: insert '_Nonnull' if the pointer should never be null
warning: bun_uws_sys@0.1.15:   205 | void us_internal_ssl_attach(us_socket_r s, struct ssl_ctx_st *ssl_ctx, int is_client, const char *sni, struct us_listen_socket_t *listener);
warning: bun_uws_sys@0.1.15:       |                                                                                                  ^
warning: bun_uws_sys@0.1.15:       |                                                                                                    _Nonnull
warning: bun_uws_sys@0.1.15: /home/putao/code/rust/bao/src/uws_sys/csrc/bun-usockets/src/./internal/internal.h:205:130: warning: pointer is missing a nullability type specifier (_Nonnull, _Nullable, or _Null_unspecified) [-Wnullability-completeness]
warning: bun_uws_sys@0.1.15:   205 | void us_internal_ssl_attach(us_socket_r s, struct ssl_ctx_st *ssl_ctx, int is_client, const char *sni, struct us_listen_socket_t *listener);
warning: bun_uws_sys@0.1.15:       |                                                                                                                                  ^
warning: bun_uws_sys@0.1.15: /home/putao/code/rust/bao/src/uws_sys/csrc/bun-usockets/src/./internal/internal.h:205:130: note: insert '_Nullable' if the pointer may be null
warning: bun_uws_sys@0.1.15:   205 | void us_internal_ssl_attach(us_socket_r s, struct ssl_ctx_st *ssl_ctx, int is_client, const char *sni, struct us_listen_socket_t *listener);
warning: bun_uws_sys@0.1.15:       |                                                                                                                                  ^
warning: bun_uws_sys@0.1.15:       |                                                                                                                                    _Nullable
warning: bun_uws_sys@0.1.15: /home/putao/code/rust/bao/src/uws_sys/csrc/bun-usockets/src/./internal/internal.h:205:130: note: insert '_Nonnull' if the pointer should never be null
warning: bun_uws_sys@0.1.15:   205 | void us_internal_ssl_attach(us_socket_r s, struct ssl_ctx_st *ssl_ctx, int is_client, const char *sni, struct us_listen_socket_t *listener);
warning: bun_uws_sys@0.1.15:       |                                                                                                                                  ^
warning: bun_uws_sys@0.1.15:       |                                                                                                                                    _Nonnull
warning: bun_uws_sys@0.1.15: /home/putao/code/rust/bao/src/uws_sys/csrc/bun-usockets/src/./internal/internal.h:211:80: warning: pointer is missing a nullability type specifier (_Nonnull, _Nullable, or _Null_unspecified) [-Wnullability-completeness]
warning: bun_uws_sys@0.1.15:   211 | struct us_socket_t *us_internal_ssl_on_open(us_socket_r s, int is_client, char *ip, int ip_length);
warning: bun_uws_sys@0.1.15:       |                                                                                ^
warning: bun_uws_sys@0.1.15: /home/putao/code/rust/bao/src/uws_sys/csrc/bun-usockets/src/./internal/internal.h:211:80: note: insert '_Nullable' if the pointer may be null
warning: bun_uws_sys@0.1.15:   211 | struct us_socket_t *us_internal_ssl_on_open(us_socket_r s, int is_client, char *ip, int ip_length);
warning: bun_uws_sys@0.1.15:       |                                                                                ^
warning: bun_uws_sys@0.1.15:       |                                                                                  _Nullable
warning: bun_uws_sys@0.1.15: /home/putao/code/rust/bao/src/uws_sys/csrc/bun-usockets/src/./internal/internal.h:211:80: note: insert '_Nonnull' if the pointer should never be null
warning: bun_uws_sys@0.1.15:   211 | struct us_socket_t *us_internal_ssl_on_open(us_socket_r s, int is_client, char *ip, int ip_length);
warning: bun_uws_sys@0.1.15:       |                                                                                ^
warning: bun_uws_sys@0.1.15:       |                                                                                  _Nonnull
warning: bun_uws_sys@0.1.15: /home/putao/code/rust/bao/src/uws_sys/csrc/bun-usockets/src/./internal/internal.h:211:20: warning: pointer is missing a nullability type specifier (_Nonnull, _Nullable, or _Null_unspecified) [-Wnullability-completeness]
warning: bun_uws_sys@0.1.15:   211 | struct us_socket_t *us_internal_ssl_on_open(us_socket_r s, int is_client, char *ip, int ip_length);
warning: bun_uws_sys@0.1.15:       |                    ^
warning: bun_uws_sys@0.1.15: /home/putao/code/rust/bao/src/uws_sys/csrc/bun-usockets/src/./internal/internal.h:211:20: note: insert '_Nullable' if the pointer may be null
warning: bun_uws_sys@0.1.15:   211 | struct us_socket_t *us_internal_ssl_on_open(us_socket_r s, int is_client, char *ip, int ip_length);
warning: bun_uws_sys@0.1.15:       |                    ^
warning: bun_uws_sys@0.1.15:       |                      _Nullable
warning: bun_uws_sys@0.1.15: /home/putao/code/rust/bao/src/uws_sys/csrc/bun-usockets/src/./internal/internal.h:211:20: note: insert '_Nonnull' if the pointer should never be null
warning: bun_uws_sys@0.1.15:   211 | struct us_socket_t *us_internal_ssl_on_open(us_socket_r s, int is_client, char *ip, int ip_length);
warning: bun_uws_sys@0.1.15:       |                    ^
warning: bun_uws_sys@0.1.15:       |                      _Nonnull
warning: bun_uws_sys@0.1.15: /home/putao/code/rust/bao/src/uws_sys/csrc/bun-usockets/src/./internal/internal.h:212:65: warning: pointer is missing a nullability type specifier (_Nonnull, _Nullable, or _Null_unspecified) [-Wnullability-completeness]
warning: bun_uws_sys@0.1.15:   212 | struct us_socket_t *us_internal_ssl_on_data(us_socket_r s, char *data, int length);
warning: bun_uws_sys@0.1.15:       |                                                                 ^
warning: bun_uws_sys@0.1.15: /home/putao/code/rust/bao/src/uws_sys/csrc/bun-usockets/src/./internal/internal.h:212:65: note: insert '_Nullable' if the pointer may be null
warning: bun_uws_sys@0.1.15:   212 | struct us_socket_t *us_internal_ssl_on_data(us_socket_r s, char *data, int length);
warning: bun_uws_sys@0.1.15:       |                                                                 ^
warning: bun_uws_sys@0.1.15:       |                                                                   _Nullable
warning: bun_uws_sys@0.1.15: /home/putao/code/rust/bao/src/uws_sys/csrc/bun-usockets/src/./internal/internal.h:212:65: note: insert '_Nonnull' if the pointer should never be null
warning: bun_uws_sys@0.1.15:   212 | struct us_socket_t *us_internal_ssl_on_data(us_socket_r s, char *data, int length);
warning: bun_uws_sys@0.1.15:       |                                                                 ^
warning: bun_uws_sys@0.1.15:       |                                                                   _Nonnull
warning: bun_uws_sys@0.1.15: /home/putao/code/rust/bao/src/uws_sys/csrc/bun-usockets/src/./internal/internal.h:212:20: warning: pointer is missing a nullability type specifier (_Nonnull, _Nullable, or _Null_unspecified) [-Wnullability-completeness]
warning: bun_uws_sys@0.1.15:   212 | struct us_socket_t *us_internal_ssl_on_data(us_socket_r s, char *data, int length);
warning: bun_uws_sys@0.1.15:       |                    ^
warning: bun_uws_sys@0.1.15: /home/putao/code/rust/bao/src/uws_sys/csrc/bun-usockets/src/./internal/internal.h:212:20: note: insert '_Nullable' if the pointer may be null
warning: bun_uws_sys@0.1.15:   212 | struct us_socket_t *us_internal_ssl_on_data(us_socket_r s, char *data, int length);
warning: bun_uws_sys@0.1.15:       |                    ^
warning: bun_uws_sys@0.1.15:       |                      _Nullable
warning: bun_uws_sys@0.1.15: /home/putao/code/rust/bao/src/uws_sys/csrc/bun-usockets/src/./internal/internal.h:212:20: note: insert '_Nonnull' if the pointer should never be null
warning: bun_uws_sys@0.1.15:   212 | struct us_socket_t *us_internal_ssl_on_data(us_socket_r s, char *data, int length);
warning: bun_uws_sys@0.1.15:       |                    ^
warning: bun_uws_sys@0.1.15:       |                      _Nonnull
warning: bun_uws_sys@0.1.15: /home/putao/code/rust/bao/src/uws_sys/csrc/bun-usockets/src/./internal/internal.h:213:20: warning: pointer is missing a nullability type specifier (_Nonnull, _Nullable, or _Null_unspecified) [-Wnullability-completeness]
warning: bun_uws_sys@0.1.15:   213 | struct us_socket_t *us_internal_ssl_on_writable(us_socket_r s);
warning: bun_uws_sys@0.1.15:       |                    ^
warning: bun_uws_sys@0.1.15: /home/putao/code/rust/bao/src/uws_sys/csrc/bun-usockets/src/./internal/internal.h:213:20: note: insert '_Nullable' if the pointer may be null
warning: bun_uws_sys@0.1.15:   213 | struct us_socket_t *us_internal_ssl_on_writable(us_socket_r s);
warning: bun_uws_sys@0.1.15:       |                    ^
warning: bun_uws_sys@0.1.15:       |                      _Nullable
warning: bun_uws_sys@0.1.15: /home/putao/code/rust/bao/src/uws_sys/csrc/bun-usockets/src/./internal/internal.h:213:20: note: insert '_Nonnull' if the pointer should never be null
warning: bun_uws_sys@0.1.15:   213 | struct us_socket_t *us_internal_ssl_on_writable(us_socket_r s);
warning: bun_uws_sys@0.1.15:       |                    ^
warning: bun_uws_sys@0.1.15:       |                      _Nonnull
warning: bun_uws_sys@0.1.15: /home/putao/code/rust/bao/src/uws_sys/csrc/bun-usockets/src/./internal/internal.h:214:76: warning: pointer is missing a nullability type specifier (_Nonnull, _Nullable, or _Null_unspecified) [-Wnullability-completeness]
warning: bun_uws_sys@0.1.15:   214 | struct us_socket_t *us_internal_ssl_on_close(us_socket_r s, int code, void *reason);
warning: bun_uws_sys@0.1.15:       |                                                                            ^
warning: bun_uws_sys@0.1.15: /home/putao/code/rust/bao/src/uws_sys/csrc/bun-usockets/src/./internal/internal.h:214:76: note: insert '_Nullable' if the pointer may be null
warning: bun_uws_sys@0.1.15:   214 | struct us_socket_t *us_internal_ssl_on_close(us_socket_r s, int code, void *reason);
warning: bun_uws_sys@0.1.15:       |                                                                            ^
warning: bun_uws_sys@0.1.15:       |                                                                              _Nullable
warning: bun_uws_sys@0.1.15: /home/putao/code/rust/bao/src/uws_sys/csrc/bun-usockets/src/./internal/internal.h:214:76: note: insert '_Nonnull' if the pointer should never be null
warning: bun_uws_sys@0.1.15:   214 | struct us_socket_t *us_internal_ssl_on_close(us_socket_r s, int code, void *reason);
warning: bun_uws_sys@0.1.15:       |                                                                            ^
warning: bun_uws_sys@0.1.15:       |                                                                              _Nonnull
warning: bun_uws_sys@0.1.15: /home/putao/code/rust/bao/src/uws_sys/csrc/bun-usockets/src/./internal/internal.h:214:20: warning: pointer is missing a nullability type specifier (_Nonnull, _Nullable, or _Null_unspecified) [-Wnullability-completeness]
warning: bun_uws_sys@0.1.15:   214 | struct us_socket_t *us_internal_ssl_on_close(us_socket_r s, int code, void *reason);
warning: bun_uws_sys@0.1.15:       |                    ^
warning: bun_uws_sys@0.1.15: /home/putao/code/rust/bao/src/uws_sys/csrc/bun-usockets/src/./internal/internal.h:214:20: note: insert '_Nullable' if the pointer may be null
warning: bun_uws_sys@0.1.15:   214 | struct us_socket_t *us_internal_ssl_on_close(us_socket_r s, int code, void *reason);
warning: bun_uws_sys@0.1.15:       |                    ^
warning: bun_uws_sys@0.1.15:       |                      _Nullable
warning: bun_uws_sys@0.1.15: /home/putao/code/rust/bao/src/uws_sys/csrc/bun-usockets/src/./internal/internal.h:214:20: note: insert '_Nonnull' if the pointer should never be null
warning: bun_uws_sys@0.1.15:   214 | struct us_socket_t *us_internal_ssl_on_close(us_socket_r s, int code, void *reason);
warning: bun_uws_sys@0.1.15:       |                    ^
warning: bun_uws_sys@0.1.15:       |                      _Nonnull
warning: bun_uws_sys@0.1.15: /home/putao/code/rust/bao/src/uws_sys/csrc/bun-usockets/src/./internal/internal.h:215:20: warning: pointer is missing a nullability type specifier (_Nonnull, _Nullable, or _Null_unspecified) [-Wnullability-completeness]
warning: bun_uws_sys@0.1.15:   215 | struct us_socket_t *us_internal_ssl_on_end(us_socket_r s);
warning: bun_uws_sys@0.1.15:       |                    ^
warning: bun_uws_sys@0.1.15: /home/putao/code/rust/bao/src/uws_sys/csrc/bun-usockets/src/./internal/internal.h:215:20: note: insert '_Nullable' if the pointer may be null
warning: bun_uws_sys@0.1.15:   215 | struct us_socket_t *us_internal_ssl_on_end(us_socket_r s);
warning: bun_uws_sys@0.1.15:       |                    ^
warning: bun_uws_sys@0.1.15:       |                      _Nullable
warning: bun_uws_sys@0.1.15: /home/putao/code/rust/bao/src/uws_sys/csrc/bun-usockets/src/./internal/internal.h:215:20: note: insert '_Nonnull' if the pointer should never be null
warning: bun_uws_sys@0.1.15:   215 | struct us_socket_t *us_internal_ssl_on_end(us_socket_r s);
warning: bun_uws_sys@0.1.15:       |                    ^
warning: bun_uws_sys@0.1.15:       |                      _Nonnull
warning: bun_uws_sys@0.1.15: /home/putao/code/rust/bao/src/uws_sys/csrc/bun-usockets/src/./internal/internal.h:222:53: warning: pointer is missing a nullability type specifier (_Nonnull, _Nullable, or _Null_unspecified) [-Wnullability-completeness]
warning: bun_uws_sys@0.1.15:   222 | int us_internal_ssl_write(us_socket_r s, const char *data, int length);
warning: bun_uws_sys@0.1.15:       |                                                     ^
warning: bun_uws_sys@0.1.15: /home/putao/code/rust/bao/src/uws_sys/csrc/bun-usockets/src/./internal/internal.h:222:53: note: insert '_Nullable' if the pointer may be null
warning: bun_uws_sys@0.1.15:   222 | int us_internal_ssl_write(us_socket_r s, const char *data, int length);
warning: bun_uws_sys@0.1.15:       |                                                     ^
warning: bun_uws_sys@0.1.15:       |                                                       _Nullable
warning: bun_uws_sys@0.1.15: /home/putao/code/rust/bao/src/uws_sys/csrc/bun-usockets/src/./internal/internal.h:222:53: note: insert '_Nonnull' if the pointer should never be null
warning: bun_uws_sys@0.1.15:   222 | int us_internal_ssl_write(us_socket_r s, const char *data, int length);
warning: bun_uws_sys@0.1.15:       |                                                     ^
warning: bun_uws_sys@0.1.15:       |                                                       _Nonnull
warning: bun_uws_sys@0.1.15: /home/putao/code/rust/bao/src/uws_sys/csrc/bun-usockets/src/./internal/internal.h:223:6: warning: pointer is missing a nullability type specifier (_Nonnull, _Nullable, or _Null_unspecified) [-Wnullability-completeness]
warning: bun_uws_sys@0.1.15:   223 | void *us_internal_ssl_get_native_handle(us_socket_r s);
warning: bun_uws_sys@0.1.15:       |      ^
warning: bun_uws_sys@0.1.15: /home/putao/code/rust/bao/src/uws_sys/csrc/bun-usockets/src/./internal/internal.h:223:6: note: insert '_Nullable' if the pointer may be null
warning: bun_uws_sys@0.1.15:   223 | void *us_internal_ssl_get_native_handle(us_socket_r s);
warning: bun_uws_sys@0.1.15:       |      ^
warning: bun_uws_sys@0.1.15:       |        _Nullable
warning: bun_uws_sys@0.1.15: /home/putao/code/rust/bao/src/uws_sys/csrc/bun-usockets/src/./internal/internal.h:223:6: note: insert '_Nonnull' if the pointer should never be null
warning: bun_uws_sys@0.1.15:   223 | void *us_internal_ssl_get_native_handle(us_socket_r s);
warning: bun_uws_sys@0.1.15:       |      ^
warning: bun_uws_sys@0.1.15:       |        _Nonnull
warning: bun_uws_sys@0.1.15: /home/putao/code/rust/bao/src/uws_sys/csrc/bun-usockets/src/./internal/internal.h:225:6: warning: pointer is missing a nullability type specifier (_Nonnull, _Nullable, or _Null_unspecified) [-Wnullability-completeness]
warning: bun_uws_sys@0.1.15:   225 | void *us_internal_ssl_sni_userdata(us_socket_r s);
warning: bun_uws_sys@0.1.15:       |      ^
warning: bun_uws_sys@0.1.15: /home/putao/code/rust/bao/src/uws_sys/csrc/bun-usockets/src/./internal/internal.h:225:6: note: insert '_Nullable' if the pointer may be null
warning: bun_uws_sys@0.1.15:   225 | void *us_internal_ssl_sni_userdata(us_socket_r s);
warning: bun_uws_sys@0.1.15:       |      ^
warning: bun_uws_sys@0.1.15:       |        _Nullable
warning: bun_uws_sys@0.1.15: /home/putao/code/rust/bao/src/uws_sys/csrc/bun-usockets/src/./internal/internal.h:225:6: note: insert '_Nonnull' if the pointer should never be null
warning: bun_uws_sys@0.1.15:   225 | void *us_internal_ssl_sni_userdata(us_socket_r s);
warning: bun_uws_sys@0.1.15:       |      ^
warning: bun_uws_sys@0.1.15:       |        _Nonnull
warning: bun_uws_sys@0.1.15: /home/putao/code/rust/bao/src/uws_sys/csrc/bun-usockets/src/./internal/internal.h:228:67: warning: pointer is missing a nullability type specifier (_Nonnull, _Nullable, or _Null_unspecified) [-Wnullability-completeness]
warning: bun_uws_sys@0.1.15:   228 | void us_internal_listen_socket_ssl_free(struct us_listen_socket_t *ls);
warning: bun_uws_sys@0.1.15:       |                                                                   ^
warning: bun_uws_sys@0.1.15: /home/putao/code/rust/bao/src/uws_sys/csrc/bun-usockets/src/./internal/internal.h:228:67: note: insert '_Nullable' if the pointer may be null
warning: bun_uws_sys@0.1.15:   228 | void us_internal_listen_socket_ssl_free(struct us_listen_socket_t *ls);
warning: bun_uws_sys@0.1.15:       |                                                                   ^
warning: bun_uws_sys@0.1.15:       |                                                                     _Nullable
warning: bun_uws_sys@0.1.15: /home/putao/code/rust/bao/src/uws_sys/csrc/bun-usockets/src/./internal/internal.h:228:67: note: insert '_Nonnull' if the pointer should never be null
warning: bun_uws_sys@0.1.15:   228 | void us_internal_listen_socket_ssl_free(struct us_listen_socket_t *ls);
warning: bun_uws_sys@0.1.15:       |                                                                   ^
warning: bun_uws_sys@0.1.15:       |                                                                     _Nonnull
warning: bun_uws_sys@0.1.15: /home/putao/code/rust/bao/src/uws_sys/csrc/bun-usockets/src/./internal/internal.h:230:51: warning: pointer is missing a nullability type specifier (_Nonnull, _Nullable, or _Null_unspecified) [-Wnullability-completeness]
warning: bun_uws_sys@0.1.15:   230 | void us_internal_ssl_ctx_up_ref(struct ssl_ctx_st *ssl_ctx);
warning: bun_uws_sys@0.1.15:       |                                                   ^
warning: bun_uws_sys@0.1.15: /home/putao/code/rust/bao/src/uws_sys/csrc/bun-usockets/src/./internal/internal.h:230:51: note: insert '_Nullable' if the pointer may be null
warning: bun_uws_sys@0.1.15:   230 | void us_internal_ssl_ctx_up_ref(struct ssl_ctx_st *ssl_ctx);
warning: bun_uws_sys@0.1.15:       |                                                   ^
warning: bun_uws_sys@0.1.15:       |                                                     _Nullable
warning: bun_uws_sys@0.1.15: /home/putao/code/rust/bao/src/uws_sys/csrc/bun-usockets/src/./internal/internal.h:230:51: note: insert '_Nonnull' if the pointer should never be null
warning: bun_uws_sys@0.1.15:   230 | void us_internal_ssl_ctx_up_ref(struct ssl_ctx_st *ssl_ctx);
warning: bun_uws_sys@0.1.15:       |                                                   ^
warning: bun_uws_sys@0.1.15:       |                                                     _Nonnull
warning: bun_uws_sys@0.1.15: /home/putao/code/rust/bao/src/uws_sys/csrc/bun-usockets/src/./internal/internal.h:231:50: warning: pointer is missing a nullability type specifier (_Nonnull, _Nullable, or _Null_unspecified) [-Wnullability-completeness]
warning: bun_uws_sys@0.1.15:   231 | void us_internal_ssl_ctx_unref(struct ssl_ctx_st *ssl_ctx);
warning: bun_uws_sys@0.1.15:       |                                                  ^
warning: bun_uws_sys@0.1.15: /home/putao/code/rust/bao/src/uws_sys/csrc/bun-usockets/src/./internal/internal.h:231:50: note: insert '_Nullable' if the pointer may be null
warning: bun_uws_sys@0.1.15:   231 | void us_internal_ssl_ctx_unref(struct ssl_ctx_st *ssl_ctx);
warning: bun_uws_sys@0.1.15:       |                                                  ^
warning: bun_uws_sys@0.1.15:       |                                                    _Nullable
warning: bun_uws_sys@0.1.15: /home/putao/code/rust/bao/src/uws_sys/csrc/bun-usockets/src/./internal/internal.h:231:50: note: insert '_Nonnull' if the pointer should never be null
warning: bun_uws_sys@0.1.15:   231 | void us_internal_ssl_ctx_unref(struct ssl_ctx_st *ssl_ctx);
warning: bun_uws_sys@0.1.15:       |                                                  ^
warning: bun_uws_sys@0.1.15:       |                                                    _Nonnull
warning: bun_uws_sys@0.1.15: /home/putao/code/rust/bao/src/uws_sys/csrc/bun-usockets/src/./internal/internal.h:290:28: warning: pointer is missing a nullability type specifier (_Nonnull, _Nullable, or _Null_unspecified) [-Wnullability-completeness]
warning: bun_uws_sys@0.1.15:   290 |   struct us_socket_group_t *group;
warning: bun_uws_sys@0.1.15:       |                            ^
warning: bun_uws_sys@0.1.15: /home/putao/code/rust/bao/src/uws_sys/csrc/bun-usockets/src/./internal/internal.h:290:28: note: insert '_Nullable' if the pointer may be null
warning: bun_uws_sys@0.1.15:   290 |   struct us_socket_group_t *group;
warning: bun_uws_sys@0.1.15:       |                            ^
warning: bun_uws_sys@0.1.15:       |                              _Nullable
warning: bun_uws_sys@0.1.15: /home/putao/code/rust/bao/src/uws_sys/csrc/bun-usockets/src/./internal/internal.h:290:28: note: insert '_Nonnull' if the pointer should never be null
warning: bun_uws_sys@0.1.15:   290 |   struct us_socket_group_t *group;
warning: bun_uws_sys@0.1.15:       |                            ^
warning: bun_uws_sys@0.1.15:       |                              _Nonnull
warning: bun_uws_sys@0.1.15: /home/putao/code/rust/bao/src/uws_sys/csrc/bun-usockets/src/./internal/internal.h:293:17: warning: pointer is missing a nullability type specifier (_Nonnull, _Nullable, or _Null_unspecified) [-Wnullability-completeness]
warning: bun_uws_sys@0.1.15:   293 |   struct ssl_st *ssl;
warning: bun_uws_sys@0.1.15:       |                 ^
warning: bun_uws_sys@0.1.15: /home/putao/code/rust/bao/src/uws_sys/csrc/bun-usockets/src/./internal/internal.h:293:17: note: insert '_Nullable' if the pointer may be null
warning: bun_uws_sys@0.1.15:   293 |   struct ssl_st *ssl;
warning: bun_uws_sys@0.1.15:       |                 ^
warning: bun_uws_sys@0.1.15:       |                   _Nullable
warning: bun_uws_sys@0.1.15: /home/putao/code/rust/bao/src/uws_sys/csrc/bun-usockets/src/./internal/internal.h:293:17: note: insert '_Nonnull' if the pointer should never be null
warning: bun_uws_sys@0.1.15:   293 |   struct ssl_st *ssl;
warning: bun_uws_sys@0.1.15:       |                 ^
warning: bun_uws_sys@0.1.15:       |                   _Nonnull
warning: bun_uws_sys@0.1.15: /home/putao/code/rust/bao/src/uws_sys/csrc/bun-usockets/src/./internal/internal.h:294:22: warning: pointer is missing a nullability type specifier (_Nonnull, _Nullable, or _Null_unspecified) [-Wnullability-completeness]
warning: bun_uws_sys@0.1.15:   294 |   struct us_socket_t *prev, *next;
warning: bun_uws_sys@0.1.15:       |                      ^
warning: bun_uws_sys@0.1.15: /home/putao/code/rust/bao/src/uws_sys/csrc/bun-usockets/src/./internal/internal.h:294:22: note: insert '_Nullable' if the pointer may be null
warning: bun_uws_sys@0.1.15:   294 |   struct us_socket_t *prev, *next;
warning: bun_uws_sys@0.1.15:       |                      ^
warning: bun_uws_sys@0.1.15:       |                        _Nullable
warning: bun_uws_sys@0.1.15: /home/putao/code/rust/bao/src/uws_sys/csrc/bun-usockets/src/./internal/internal.h:294:22: note: insert '_Nonnull' if the pointer should never be null
warning: bun_uws_sys@0.1.15:   294 |   struct us_socket_t *prev, *next;
warning: bun_uws_sys@0.1.15:       |                      ^
warning: bun_uws_sys@0.1.15:       |                        _Nonnull
warning: bun_uws_sys@0.1.15: /home/putao/code/rust/bao/src/uws_sys/csrc/bun-usockets/src/./internal/internal.h:294:29: warning: pointer is missing a nullability type specifier (_Nonnull, _Nullable, or _Null_unspecified) [-Wnullability-completeness]
warning: bun_uws_sys@0.1.15:   294 |   struct us_socket_t *prev, *next;
warning: bun_uws_sys@0.1.15:       |                             ^
warning: bun_uws_sys@0.1.15: /home/putao/code/rust/bao/src/uws_sys/csrc/bun-usockets/src/./internal/internal.h:294:29: note: insert '_Nullable' if the pointer may be null
warning: bun_uws_sys@0.1.15:   294 |   struct us_socket_t *prev, *next;
warning: bun_uws_sys@0.1.15:       |                             ^
warning: bun_uws_sys@0.1.15:       |                               _Nullable
warning: bun_uws_sys@0.1.15: /home/putao/code/rust/bao/src/uws_sys/csrc/bun-usockets/src/./internal/internal.h:294:29: note: insert '_Nonnull' if the pointer should never be null
warning: bun_uws_sys@0.1.15:   294 |   struct us_socket_t *prev, *next;
warning: bun_uws_sys@0.1.15:       |                             ^
warning: bun_uws_sys@0.1.15:       |                               _Nonnull
warning: bun_uws_sys@0.1.15: /home/putao/code/rust/bao/src/uws_sys/csrc/bun-usockets/src/./internal/internal.h:295:22: warning: pointer is missing a nullability type specifier (_Nonnull, _Nullable, or _Null_unspecified) [-Wnullability-completeness]
warning: bun_uws_sys@0.1.15:   295 |   struct us_socket_t *connect_next;
warning: bun_uws_sys@0.1.15:       |                      ^
warning: bun_uws_sys@0.1.15: /home/putao/code/rust/bao/src/uws_sys/csrc/bun-usockets/src/./internal/internal.h:295:22: note: insert '_Nullable' if the pointer may be null
warning: bun_uws_sys@0.1.15:   295 |   struct us_socket_t *connect_next;
warning: bun_uws_sys@0.1.15:       |                      ^
warning: bun_uws_sys@0.1.15:       |                        _Nullable
warning: bun_uws_sys@0.1.15: /home/putao/code/rust/bao/src/uws_sys/csrc/bun-usockets/src/./internal/internal.h:295:22: note: insert '_Nonnull' if the pointer should never be null
warning: bun_uws_sys@0.1.15:   295 |   struct us_socket_t *connect_next;
warning: bun_uws_sys@0.1.15:       |                      ^
warning: bun_uws_sys@0.1.15:       |                        _Nonnull
warning: bun_uws_sys@0.1.15: /home/putao/code/rust/bao/src/uws_sys/csrc/bun-usockets/src/./internal/internal.h:296:33: warning: pointer is missing a nullability type specifier (_Nonnull, _Nullable, or _Null_unspecified) [-Wnullability-completeness]
warning: bun_uws_sys@0.1.15:   296 |   struct us_connecting_socket_t *connect_state;
warning: bun_uws_sys@0.1.15:       |                                 ^
warning: bun_uws_sys@0.1.15: /home/putao/code/rust/bao/src/uws_sys/csrc/bun-usockets/src/./internal/internal.h:296:33: note: insert '_Nullable' if the pointer may be null
warning: bun_uws_sys@0.1.15:   296 |   struct us_connecting_socket_t *connect_state;
warning: bun_uws_sys@0.1.15:       |                                 ^
warning: bun_uws_sys@0.1.15:       |                                   _Nullable
warning: bun_uws_sys@0.1.15: /home/putao/code/rust/bao/src/uws_sys/csrc/bun-usockets/src/./internal/internal.h:296:33: note: insert '_Nonnull' if the pointer should never be null
warning: bun_uws_sys@0.1.15:   296 |   struct us_connecting_socket_t *connect_state;
warning: bun_uws_sys@0.1.15:       |                                 ^
warning: bun_uws_sys@0.1.15:       |                                   _Nonnull
warning: bun_uws_sys@0.1.15: /home/putao/code/rust/bao/src/uws_sys/csrc/bun-usockets/src/./internal/internal.h:304:58: warning: pointer is missing a nullability type specifier (_Nonnull, _Nullable, or _Null_unspecified) [-Wnullability-completeness]
warning: bun_uws_sys@0.1.15:   304 |     alignas(LIBUS_EXT_ALIGNMENT) struct addrinfo_request *addrinfo_req;
warning: bun_uws_sys@0.1.15:       |                                                          ^
warning: bun_uws_sys@0.1.15: /home/putao/code/rust/bao/src/uws_sys/csrc/bun-usockets/src/./internal/internal.h:304:58: note: insert '_Nullable' if the pointer may be null
warning: bun_uws_sys@0.1.15:   304 |     alignas(LIBUS_EXT_ALIGNMENT) struct addrinfo_request *addrinfo_req;
warning: bun_uws_sys@0.1.15:       |                                                          ^
warning: bun_uws_sys@0.1.15:       |                                                            _Nullable
warning: bun_uws_sys@0.1.15: /home/putao/code/rust/bao/src/uws_sys/csrc/bun-usockets/src/./internal/internal.h:304:58: note: insert '_Nonnull' if the pointer should never be null
warning: bun_uws_sys@0.1.15:   304 |     alignas(LIBUS_EXT_ALIGNMENT) struct addrinfo_request *addrinfo_req;
warning: bun_uws_sys@0.1.15:       |                                                          ^
warning: bun_uws_sys@0.1.15:       |                                                            _Nonnull
warning: bun_uws_sys@0.1.15: /home/putao/code/rust/bao/src/uws_sys/csrc/bun-usockets/src/./internal/internal.h:305:30: warning: pointer is missing a nullability type specifier (_Nonnull, _Nullable, or _Null_unspecified) [-Wnullability-completeness]
warning: bun_uws_sys@0.1.15:   305 |     struct us_socket_group_t *group;
warning: bun_uws_sys@0.1.15:       |                              ^
warning: bun_uws_sys@0.1.15: /home/putao/code/rust/bao/src/uws_sys/csrc/bun-usockets/src/./internal/internal.h:305:30: note: insert '_Nullable' if the pointer may be null
warning: bun_uws_sys@0.1.15:   305 |     struct us_socket_group_t *group;
warning: bun_uws_sys@0.1.15:       |                              ^
warning: bun_uws_sys@0.1.15:       |                                _Nullable
warning: bun_uws_sys@0.1.15: /home/putao/code/rust/bao/src/uws_sys/csrc/bun-usockets/src/./internal/internal.h:305:30: note: insert '_Nonnull' if the pointer should never be null
warning: bun_uws_sys@0.1.15:   305 |     struct us_socket_group_t *group;
warning: bun_uws_sys@0.1.15:       |                              ^
warning: bun_uws_sys@0.1.15:       |                                _Nonnull
warning: bun_uws_sys@0.1.15: /home/putao/code/rust/bao/src/uws_sys/csrc/bun-usockets/src/./internal/internal.h:309:22: warning: pointer is missing a nullability type specifier (_Nonnull, _Nullable, or _Null_unspecified) [-Wnullability-completeness]
warning: bun_uws_sys@0.1.15:   309 |     struct us_loop_t *loop;
warning: bun_uws_sys@0.1.15:       |                      ^
warning: bun_uws_sys@0.1.15: /home/putao/code/rust/bao/src/uws_sys/csrc/bun-usockets/src/./internal/internal.h:309:22: note: insert '_Nullable' if the pointer may be null
warning: bun_uws_sys@0.1.15:   309 |     struct us_loop_t *loop;
warning: bun_uws_sys@0.1.15:       |                      ^
warning: bun_uws_sys@0.1.15:       |                        _Nullable
warning: bun_uws_sys@0.1.15: /home/putao/code/rust/bao/src/uws_sys/csrc/bun-usockets/src/./internal/internal.h:309:22: note: insert '_Nonnull' if the pointer should never be null
warning: bun_uws_sys@0.1.15:   309 |     struct us_loop_t *loop;
warning: bun_uws_sys@0.1.15:       |                      ^
warning: bun_uws_sys@0.1.15:       |                        _Nonnull
warning: bun_uws_sys@0.1.15: /home/putao/code/rust/bao/src/uws_sys/csrc/bun-usockets/src/./internal/internal.h:311:23: warning: pointer is missing a nullability type specifier (_Nonnull, _Nullable, or _Null_unspecified) [-Wnullability-completeness]
warning: bun_uws_sys@0.1.15:   311 |     struct ssl_ctx_st *ssl_ctx;
warning: bun_uws_sys@0.1.15:       |                       ^
warning: bun_uws_sys@0.1.15: /home/putao/code/rust/bao/src/uws_sys/csrc/bun-usockets/src/./internal/internal.h:311:23: note: insert '_Nullable' if the pointer may be null
warning: bun_uws_sys@0.1.15:   311 |     struct ssl_ctx_st *ssl_ctx;
warning: bun_uws_sys@0.1.15:       |                       ^
warning: bun_uws_sys@0.1.15:       |                         _Nullable
warning: bun_uws_sys@0.1.15: /home/putao/code/rust/bao/src/uws_sys/csrc/bun-usockets/src/./internal/internal.h:311:23: note: insert '_Nonnull' if the pointer should never be null
warning: bun_uws_sys@0.1.15:   311 |     struct ssl_ctx_st *ssl_ctx;
warning: bun_uws_sys@0.1.15:       |                       ^
warning: bun_uws_sys@0.1.15:       |                         _Nonnull
warning: bun_uws_sys@0.1.15: /home/putao/code/rust/bao/src/uws_sys/csrc/bun-usockets/src/./internal/internal.h:313:35: warning: pointer is missing a nullability type specifier (_Nonnull, _Nullable, or _Null_unspecified) [-Wnullability-completeness]
warning: bun_uws_sys@0.1.15:   313 |     struct us_connecting_socket_t *next;
warning: bun_uws_sys@0.1.15:       |                                   ^
warning: bun_uws_sys@0.1.15: /home/putao/code/rust/bao/src/uws_sys/csrc/bun-usockets/src/./internal/internal.h:313:35: note: insert '_Nullable' if the pointer may be null
warning: bun_uws_sys@0.1.15:   313 |     struct us_connecting_socket_t *next;
warning: bun_uws_sys@0.1.15:       |                                   ^
warning: bun_uws_sys@0.1.15:       |                                     _Nullable
warning: bun_uws_sys@0.1.15: /home/putao/code/rust/bao/src/uws_sys/csrc/bun-usockets/src/./internal/internal.h:313:35: note: insert '_Nonnull' if the pointer should never be null
warning: bun_uws_sys@0.1.15:   313 |     struct us_connecting_socket_t *next;
warning: bun_uws_sys@0.1.15:       |                                   ^
warning: bun_uws_sys@0.1.15:       |                                     _Nonnull
warning: bun_uws_sys@0.1.15: /home/putao/code/rust/bao/src/uws_sys/csrc/bun-usockets/src/./internal/internal.h:314:24: warning: pointer is missing a nullability type specifier (_Nonnull, _Nullable, or _Null_unspecified) [-Wnullability-completeness]
warning: bun_uws_sys@0.1.15:   314 |     struct us_socket_t *connecting_head;
warning: bun_uws_sys@0.1.15:       |                        ^
warning: bun_uws_sys@0.1.15: /home/putao/code/rust/bao/src/uws_sys/csrc/bun-usockets/src/./internal/internal.h:314:24: note: insert '_Nullable' if the pointer may be null
warning: bun_uws_sys@0.1.15:   314 |     struct us_socket_t *connecting_head;
warning: bun_uws_sys@0.1.15:       |                        ^
warning: bun_uws_sys@0.1.15:       |                          _Nullable
warning: bun_uws_sys@0.1.15: /home/putao/code/rust/bao/src/uws_sys/csrc/bun-usockets/src/./internal/internal.h:314:24: note: insert '_Nonnull' if the pointer should never be null
warning: bun_uws_sys@0.1.15:   314 |     struct us_socket_t *connecting_head;
warning: bun_uws_sys@0.1.15:       |                        ^
warning: bun_uws_sys@0.1.15:       |                          _Nonnull
warning: bun_uws_sys@0.1.15: /home/putao/code/rust/bao/src/uws_sys/csrc/bun-usockets/src/./internal/internal.h:323:21: warning: pointer is missing a nullability type specifier (_Nonnull, _Nullable, or _Null_unspecified) [-Wnullability-completeness]
warning: bun_uws_sys@0.1.15:   323 |     struct addrinfo *addrinfo_head;
warning: bun_uws_sys@0.1.15:       |                     ^
warning: bun_uws_sys@0.1.15: /home/putao/code/rust/bao/src/uws_sys/csrc/bun-usockets/src/./internal/internal.h:323:21: note: insert '_Nullable' if the pointer may be null
warning: bun_uws_sys@0.1.15:   323 |     struct addrinfo *addrinfo_head;
warning: bun_uws_sys@0.1.15:       |                     ^
warning: bun_uws_sys@0.1.15:       |                       _Nullable
warning: bun_uws_sys@0.1.15: /home/putao/code/rust/bao/src/uws_sys/csrc/bun-usockets/src/./internal/internal.h:323:21: note: insert '_Nonnull' if the pointer should never be null
warning: bun_uws_sys@0.1.15:   323 |     struct addrinfo *addrinfo_head;
warning: bun_uws_sys@0.1.15:       |                     ^
warning: bun_uws_sys@0.1.15:       |                       _Nonnull
warning: bun_uws_sys@0.1.15: /home/putao/code/rust/bao/src/uws_sys/csrc/bun-usockets/src/./internal/internal.h:325:34: warning: pointer is missing a nullability type specifier (_Nonnull, _Nullable, or _Null_unspecified) [-Wnullability-completeness]
warning: bun_uws_sys@0.1.15:   325 |     struct us_connecting_socket_t* next_pending;
warning: bun_uws_sys@0.1.15:       |                                  ^
warning: bun_uws_sys@0.1.15: /home/putao/code/rust/bao/src/uws_sys/csrc/bun-usockets/src/./internal/internal.h:325:34: note: insert '_Nullable' if the pointer may be null
warning: bun_uws_sys@0.1.15:   325 |     struct us_connecting_socket_t* next_pending;
warning: bun_uws_sys@0.1.15:       |                                  ^
warning: bun_uws_sys@0.1.15:       |                                    _Nullable
warning: bun_uws_sys@0.1.15: /home/putao/code/rust/bao/src/uws_sys/csrc/bun-usockets/src/./internal/internal.h:325:34: note: insert '_Nonnull' if the pointer should never be null
warning: bun_uws_sys@0.1.15:   325 |     struct us_connecting_socket_t* next_pending;
warning: bun_uws_sys@0.1.15:       |                                  ^
warning: bun_uws_sys@0.1.15:       |                                    _Nonnull
warning: bun_uws_sys@0.1.15: /home/putao/code/rust/bao/src/uws_sys/csrc/bun-usockets/src/./internal/internal.h:326:34: warning: pointer is missing a nullability type specifier (_Nonnull, _Nullable, or _Null_unspecified) [-Wnullability-completeness]
warning: bun_uws_sys@0.1.15:   326 |     struct us_connecting_socket_t* prev_pending;
warning: bun_uws_sys@0.1.15:       |                                  ^
warning: bun_uws_sys@0.1.15: /home/putao/code/rust/bao/src/uws_sys/csrc/bun-usockets/src/./internal/internal.h:326:34: note: insert '_Nullable' if the pointer may be null
warning: bun_uws_sys@0.1.15:   326 |     struct us_connecting_socket_t* prev_pending;
warning: bun_uws_sys@0.1.15:       |                                  ^
warning: bun_uws_sys@0.1.15:       |                                    _Nullable
warning: bun_uws_sys@0.1.15: /home/putao/code/rust/bao/src/uws_sys/csrc/bun-usockets/src/./internal/internal.h:326:34: note: insert '_Nonnull' if the pointer should never be null
warning: bun_uws_sys@0.1.15:   326 |     struct us_connecting_socket_t* prev_pending;
warning: bun_uws_sys@0.1.15:       |                                  ^
warning: bun_uws_sys@0.1.15:       |                                    _Nonnull
warning: bun_uws_sys@0.1.15: /home/putao/code/rust/bao/src/uws_sys/csrc/bun-usockets/src/./internal/internal.h:331:44: warning: pointer is missing a nullability type specifier (_Nonnull, _Nullable, or _Null_unspecified) [-Wnullability-completeness]
warning: bun_uws_sys@0.1.15:   331 |     void (*on_data)(struct us_udp_socket_t *, void *, int);
warning: bun_uws_sys@0.1.15:       |                                            ^
warning: bun_uws_sys@0.1.15: /home/putao/code/rust/bao/src/uws_sys/csrc/bun-usockets/src/./internal/internal.h:331:44: note: insert '_Nullable' if the pointer may be null
warning: bun_uws_sys@0.1.15:   331 |     void (*on_data)(struct us_udp_socket_t *, void *, int);
warning: bun_uws_sys@0.1.15:       |                                            ^
warning: bun_uws_sys@0.1.15:       |                                             _Nullable
warning: bun_uws_sys@0.1.15: /home/putao/code/rust/bao/src/uws_sys/csrc/bun-usockets/src/./internal/internal.h:331:44: note: insert '_Nonnull' if the pointer should never be null
warning: bun_uws_sys@0.1.15:   331 |     void (*on_data)(struct us_udp_socket_t *, void *, int);
warning: bun_uws_sys@0.1.15:       |                                            ^
warning: bun_uws_sys@0.1.15:       |                                             _Nonnull
warning: bun_uws_sys@0.1.15: /home/putao/code/rust/bao/src/uws_sys/csrc/bun-usockets/src/./internal/internal.h:331:52: warning: pointer is missing a nullability type specifier (_Nonnull, _Nullable, or _Null_unspecified) [-Wnullability-completeness]
warning: bun_uws_sys@0.1.15:   331 |     void (*on_data)(struct us_udp_socket_t *, void *, int);
warning: bun_uws_sys@0.1.15:       |                                                    ^
warning: bun_uws_sys@0.1.15: /home/putao/code/rust/bao/src/uws_sys/csrc/bun-usockets/src/./internal/internal.h:331:52: note: insert '_Nullable' if the pointer may be null
warning: bun_uws_sys@0.1.15:   331 |     void (*on_data)(struct us_udp_socket_t *, void *, int);
warning: bun_uws_sys@0.1.15:       |                                                    ^
warning: bun_uws_sys@0.1.15:       |                                                     _Nullable
warning: bun_uws_sys@0.1.15: /home/putao/code/rust/bao/src/uws_sys/csrc/bun-usockets/src/./internal/internal.h:331:52: note: insert '_Nonnull' if the pointer should never be null
warning: bun_uws_sys@0.1.15:   331 |     void (*on_data)(struct us_udp_socket_t *, void *, int);
warning: bun_uws_sys@0.1.15:       |                                                    ^
warning: bun_uws_sys@0.1.15:       |                                                     _Nonnull
warning: bun_uws_sys@0.1.15: /home/putao/code/rust/bao/src/uws_sys/csrc/bun-usockets/src/./internal/internal.h:331:11: warning: pointer is missing a nullability type specifier (_Nonnull, _Nullable, or _Null_unspecified) [-Wnullability-completeness]
warning: bun_uws_sys@0.1.15:   331 |     void (*on_data)(struct us_udp_socket_t *, void *, int);
warning: bun_uws_sys@0.1.15:       |           ^
warning: bun_uws_sys@0.1.15: /home/putao/code/rust/bao/src/uws_sys/csrc/bun-usockets/src/./internal/internal.h:331:11: note: insert '_Nullable' if the pointer may be null
warning: bun_uws_sys@0.1.15:   331 |     void (*on_data)(struct us_udp_socket_t *, void *, int);
warning: bun_uws_sys@0.1.15:       |           ^
warning: bun_uws_sys@0.1.15:       |             _Nullable
warning: bun_uws_sys@0.1.15: /home/putao/code/rust/bao/src/uws_sys/csrc/bun-usockets/src/./internal/internal.h:331:11: note: insert '_Nonnull' if the pointer should never be null
warning: bun_uws_sys@0.1.15:   331 |     void (*on_data)(struct us_udp_socket_t *, void *, int);
warning: bun_uws_sys@0.1.15:       |           ^
warning: bun_uws_sys@0.1.15:       |             _Nonnull
warning: bun_uws_sys@0.1.15: /home/putao/code/rust/bao/src/uws_sys/csrc/bun-usockets/src/./internal/internal.h:332:45: warning: pointer is missing a nullability type specifier (_Nonnull, _Nullable, or _Null_unspecified) [-Wnullability-completeness]
warning: bun_uws_sys@0.1.15:   332 |     void (*on_drain)(struct us_udp_socket_t *);
warning: bun_uws_sys@0.1.15:       |                                             ^
warning: bun_uws_sys@0.1.15: /home/putao/code/rust/bao/src/uws_sys/csrc/bun-usockets/src/./internal/internal.h:332:45: note: insert '_Nullable' if the pointer may be null
warning: bun_uws_sys@0.1.15:   332 |     void (*on_drain)(struct us_udp_socket_t *);
warning: bun_uws_sys@0.1.15:       |                                             ^
warning: bun_uws_sys@0.1.15:       |                                              _Nullable
warning: bun_uws_sys@0.1.15: /home/putao/code/rust/bao/src/uws_sys/csrc/bun-usockets/src/./internal/internal.h:332:45: note: insert '_Nonnull' if the pointer should never be null
warning: bun_uws_sys@0.1.15:   332 |     void (*on_drain)(struct us_udp_socket_t *);
warning: bun_uws_sys@0.1.15:       |                                             ^
warning: bun_uws_sys@0.1.15:       |                                              _Nonnull
warning: bun_uws_sys@0.1.15: /home/putao/code/rust/bao/src/uws_sys/csrc/bun-usockets/src/./internal/internal.h:332:11: warning: pointer is missing a nullability type specifier (_Nonnull, _Nullable, or _Null_unspecified) [-Wnullability-completeness]
warning: bun_uws_sys@0.1.15:   332 |     void (*on_drain)(struct us_udp_socket_t *);
warning: bun_uws_sys@0.1.15:       |           ^
warning: bun_uws_sys@0.1.15: /home/putao/code/rust/bao/src/uws_sys/csrc/bun-usockets/src/./internal/internal.h:332:11: note: insert '_Nullable' if the pointer may be null
warning: bun_uws_sys@0.1.15:   332 |     void (*on_drain)(struct us_udp_socket_t *);
warning: bun_uws_sys@0.1.15:       |           ^
warning: bun_uws_sys@0.1.15:       |             _Nullable
warning: bun_uws_sys@0.1.15: /home/putao/code/rust/bao/src/uws_sys/csrc/bun-usockets/src/./internal/internal.h:332:11: note: insert '_Nonnull' if the pointer should never be null
warning: bun_uws_sys@0.1.15:   332 |     void (*on_drain)(struct us_udp_socket_t *);
warning: bun_uws_sys@0.1.15:       |           ^
warning: bun_uws_sys@0.1.15:       |             _Nonnull
warning: bun_uws_sys@0.1.15: /home/putao/code/rust/bao/src/uws_sys/csrc/bun-usockets/src/./internal/internal.h:333:45: warning: pointer is missing a nullability type specifier (_Nonnull, _Nullable, or _Null_unspecified) [-Wnullability-completeness]
warning: bun_uws_sys@0.1.15:   333 |     void (*on_close)(struct us_udp_socket_t *);
warning: bun_uws_sys@0.1.15:       |                                             ^
warning: bun_uws_sys@0.1.15: /home/putao/code/rust/bao/src/uws_sys/csrc/bun-usockets/src/./internal/internal.h:333:45: note: insert '_Nullable' if the pointer may be null
warning: bun_uws_sys@0.1.15:   333 |     void (*on_close)(struct us_udp_socket_t *);
warning: bun_uws_sys@0.1.15:       |                                             ^
warning: bun_uws_sys@0.1.15:       |                                              _Nullable
warning: bun_uws_sys@0.1.15: /home/putao/code/rust/bao/src/uws_sys/csrc/bun-usockets/src/./internal/internal.h:333:45: note: insert '_Nonnull' if the pointer should never be null
warning: bun_uws_sys@0.1.15:   333 |     void (*on_close)(struct us_udp_socket_t *);
warning: bun_uws_sys@0.1.15:       |                                             ^
warning: bun_uws_sys@0.1.15:       |                                              _Nonnull
warning: bun_uws_sys@0.1.15: /home/putao/code/rust/bao/src/uws_sys/csrc/bun-usockets/src/./internal/internal.h:333:11: warning: pointer is missing a nullability type specifier (_Nonnull, _Nullable, or _Null_unspecified) [-Wnullability-completeness]
warning: bun_uws_sys@0.1.15:   333 |     void (*on_close)(struct us_udp_socket_t *);
warning: bun_uws_sys@0.1.15:       |           ^
warning: bun_uws_sys@0.1.15: /home/putao/code/rust/bao/src/uws_sys/csrc/bun-usockets/src/./internal/internal.h:333:11: note: insert '_Nullable' if the pointer may be null
warning: bun_uws_sys@0.1.15:   333 |     void (*on_close)(struct us_udp_socket_t *);
warning: bun_uws_sys@0.1.15:       |           ^
warning: bun_uws_sys@0.1.15:       |             _Nullable
warning: bun_uws_sys@0.1.15: /home/putao/code/rust/bao/src/uws_sys/csrc/bun-usockets/src/./internal/internal.h:333:11: note: insert '_Nonnull' if the pointer should never be null
warning: bun_uws_sys@0.1.15:   333 |     void (*on_close)(struct us_udp_socket_t *);
warning: bun_uws_sys@0.1.15:       |           ^
warning: bun_uws_sys@0.1.15:       |             _Nonnull
warning: bun_uws_sys@0.1.15: /home/putao/code/rust/bao/src/uws_sys/csrc/bun-usockets/src/./internal/internal.h:337:50: warning: pointer is missing a nullability type specifier (_Nonnull, _Nullable, or _Null_unspecified) [-Wnullability-completeness]
warning: bun_uws_sys@0.1.15:   337 |     void (*on_recv_error)(struct us_udp_socket_t *, int err);
warning: bun_uws_sys@0.1.15:       |                                                  ^
warning: bun_uws_sys@0.1.15: /home/putao/code/rust/bao/src/uws_sys/csrc/bun-usockets/src/./internal/internal.h:337:50: note: insert '_Nullable' if the pointer may be null
warning: bun_uws_sys@0.1.15:   337 |     void (*on_recv_error)(struct us_udp_socket_t *, int err);
warning: bun_uws_sys@0.1.15:       |                                                  ^
warning: bun_uws_sys@0.1.15:       |                                                   _Nullable
warning: bun_uws_sys@0.1.15: /home/putao/code/rust/bao/src/uws_sys/csrc/bun-usockets/src/./internal/internal.h:337:50: note: insert '_Nonnull' if the pointer should never be null
warning: bun_uws_sys@0.1.15:   337 |     void (*on_recv_error)(struct us_udp_socket_t *, int err);
warning: bun_uws_sys@0.1.15:       |                                                  ^
warning: bun_uws_sys@0.1.15:       |                                                   _Nonnull
warning: bun_uws_sys@0.1.15: /home/putao/code/rust/bao/src/uws_sys/csrc/bun-usockets/src/./internal/internal.h:337:11: warning: pointer is missing a nullability type specifier (_Nonnull, _Nullable, or _Null_unspecified) [-Wnullability-completeness]
warning: bun_uws_sys@0.1.15:   337 |     void (*on_recv_error)(struct us_udp_socket_t *, int err);
warning: bun_uws_sys@0.1.15:       |           ^
warning: bun_uws_sys@0.1.15: /home/putao/code/rust/bao/src/uws_sys/csrc/bun-usockets/src/./internal/internal.h:337:11: note: insert '_Nullable' if the pointer may be null
warning: bun_uws_sys@0.1.15:   337 |     void (*on_recv_error)(struct us_udp_socket_t *, int err);
warning: bun_uws_sys@0.1.15:       |           ^
warning: bun_uws_sys@0.1.15:       |             _Nullable
warning: bun_uws_sys@0.1.15: /home/putao/code/rust/bao/src/uws_sys/csrc/bun-usockets/src/./internal/internal.h:337:11: note: insert '_Nonnull' if the pointer should never be null
warning: bun_uws_sys@0.1.15:   337 |     void (*on_recv_error)(struct us_udp_socket_t *, int err);
warning: bun_uws_sys@0.1.15:       |           ^
warning: bun_uws_sys@0.1.15:       |             _Nonnull
warning: bun_uws_sys@0.1.15: /home/putao/code/rust/bao/src/uws_sys/csrc/bun-usockets/src/./internal/internal.h:338:10: warning: pointer is missing a nullability type specifier (_Nonnull, _Nullable, or _Null_unspecified) [-Wnullability-completeness]
warning: bun_uws_sys@0.1.15:   338 |     void *user;
warning: bun_uws_sys@0.1.15:       |          ^
warning: bun_uws_sys@0.1.15: /home/putao/code/rust/bao/src/uws_sys/csrc/bun-usockets/src/./internal/internal.h:338:10: note: insert '_Nullable' if the pointer may be null
warning: bun_uws_sys@0.1.15:   338 |     void *user;
warning: bun_uws_sys@0.1.15:       |          ^
warning: bun_uws_sys@0.1.15:       |            _Nullable
warning: bun_uws_sys@0.1.15: /home/putao/code/rust/bao/src/uws_sys/csrc/bun-usockets/src/./internal/internal.h:338:10: note: insert '_Nonnull' if the pointer should never be null
warning: bun_uws_sys@0.1.15:   338 |     void *user;
warning: bun_uws_sys@0.1.15:       |          ^
warning: bun_uws_sys@0.1.15:       |            _Nonnull
warning: bun_uws_sys@0.1.15: /home/putao/code/rust/bao/src/uws_sys/csrc/bun-usockets/src/./internal/internal.h:339:22: warning: pointer is missing a nullability type specifier (_Nonnull, _Nullable, or _Null_unspecified) [-Wnullability-completeness]
warning: bun_uws_sys@0.1.15:   339 |     struct us_loop_t *loop;
warning: bun_uws_sys@0.1.15:       |                      ^
warning: bun_uws_sys@0.1.15: /home/putao/code/rust/bao/src/uws_sys/csrc/bun-usockets/src/./internal/internal.h:339:22: note: insert '_Nullable' if the pointer may be null
warning: bun_uws_sys@0.1.15:   339 |     struct us_loop_t *loop;
warning: bun_uws_sys@0.1.15:       |                      ^
warning: bun_uws_sys@0.1.15:       |                        _Nullable
warning: bun_uws_sys@0.1.15: /home/putao/code/rust/bao/src/uws_sys/csrc/bun-usockets/src/./internal/internal.h:339:22: note: insert '_Nonnull' if the pointer should never be null
warning: bun_uws_sys@0.1.15:   339 |     struct us_loop_t *loop;
warning: bun_uws_sys@0.1.15:       |                      ^
warning: bun_uws_sys@0.1.15:       |                        _Nonnull
warning: bun_uws_sys@0.1.15: /home/putao/code/rust/bao/src/uws_sys/csrc/bun-usockets/src/./internal/internal.h:346:28: warning: pointer is missing a nullability type specifier (_Nonnull, _Nullable, or _Null_unspecified) [-Wnullability-completeness]
warning: bun_uws_sys@0.1.15:   346 |     struct us_udp_socket_t *next;
warning: bun_uws_sys@0.1.15:       |                            ^
warning: bun_uws_sys@0.1.15: /home/putao/code/rust/bao/src/uws_sys/csrc/bun-usockets/src/./internal/internal.h:346:28: note: insert '_Nullable' if the pointer may be null
warning: bun_uws_sys@0.1.15:   346 |     struct us_udp_socket_t *next;
warning: bun_uws_sys@0.1.15:       |                            ^
warning: bun_uws_sys@0.1.15:       |                              _Nullable
warning: bun_uws_sys@0.1.15: /home/putao/code/rust/bao/src/uws_sys/csrc/bun-usockets/src/./internal/internal.h:346:28: note: insert '_Nonnull' if the pointer should never be null
warning: bun_uws_sys@0.1.15:   346 |     struct us_udp_socket_t *next;
warning: bun_uws_sys@0.1.15:       |                            ^
warning: bun_uws_sys@0.1.15:       |                              _Nonnull
warning: bun_uws_sys@0.1.15: /home/putao/code/rust/bao/src/uws_sys/csrc/bun-usockets/src/./internal/internal.h:365:20: warning: pointer is missing a nullability type specifier (_Nonnull, _Nullable, or _Null_unspecified) [-Wnullability-completeness]
warning: bun_uws_sys@0.1.15:   365 |   struct us_loop_t *loop;
warning: bun_uws_sys@0.1.15:       |                    ^
warning: bun_uws_sys@0.1.15: /home/putao/code/rust/bao/src/uws_sys/csrc/bun-usockets/src/./internal/internal.h:365:20: note: insert '_Nullable' if the pointer may be null
warning: bun_uws_sys@0.1.15:   365 |   struct us_loop_t *loop;
warning: bun_uws_sys@0.1.15:       |                    ^
warning: bun_uws_sys@0.1.15:       |                      _Nullable
warning: bun_uws_sys@0.1.15: /home/putao/code/rust/bao/src/uws_sys/csrc/bun-usockets/src/./internal/internal.h:365:20: note: insert '_Nonnull' if the pointer should never be null
warning: bun_uws_sys@0.1.15:   365 |   struct us_loop_t *loop;
warning: bun_uws_sys@0.1.15:       |                    ^
warning: bun_uws_sys@0.1.15:       |                      _Nonnull
warning: bun_uws_sys@0.1.15: /home/putao/code/rust/bao/src/uws_sys/csrc/bun-usockets/src/./internal/internal.h:368:44: warning: pointer is missing a nullability type specifier (_Nonnull, _Nullable, or _Null_unspecified) [-Wnullability-completeness]
warning: bun_uws_sys@0.1.15:   368 |   void (*cb)(struct us_internal_callback_t *cb);
warning: bun_uws_sys@0.1.15:       |                                            ^
warning: bun_uws_sys@0.1.15: /home/putao/code/rust/bao/src/uws_sys/csrc/bun-usockets/src/./internal/internal.h:368:44: note: insert '_Nullable' if the pointer may be null
warning: bun_uws_sys@0.1.15:   368 |   void (*cb)(struct us_internal_callback_t *cb);
warning: bun_uws_sys@0.1.15:       |                                            ^
warning: bun_uws_sys@0.1.15:       |                                              _Nullable
warning: bun_uws_sys@0.1.15: /home/putao/code/rust/bao/src/uws_sys/csrc/bun-usockets/src/./internal/internal.h:368:44: note: insert '_Nonnull' if the pointer should never be null
warning: bun_uws_sys@0.1.15:   368 |   void (*cb)(struct us_internal_callback_t *cb);
warning: bun_uws_sys@0.1.15:       |                                            ^
warning: bun_uws_sys@0.1.15:       |                                              _Nonnull
warning: bun_uws_sys@0.1.15: /home/putao/code/rust/bao/src/uws_sys/csrc/bun-usockets/src/./internal/internal.h:368:9: warning: pointer is missing a nullability type specifier (_Nonnull, _Nullable, or _Null_unspecified) [-Wnullability-completeness]
warning: bun_uws_sys@0.1.15:   368 |   void (*cb)(struct us_internal_callback_t *cb);
warning: bun_uws_sys@0.1.15:       |         ^
warning: bun_uws_sys@0.1.15: /home/putao/code/rust/bao/src/uws_sys/csrc/bun-usockets/src/./internal/internal.h:368:9: note: insert '_Nullable' if the pointer may be null
warning: bun_uws_sys@0.1.15:   368 |   void (*cb)(struct us_internal_callback_t *cb);
warning: bun_uws_sys@0.1.15:       |         ^
warning: bun_uws_sys@0.1.15:       |           _Nullable
warning: bun_uws_sys@0.1.15: /home/putao/code/rust/bao/src/uws_sys/csrc/bun-usockets/src/./internal/internal.h:368:9: note: insert '_Nonnull' if the pointer should never be null
warning: bun_uws_sys@0.1.15:   368 |   void (*cb)(struct us_internal_callback_t *cb);
warning: bun_uws_sys@0.1.15:       |         ^
warning: bun_uws_sys@0.1.15:       |           _Nonnull
warning: bun_uws_sys@0.1.15: /home/putao/code/rust/bao/src/uws_sys/csrc/bun-usockets/src/./internal/internal.h:377:56: warning: pointer is missing a nullability type specifier (_Nonnull, _Nullable, or _Null_unspecified) [-Wnullability-completeness]
warning: bun_uws_sys@0.1.15:   377 | int us_internal_raw_root_certs(struct us_cert_string_t **out);
warning: bun_uws_sys@0.1.15:       |                                                        ^
warning: bun_uws_sys@0.1.15: /home/putao/code/rust/bao/src/uws_sys/csrc/bun-usockets/src/./internal/internal.h:377:56: note: insert '_Nullable' if the pointer may be null
warning: bun_uws_sys@0.1.15:   377 | int us_internal_raw_root_certs(struct us_cert_string_t **out);
warning: bun_uws_sys@0.1.15:       |                                                        ^
warning: bun_uws_sys@0.1.15:       |                                                         _Nullable
warning: bun_uws_sys@0.1.15: /home/putao/code/rust/bao/src/uws_sys/csrc/bun-usockets/src/./internal/internal.h:377:56: note: insert '_Nonnull' if the pointer should never be null
warning: bun_uws_sys@0.1.15:   377 | int us_internal_raw_root_certs(struct us_cert_string_t **out);
warning: bun_uws_sys@0.1.15:       |                                                        ^
warning: bun_uws_sys@0.1.15:       |                                                         _Nonnull
warning: bun_uws_sys@0.1.15: /home/putao/code/rust/bao/src/uws_sys/csrc/bun-usockets/src/./internal/internal.h:377:57: warning: pointer is missing a nullability type specifier (_Nonnull, _Nullable, or _Null_unspecified) [-Wnullability-completeness]
warning: bun_uws_sys@0.1.15:   377 | int us_internal_raw_root_certs(struct us_cert_string_t **out);
warning: bun_uws_sys@0.1.15:       |                                                         ^
warning: bun_uws_sys@0.1.15: /home/putao/code/rust/bao/src/uws_sys/csrc/bun-usockets/src/./internal/internal.h:377:57: note: insert '_Nullable' if the pointer may be null
warning: bun_uws_sys@0.1.15:   377 | int us_internal_raw_root_certs(struct us_cert_string_t **out);
warning: bun_uws_sys@0.1.15:       |                                                         ^
warning: bun_uws_sys@0.1.15:       |                                                           _Nullable
warning: bun_uws_sys@0.1.15: /home/putao/code/rust/bao/src/uws_sys/csrc/bun-usockets/src/./internal/internal.h:377:57: note: insert '_Nonnull' if the pointer should never be null
warning: bun_uws_sys@0.1.15:   377 | int us_internal_raw_root_certs(struct us_cert_string_t **out);
warning: bun_uws_sys@0.1.15:       |                                                         ^
warning: bun_uws_sys@0.1.15:       |                                                           _Nonnull
warning: bun_uws_sys@0.1.15: /home/putao/code/rust/bao/src/uws_sys/csrc/bun-usockets/src/./internal/internal.h:392:28: warning: pointer is missing a nullability type specifier (_Nonnull, _Nullable, or _Null_unspecified) [-Wnullability-completeness]
warning: bun_uws_sys@0.1.15:   392 |   struct us_socket_group_t *accept_group;
warning: bun_uws_sys@0.1.15:       |                            ^
warning: bun_uws_sys@0.1.15: /home/putao/code/rust/bao/src/uws_sys/csrc/bun-usockets/src/./internal/internal.h:392:28: note: insert '_Nullable' if the pointer may be null
warning: bun_uws_sys@0.1.15:   392 |   struct us_socket_group_t *accept_group;
warning: bun_uws_sys@0.1.15:       |                            ^
warning: bun_uws_sys@0.1.15:       |                              _Nullable
warning: bun_uws_sys@0.1.15: /home/putao/code/rust/bao/src/uws_sys/csrc/bun-usockets/src/./internal/internal.h:392:28: note: insert '_Nonnull' if the pointer should never be null
warning: bun_uws_sys@0.1.15:   392 |   struct us_socket_group_t *accept_group;
warning: bun_uws_sys@0.1.15:       |                            ^
warning: bun_uws_sys@0.1.15:       |                              _Nonnull
warning: bun_uws_sys@0.1.15: /home/putao/code/rust/bao/src/uws_sys/csrc/bun-usockets/src/./internal/internal.h:396:29: warning: pointer is missing a nullability type specifier (_Nonnull, _Nullable, or _Null_unspecified) [-Wnullability-completeness]
warning: bun_uws_sys@0.1.15:   396 |   struct us_listen_socket_t *next;
warning: bun_uws_sys@0.1.15:       |                             ^
warning: bun_uws_sys@0.1.15: /home/putao/code/rust/bao/src/uws_sys/csrc/bun-usockets/src/./internal/internal.h:396:29: note: insert '_Nullable' if the pointer may be null
warning: bun_uws_sys@0.1.15:   396 |   struct us_listen_socket_t *next;
warning: bun_uws_sys@0.1.15:       |                             ^
warning: bun_uws_sys@0.1.15:       |                               _Nullable
warning: bun_uws_sys@0.1.15: /home/putao/code/rust/bao/src/uws_sys/csrc/bun-usockets/src/./internal/internal.h:396:29: note: insert '_Nonnull' if the pointer should never be null
warning: bun_uws_sys@0.1.15:   396 |   struct us_listen_socket_t *next;
warning: bun_uws_sys@0.1.15:       |                             ^
warning: bun_uws_sys@0.1.15:       |                               _Nonnull
warning: bun_uws_sys@0.1.15: /home/putao/code/rust/bao/src/uws_sys/csrc/bun-usockets/src/./internal/internal.h:399:21: warning: pointer is missing a nullability type specifier (_Nonnull, _Nullable, or _Null_unspecified) [-Wnullability-completeness]
warning: bun_uws_sys@0.1.15:   399 |   struct ssl_ctx_st *ssl_ctx;
warning: bun_uws_sys@0.1.15:       |                     ^
warning: bun_uws_sys@0.1.15: /home/putao/code/rust/bao/src/uws_sys/csrc/bun-usockets/src/./internal/internal.h:399:21: note: insert '_Nullable' if the pointer may be null
warning: bun_uws_sys@0.1.15:   399 |   struct ssl_ctx_st *ssl_ctx;
warning: bun_uws_sys@0.1.15:       |                     ^
warning: bun_uws_sys@0.1.15:       |                       _Nullable
warning: bun_uws_sys@0.1.15: /home/putao/code/rust/bao/src/uws_sys/csrc/bun-usockets/src/./internal/internal.h:399:21: note: insert '_Nonnull' if the pointer should never be null
warning: bun_uws_sys@0.1.15:   399 |   struct ssl_ctx_st *ssl_ctx;
warning: bun_uws_sys@0.1.15:       |                     ^
warning: bun_uws_sys@0.1.15:       |                       _Nonnull
warning: bun_uws_sys@0.1.15: /home/putao/code/rust/bao/src/uws_sys/csrc/bun-usockets/src/./internal/internal.h:401:8: warning: pointer is missing a nullability type specifier (_Nonnull, _Nullable, or _Null_unspecified) [-Wnullability-completeness]
warning: bun_uws_sys@0.1.15:   401 |   void *sni;
warning: bun_uws_sys@0.1.15:       |        ^
warning: bun_uws_sys@0.1.15: /home/putao/code/rust/bao/src/uws_sys/csrc/bun-usockets/src/./internal/internal.h:401:8: note: insert '_Nullable' if the pointer may be null
warning: bun_uws_sys@0.1.15:   401 |   void *sni;
warning: bun_uws_sys@0.1.15:       |        ^
warning: bun_uws_sys@0.1.15:       |          _Nullable
warning: bun_uws_sys@0.1.15: /home/putao/code/rust/bao/src/uws_sys/csrc/bun-usockets/src/./internal/internal.h:401:8: note: insert '_Nonnull' if the pointer should never be null
warning: bun_uws_sys@0.1.15:   401 |   void *sni;
warning: bun_uws_sys@0.1.15:       |        ^
warning: bun_uws_sys@0.1.15:       |          _Nonnull
warning: bun_uws_sys@0.1.15: /home/putao/code/rust/bao/src/uws_sys/csrc/bun-usockets/src/./internal/internal.h:402:52: warning: pointer is missing a nullability type specifier (_Nonnull, _Nullable, or _Null_unspecified) [-Wnullability-completeness]
warning: bun_uws_sys@0.1.15:   402 |   void (*on_server_name)(struct us_listen_socket_t *, const char *hostname);
warning: bun_uws_sys@0.1.15:       |                                                    ^
warning: bun_uws_sys@0.1.15: /home/putao/code/rust/bao/src/uws_sys/csrc/bun-usockets/src/./internal/internal.h:402:52: note: insert '_Nullable' if the pointer may be null
warning: bun_uws_sys@0.1.15:   402 |   void (*on_server_name)(struct us_listen_socket_t *, const char *hostname);
warning: bun_uws_sys@0.1.15:       |                                                    ^
warning: bun_uws_sys@0.1.15:       |                                                     _Nullable
warning: bun_uws_sys@0.1.15: /home/putao/code/rust/bao/src/uws_sys/csrc/bun-usockets/src/./internal/internal.h:402:52: note: insert '_Nonnull' if the pointer should never be null
warning: bun_uws_sys@0.1.15:   402 |   void (*on_server_name)(struct us_listen_socket_t *, const char *hostname);
warning: bun_uws_sys@0.1.15:       |                                                    ^
warning: bun_uws_sys@0.1.15:       |                                                     _Nonnull
warning: bun_uws_sys@0.1.15: /home/putao/code/rust/bao/src/uws_sys/csrc/bun-usockets/src/./internal/internal.h:402:66: warning: pointer is missing a nullability type specifier (_Nonnull, _Nullable, or _Null_unspecified) [-Wnullability-completeness]
warning: bun_uws_sys@0.1.15:   402 |   void (*on_server_name)(struct us_listen_socket_t *, const char *hostname);
warning: bun_uws_sys@0.1.15:       |                                                                  ^
warning: bun_uws_sys@0.1.15: /home/putao/code/rust/bao/src/uws_sys/csrc/bun-usockets/src/./internal/internal.h:402:66: note: insert '_Nullable' if the pointer may be null
warning: bun_uws_sys@0.1.15:   402 |   void (*on_server_name)(struct us_listen_socket_t *, const char *hostname);
warning: bun_uws_sys@0.1.15:       |                                                                  ^
warning: bun_uws_sys@0.1.15:       |                                                                    _Nullable
warning: bun_uws_sys@0.1.15: /home/putao/code/rust/bao/src/uws_sys/csrc/bun-usockets/src/./internal/internal.h:402:66: note: insert '_Nonnull' if the pointer should never be null
warning: bun_uws_sys@0.1.15:   402 |   void (*on_server_name)(struct us_listen_socket_t *, const char *hostname);
warning: bun_uws_sys@0.1.15:       |                                                                  ^
warning: bun_uws_sys@0.1.15:       |                                                                    _Nonnull
warning: bun_uws_sys@0.1.15: /home/putao/code/rust/bao/src/uws_sys/csrc/bun-usockets/src/./internal/internal.h:402:9: warning: pointer is missing a nullability type specifier (_Nonnull, _Nullable, or _Null_unspecified) [-Wnullability-completeness]
warning: bun_uws_sys@0.1.15:   402 |   void (*on_server_name)(struct us_listen_socket_t *, const char *hostname);
warning: bun_uws_sys@0.1.15:       |         ^
warning: bun_uws_sys@0.1.15: /home/putao/code/rust/bao/src/uws_sys/csrc/bun-usockets/src/./internal/internal.h:402:9: note: insert '_Nullable' if the pointer may be null
warning: bun_uws_sys@0.1.15:   402 |   void (*on_server_name)(struct us_listen_socket_t *, const char *hostname);
warning: bun_uws_sys@0.1.15:       |         ^
warning: bun_uws_sys@0.1.15:       |           _Nullable
warning: bun_uws_sys@0.1.15: /home/putao/code/rust/bao/src/uws_sys/csrc/bun-usockets/src/./internal/internal.h:402:9: note: insert '_Nonnull' if the pointer should never be null
warning: bun_uws_sys@0.1.15:   402 |   void (*on_server_name)(struct us_listen_socket_t *, const char *hostname);
warning: bun_uws_sys@0.1.15:       |         ^
warning: bun_uws_sys@0.1.15:       |           _Nonnull
warning: bun_uws_sys@0.1.15: /home/putao/code/rust/bao/src/uws_sys/csrc/bun-usockets/src/./internal/internal.h:412:109: warning: pointer is missing a nullability type specifier (_Nonnull, _Nullable, or _Null_unspecified) [-Wnullability-completeness]
warning: bun_uws_sys@0.1.15:   412 | void us_internal_socket_group_link_connecting_socket(us_socket_group_r group, struct us_connecting_socket_t *c);
warning: bun_uws_sys@0.1.15:       |                                                                                                             ^
warning: bun_uws_sys@0.1.15: /home/putao/code/rust/bao/src/uws_sys/csrc/bun-usockets/src/./internal/internal.h:412:109: note: insert '_Nullable' if the pointer may be null
warning: bun_uws_sys@0.1.15:   412 | void us_internal_socket_group_link_connecting_socket(us_socket_group_r group, struct us_connecting_socket_t *c);
warning: bun_uws_sys@0.1.15:       |                                                                                                             ^
warning: bun_uws_sys@0.1.15:       |                                                                                                               _Nullable
warning: bun_uws_sys@0.1.15: /home/putao/code/rust/bao/src/uws_sys/csrc/bun-usockets/src/./internal/internal.h:412:109: note: insert '_Nonnull' if the pointer should never be null
warning: bun_uws_sys@0.1.15:   412 | void us_internal_socket_group_link_connecting_socket(us_socket_group_r group, struct us_connecting_socket_t *c);
warning: bun_uws_sys@0.1.15:       |                                                                                                             ^
warning: bun_uws_sys@0.1.15:       |                                                                                                               _Nonnull
warning: bun_uws_sys@0.1.15: /home/putao/code/rust/bao/src/uws_sys/csrc/bun-usockets/src/./internal/internal.h:413:111: warning: pointer is missing a nullability type specifier (_Nonnull, _Nullable, or _Null_unspecified) [-Wnullability-completeness]
warning: bun_uws_sys@0.1.15:   413 | void us_internal_socket_group_unlink_connecting_socket(us_socket_group_r group, struct us_connecting_socket_t *c);
warning: bun_uws_sys@0.1.15:       |                                                                                                               ^
warning: bun_uws_sys@0.1.15: /home/putao/code/rust/bao/src/uws_sys/csrc/bun-usockets/src/./internal/internal.h:413:111: note: insert '_Nullable' if the pointer may be null
warning: bun_uws_sys@0.1.15:   413 | void us_internal_socket_group_unlink_connecting_socket(us_socket_group_r group, struct us_connecting_socket_t *c);
warning: bun_uws_sys@0.1.15:       |                                                                                                               ^
warning: bun_uws_sys@0.1.15:       |                                                                                                                 _Nullable
warning: bun_uws_sys@0.1.15: /home/putao/code/rust/bao/src/uws_sys/csrc/bun-usockets/src/./internal/internal.h:413:111: note: insert '_Nonnull' if the pointer should never be null
warning: bun_uws_sys@0.1.15:   413 | void us_internal_socket_group_unlink_connecting_socket(us_socket_group_r group, struct us_connecting_socket_t *c);
warning: bun_uws_sys@0.1.15:       |                                                                                                               ^
warning: bun_uws_sys@0.1.15:       |                                                                                                                 _Nonnull
warning: bun_uws_sys@0.1.15: /home/putao/code/rust/bao/src/uws_sys/csrc/bun-usockets/src/./internal/internal.h:415:47: warning: pointer is missing a nullability type specifier (_Nonnull, _Nullable, or _Null_unspecified) [-Wnullability-completeness]
warning: bun_uws_sys@0.1.15:   415 | int us_raw_root_certs(struct us_cert_string_t **out);
warning: bun_uws_sys@0.1.15:       |                                               ^
warning: bun_uws_sys@0.1.15: /home/putao/code/rust/bao/src/uws_sys/csrc/bun-usockets/src/./internal/internal.h:415:47: note: insert '_Nullable' if the pointer may be null
warning: bun_uws_sys@0.1.15:   415 | int us_raw_root_certs(struct us_cert_string_t **out);
warning: bun_uws_sys@0.1.15:       |                                               ^
warning: bun_uws_sys@0.1.15:       |                                                _Nullable
warning: bun_uws_sys@0.1.15: /home/putao/code/rust/bao/src/uws_sys/csrc/bun-usockets/src/./internal/internal.h:415:47: note: insert '_Nonnull' if the pointer should never be null
warning: bun_uws_sys@0.1.15:   415 | int us_raw_root_certs(struct us_cert_string_t **out);
warning: bun_uws_sys@0.1.15:       |                                               ^
warning: bun_uws_sys@0.1.15:       |                                                _Nonnull
warning: bun_uws_sys@0.1.15: /home/putao/code/rust/bao/src/uws_sys/csrc/bun-usockets/src/./internal/internal.h:415:48: warning: pointer is missing a nullability type specifier (_Nonnull, _Nullable, or _Null_unspecified) [-Wnullability-completeness]
warning: bun_uws_sys@0.1.15:   415 | int us_raw_root_certs(struct us_cert_string_t **out);
warning: bun_uws_sys@0.1.15:       |                                                ^
warning: bun_uws_sys@0.1.15: /home/putao/code/rust/bao/src/uws_sys/csrc/bun-usockets/src/./internal/internal.h:415:48: note: insert '_Nullable' if the pointer may be null
warning: bun_uws_sys@0.1.15:   415 | int us_raw_root_certs(struct us_cert_string_t **out);
warning: bun_uws_sys@0.1.15:       |                                                ^
warning: bun_uws_sys@0.1.15:       |                                                  _Nullable
warning: bun_uws_sys@0.1.15: /home/putao/code/rust/bao/src/uws_sys/csrc/bun-usockets/src/./internal/internal.h:415:48: note: insert '_Nonnull' if the pointer should never be null
warning: bun_uws_sys@0.1.15:   415 | int us_raw_root_certs(struct us_cert_string_t **out);
warning: bun_uws_sys@0.1.15:       |                                                ^
warning: bun_uws_sys@0.1.15:       |                                                  _Nonnull
warning: bun_uws_sys@0.1.15: 304 warnings generated.
   Compiling bun_analytics v0.1.10 (/home/putao/code/rust/bao/src/analytics)
   Compiling tokio-util v0.7.18
   Compiling glib-sys v0.22.8
   Compiling h2 v0.4.14
   Compiling bun_spawn_sys v0.1.11 (/home/putao/code/rust/bao/src/spawn_sys)
   Compiling gobject-sys v0.22.6
   Compiling cookie v0.18.1
   Compiling cookie v0.16.2
   Compiling swc_macros_common v1.0.1
   Compiling bun_cares_sys v0.1.11 (/home/putao/code/rust/bao/src/cares_sys)
   Compiling thiserror v1.0.69
   Compiling cfg-if v1.0.4
   Compiling bun_base64 v0.1.11 (/home/putao/code/rust/bao/src/base64)
   Compiling hyper v1.10.0
   Compiling thiserror-impl v1.0.69
   Compiling headers v0.4.1
   Compiling image v0.25.10
   Compiling hashbrown v0.14.5
   Compiling http v0.2.12
   Compiling bun_which v0.1.11 (/home/putao/code/rust/bao/src/which)
   Compiling bun_dotenv v0.1.14 (/home/putao/code/rust/bao/src/dotenv)
   Compiling bao-servo-embedder-traits v0.5.5 (/home/putao/code/rust/bao/vendor/servo/components/shared/embedder)
   Compiling webdriver v0.53.0
   Compiling bao-servo-hyper-serde v0.5.2 (/home/putao/code/rust/bao/vendor/servo/components/hyper_serde)
   Compiling gstreamer-sys v0.25.2
   Compiling rustls-pki-types v1.14.1
   Compiling icu_locid_transform_data v1.5.1
   Compiling itertools v0.15.0
   Compiling triomphe v0.1.15
   Compiling libloading v0.8.9
   Compiling regex-syntax v0.8.10
   Compiling bun_zlib v0.1.17 (/home/putao/code/rust/bao/src/zlib)
   Compiling nom v7.1.3
   Compiling dlib v0.5.3
   Compiling regex-automata v0.4.14
   Compiling hstr v3.0.6
   Compiling icu_locid_transform v1.5.0
   Compiling anyhow v1.0.102
   Compiling bytes-str v0.2.8
   Compiling x11-dl v2.21.0
   Compiling wayland-sys v0.31.11
   Compiling surfman v0.13.0
   Compiling regex v1.12.3
   Compiling clang-sys v1.8.1
   Compiling der v0.8.1
   Compiling swc_atoms v9.0.3
   Compiling cexpr v0.6.0
   Compiling from_variant v3.0.0
   Compiling ast_node v5.0.0
   Compiling num-bigint v0.4.6
   Compiling swc_visit v2.0.1
   Compiling swc_eq_ignore_macros v1.0.1
   Compiling rustc-hash v2.1.2
   Compiling siphasher v0.3.11
   Compiling bun_crash_handler v0.1.16 (/home/putao/code/rust/bao/src/crash_handler)
   Compiling bindgen v0.72.1
   Compiling swc_common v23.0.1
   Compiling object v0.37.3
   Compiling icu_properties_data v1.5.1
   Compiling string_enum v1.0.2
   Compiling chacha20 v0.10.1
   Compiling bun_install_types v0.1.13 (/home/putao/code/rust/bao/src/install_types)
   Compiling tikv-jemallocator v0.6.1
   Compiling is-macro v0.3.7
   Compiling bao-servo-allocator v0.5.2 (/home/putao/code/rust/bao/vendor/servo/components/allocator)
   Compiling bun_zstd v0.1.13 (/home/putao/code/rust/bao/src/zstd)
   Compiling swc_ecma_ast v25.0.0
   Compiling bun_options_types v0.1.14 (/home/putao/code/rust/bao/src/options_types)
   Compiling ar_archive_writer v0.5.2
   Compiling icu_properties v1.5.1
   Compiling spki v0.8.0
   Compiling bao-servo-tracing v0.5.2 (/home/putao/code/rust/bao/vendor/servo/components/servo_tracing)
   Compiling adler2 v2.0.1
   Compiling crc32fast v1.5.0
   Compiling psm v0.1.31
   Compiling bun_parsers v0.1.13 (/home/putao/code/rust/bao/src/parsers)
   Compiling rand v0.10.2
   Compiling filetime v0.2.29
   Compiling selectors v0.37.0
   Compiling bun_jsc_macros v0.1.0 (/home/putao/code/rust/bao/src/jsc_macros)
   Compiling cssparser-macros v0.6.1
   Compiling cmake v0.1.58
   Compiling bao-mozjs-src-js v140.14.0-0 (/home/putao/code/rust/bao/vendor/mozjs/src-js)
   Compiling aws-lc-sys v0.41.0
   Compiling cssparser v0.36.0
   Compiling tar v0.4.46
   Compiling diplomat_core v0.8.1
   Compiling icu_calendar_data v1.5.1
   Compiling pkcs8 v0.11.0
   Compiling gstreamer-base-sys v0.25.3
   Compiling calendrical_calculations v0.1.3
   Compiling stacker v0.1.24
   Compiling bun_resolver v0.1.18 (/home/putao/code/rust/bao/src/resolver)
   Compiling bun_sourcemap v0.1.18 (/home/putao/code/rust/bao/src/sourcemap)
   Compiling hyper-util v0.1.20
   Compiling icu_calendar v1.5.2
   Compiling diplomat v0.8.0
   Compiling bao-mozjs-sys v140.14.0-1 (/home/putao/code/rust/bao/vendor/mozjs/mozjs-sys)
   Compiling dragonbox_ecma v0.1.12
   Compiling swc_ecma_visit v25.0.0
   Compiling icu_provider_adapters v1.5.0
   Compiling bun_watcher v0.1.13 (/home/putao/code/rust/bao/src/watcher)
   Compiling bun_resolve_builtins v0.1.13 (/home/putao/code/rust/bao/src/resolve_builtins)
   Compiling bun_glob v0.1.10 (/home/putao/code/rust/bao/src/glob)
   Compiling bun_perf v0.1.11 (/home/putao/code/rust/bao/src/perf)
   Compiling gio-sys v0.22.8
   Compiling bun_css v0.1.16 (/home/putao/code/rust/bao/src/css)
   Compiling icu_capi v1.5.0
   Compiling pulldown-cmark v0.12.2
   Compiling lol_html v3.0.0
   Compiling smartstring v1.0.1
   Compiling bao-mozjs-src-intl v140.14.0-0 (/home/putao/code/rust/bao/vendor/mozjs/src-intl)
   Compiling encoding_c v0.9.8
   Compiling bao-mozjs-src-python v140.14.0-0 (/home/putao/code/rust/bao/vendor/mozjs/src-python)
   Compiling encoding_c_mem v0.2.6
   Compiling crypto-bigint v0.7.5
   Compiling bun_css_derive v0.1.0 (/home/putao/code/rust/bao/src/css_derive)
   Compiling aws-lc-rs v1.17.0
   Compiling bun_bundler v0.1.17 (/home/putao/code/rust/bao/src/bundler)
   Compiling swc_ecma_parser v41.1.0
   Compiling swc_ecma_utils v31.0.0
   Compiling bun_lolhtml_sys v0.1.10 (/home/putao/code/rust/bao/src/lolhtml_sys)
   Compiling bun_md v0.1.12 (/home/putao/code/rust/bao/src/md)
   Compiling swc_config_macro v1.0.1
   Compiling futures-executor v0.3.32
   Compiling ff v0.14.0
   Compiling glib-macros v0.22.6
   Compiling castaway v0.2.4
   Compiling glib v0.22.8
   Compiling swc_config v5.0.0
   Compiling swc_ecma_transforms_base v44.0.2
   Compiling swc_ecma_hooks v0.9.0
   Compiling hmac v0.13.0
   Compiling signature v3.0.0
   Compiling petgraph v0.8.3
   Compiling gstreamer v0.25.3
   Compiling swc_ecma_transforms_react v49.0.0
   Compiling compact_str v0.7.1
   Compiling group v0.14.0
   Compiling swc_allocator v4.0.1
   Compiling swc_ecma_codegen_macros v2.0.2
   Compiling bao-servo-media-derive v0.5.2 (/home/putao/code/rust/bao/vendor/servo/components/media/servo-media-derive)
   Compiling wuff-capi v0.2.0
   Compiling swc_ecma_codegen v28.0.1
   Compiling sec1 v0.8.1
   Compiling swc_ecma_transforms_typescript v49.0.0
   Compiling hkdf v0.13.0
   Compiling gstreamer-video-sys v0.25.3
   Compiling keccak v0.2.0
   Compiling elliptic-curve v0.14.1
   Compiling fontsan v0.7.0
   Compiling bun_output v0.1.10 (/home/putao/code/rust/bao/src/output)
   Compiling harfbuzz-sys v0.8.0
   Compiling zstd-sys v2.0.16+zstd.1.5.7
   Compiling yeslogic-fontconfig-sys v6.0.1
   Compiling bun_dns v0.1.11 (/home/putao/code/rust/bao/src/dns)
   Compiling sha2 v0.11.0
   Compiling bun_picohttp v0.1.11 (/home/putao/code/rust/bao/src/picohttp)
   Compiling libsqlite3-sys v0.36.0
   Compiling hashbrown v0.16.1
   Compiling bao_engine_macros v0.1.0 (/home/putao/code/rust/bao/src/bao_engine_macros)
warning: function `JsClass` should have a snake case name
   --> src/bao_engine_macros/src/lib.rs:492:8
    |
492 | pub fn JsClass(attr: TokenStream, item: TokenStream) -> TokenStream {
    |        ^^^^^^^ help: convert the identifier to snake case: `js_class`
    |
    = note: `#[warn(non_snake_case)]` (part of `#[warn(nonstandard_style)]`) on by default

warning: `bao_engine_macros` (lib) generated 1 warning
   Compiling rustls v0.23.43
   Compiling gstreamer-base v0.25.3
   Compiling zmij v1.0.21
   Compiling zstd-safe v7.2.4
   Compiling unicase v2.9.0
   Compiling mime_guess v2.0.5
   Compiling hashlink v0.11.1
   Compiling sha1 v0.11.0
   Compiling gstreamer-gl-sys v0.25.0
   Compiling universal-hash v0.6.1
   Compiling nom v8.0.0
   Compiling itoa v1.0.18
   Compiling heck v0.4.1
   Compiling sea-query-derive v1.0.0
   Compiling rusqlite v0.38.0
   Compiling curve25519-dalek v5.0.0
   Compiling wnaf v0.14.0
   Compiling rfc6979 v0.6.0
   Compiling primefield v0.14.0
   Compiling html5ever v0.39.0
   Compiling gstreamer-sdp-sys v0.25.0
   Compiling num-traits v0.2.19
   Compiling iana-time-zone v0.1.65
   Compiling prettyplease v0.2.37
   Compiling chrono v0.4.44
   Compiling primeorder v0.14.0
   Compiling ecdsa v0.17.0
   Compiling zstd v0.13.3
   Compiling bao-servo-script-bindings v0.5.10 (/home/putao/code/rust/bao/vendor/servo/components/script_bindings)
   Compiling sea-query v1.0.2
   Compiling gstreamer-video v0.25.3
   Compiling shake v0.1.0
   Compiling dashmap v6.2.1
   Compiling aead v0.6.1
   Compiling gstreamer-gl-egl-sys v0.25.0
   Compiling derive_builder_core v0.20.2
   Compiling curve25519-dalek-derive v0.1.1
   Compiling bun_libarchive v0.1.12 (/home/putao/code/rust/bao/src/libarchive)
   Compiling fst v0.4.7
   Compiling backtrace v0.3.76
   Compiling compression-codecs v0.4.38
   Compiling rustls-native-certs v0.8.4
   Compiling derive_builder_macro v0.20.2
   Compiling sea-query-rusqlite v0.8.0
   Compiling rustls-webpki v0.103.13
   Compiling tungstenite v0.30.0
   Compiling tokio-rustls v0.26.4
   Compiling polyval v0.7.3
   Compiling hash2curve v0.14.0
   Compiling ed448 v0.5.0
   Compiling mozangle v0.6.0
   Compiling aes v0.9.2
   Compiling webpki-roots v1.0.7
   Compiling phc v0.6.1
   Compiling ctr v0.10.1
   Compiling gstreamer-webrtc-sys v0.25.0
   Compiling gstreamer-play-sys v0.25.0
   Compiling gstreamer-audio-sys v0.25.3
   Compiling gstreamer-app-sys v0.25.0
   Compiling module-lattice v0.2.3
   Compiling tower v0.5.3
   Compiling password-hash v0.6.1
   Compiling async-tungstenite v0.35.0
   Compiling ed448-goldilocks v0.14.0-pre.15
   Compiling ghash v0.6.0
   Compiling bao-servo-dom-struct v0.5.2 (/home/putao/code/rust/bao/vendor/servo/components/dom_struct)
   Compiling rustls-platform-verifier v0.7.0
   Compiling derive_builder v0.20.2
   Compiling async-compression v0.4.42
   Compiling futures v0.3.32
   Compiling gstreamer-gl v0.25.2
   Compiling nom-language v0.1.0
   Compiling poly1305 v0.9.1
   Compiling quick_cache v0.6.22
   Compiling tungstenite v0.26.2
   Compiling sha3 v0.11.0
   Compiling ed25519 v3.0.0
   Compiling crypto-primes v0.7.2
   Compiling pkcs1 v0.8.0-rc.4
   Compiling blake2 v0.11.0-rc.6
   Compiling xml5ever v0.39.0
   Compiling kem v0.3.0
   Compiling bun_clap_macros v0.1.0 (/home/putao/code/rust/bao/src/clap_macros)
   Compiling dbl v0.5.0
   Compiling bao-servo-jstraceable-derive v0.5.2 (/home/putao/code/rust/bao/vendor/servo/components/jstraceable_derive)
   Compiling bao-servo-deny-public-fields v0.5.2 (/home/putao/code/rust/bao/vendor/servo/components/deny_public_fields)
   Compiling async-recursion v1.1.1
   Compiling libffi-sys v2.3.0
   Compiling bao-servo-script v0.5.14 (/home/putao/code/rust/bao/vendor/servo/components/script)
   Compiling ocb3 v0.2.0-rc.3
   Compiling bun_clap v0.1.11 (/home/putao/code/rust/bao/src/clap)
   Compiling ml-kem v0.3.2
   Compiling argon2 v0.6.0-rc.8
   Compiling rsa v0.10.0-rc.18
   Compiling ed25519-dalek v3.0.0
   Compiling cdp-server v0.1.2 (/home/putao/code/rust/bao/src/cdp-server)
warning: unused import: `RegistryDispatch`
  --> src/cdp-server/src/session.rs:13:26
   |
13 | use crate::{EventSender, RegistryDispatch};
   |                          ^^^^^^^^^^^^^^^^
   |
   = note: `#[warn(unused_imports)]` (part of `#[warn(unused)]`) on by default

warning: `cdp-server` (lib) generated 1 warning
   Compiling chacha20poly1305 v0.11.0
   Compiling nom-rfc8288 v0.4.0
   Compiling gstreamer-gl-egl v0.25.0
   Compiling cdp-protocol v0.3.1
   Compiling aes-gcm v0.11.0
   Compiling x448 v0.14.0-pre.12
   Compiling bao-servo-devtools v0.5.13 (/home/putao/code/rust/bao/vendor/servo/components/devtools)
   Compiling ml-dsa v0.1.1
   Compiling aes-kw v0.3.1
   Compiling gstreamer-sdp v0.25.3
   Compiling x25519-dalek v3.0.0
   Compiling p256 v0.14.0
   Compiling p384 v0.14.0
   Compiling p521 v0.14.0
   Compiling bao-servo-webvtt v0.5.3 (/home/putao/code/rust/bao/vendor/servo/components/webvtt)
   Compiling k12 v0.5.1
   Compiling cshake v0.2.1
   Compiling sha3 v0.12.0
   Compiling compact_str v0.8.2
   Compiling bun_api v0.1.12 (/home/putao/code/rust/bao/src/api)
   Compiling cbc v0.2.1
   Compiling chardetng v0.1.17
   Compiling half v2.7.1
   Compiling bun_shell_parser v0.1.12 (/home/putao/code/rust/bao/src/shell_parser)
   Compiling bun_install v0.1.19 (/home/putao/code/rust/bao/src/install)
   Compiling gstreamer-webrtc v0.25.2
   Compiling gstreamer-app v0.25.2
   Compiling gstreamer-audio v0.25.3
   Compiling gstreamer-play v0.25.0
   Compiling blowfish v0.10.0
   Compiling env_filter v1.0.1
   Compiling gaol v0.2.1
   Compiling env_logger v0.11.10
   Compiling bcrypt v0.19.2
   Compiling libffi v3.2.0
   Compiling bao-servo-malloc-size-of v0.5.5 (/home/putao/code/rust/bao/vendor/servo/components/malloc_size_of)
   Compiling bao-servo-base v0.5.5 (/home/putao/code/rust/bao/vendor/servo/components/shared/base)
   Compiling bao-servo-url v0.5.5 (/home/putao/code/rust/bao/vendor/servo/components/url)
   Compiling bao-servo-profile-traits v0.5.5 (/home/putao/code/rust/bao/vendor/servo/components/shared/profile)
   Compiling bao-servo-pixels v0.5.5 (/home/putao/code/rust/bao/vendor/servo/components/pixels)
   Compiling bao-servo-geometry v0.5.4 (/home/putao/code/rust/bao/vendor/servo/components/geometry)
   Compiling bao-servo-paint-api v0.5.5 (/home/putao/code/rust/bao/vendor/servo/components/shared/paint)
   Compiling bao-servo-media-streams v0.5.4 (/home/putao/code/rust/bao/vendor/servo/components/media/streams)
   Compiling bao-servo-net-traits v0.5.6 (/home/putao/code/rust/bao/vendor/servo/components/shared/net)
warning: unused import: `ipc_channel::router::ROUTER`
  --> vendor/servo/components/shared/net/lib.rs:19:5
   |
19 | use ipc_channel::router::ROUTER;
   |     ^^^^^^^^^^^^^^^^^^^^^^^^^^^
   |
   = note: `#[warn(unused_imports)]` (part of `#[warn(unused)]`) on by default

warning: unused import: `PreloadId`
  --> vendor/servo/components/shared/net/lib.rs:45:22
   |
45 | use crate::request::{PreloadId, Request, RequestBuilder};
   |                      ^^^^^^^^^

warning: unused variable: `send_result`
   --> vendor/servo/components/shared/net/lib.rs:398:13
    |
398 |         let send_result = self.send(FetchResponseMsg::ProcessResponseEOF(
    |             ^^^^^^^^^^^ help: if this is intentional, prefix it with an underscore: `_send_result`
    |
    = note: `#[warn(unused_variables)]` (part of `#[warn(unused)]`) on by default

warning: `bao-servo-net-traits` (lib) generated 3 warnings (run `cargo fix --lib -p bao-servo-net-traits` to apply 3 suggestions)
   Compiling bao-servo-fonts-traits v0.5.6 (/home/putao/code/rust/bao/vendor/servo/components/shared/fonts)
   Compiling bao-servo-media-traits v0.5.4 (/home/putao/code/rust/bao/vendor/servo/components/media/traits)
   Compiling bao-servo-media-player v0.5.5 (/home/putao/code/rust/bao/vendor/servo/components/media/player)
   Compiling bao-servo-webxr-api v0.5.5 (/home/putao/code/rust/bao/vendor/servo/components/shared/webxr)
   Compiling bao-servo-canvas-traits v0.5.6 (/home/putao/code/rust/bao/vendor/servo/components/shared/canvas)
   Compiling bao-servo-media-audio v0.5.5 (/home/putao/code/rust/bao/vendor/servo/components/media/audio)
   Compiling bao-servo-devtools-traits v0.5.5 (/home/putao/code/rust/bao/vendor/servo/components/shared/devtools)
   Compiling bao-servo-media-webrtc v0.5.4 (/home/putao/code/rust/bao/vendor/servo/components/media/webrtc)
   Compiling bao-servo-media v0.5.5 (/home/putao/code/rust/bao/vendor/servo/components/media/servo-media)
   Compiling bao-servo-storage-traits v0.5.5 (/home/putao/code/rust/bao/vendor/servo/components/shared/storage)
   Compiling bao-servo-constellation-traits v0.5.7 (/home/putao/code/rust/bao/vendor/servo/components/shared/constellation)
   Compiling bao-servo-media-thread v0.5.5 (/home/putao/code/rust/bao/vendor/servo/components/media/media-thread)
   Compiling bao-servo-fonts v0.5.7 (/home/putao/code/rust/bao/vendor/servo/components/fonts)
   Compiling bao-servo-script-traits v0.5.7 (/home/putao/code/rust/bao/vendor/servo/components/shared/script)
   Compiling bao-servo-background-hang-monitor-api v0.5.5 (/home/putao/code/rust/bao/vendor/servo/components/shared/background_hang_monitor)
   Compiling bao-servo-layout-api v0.5.8 (/home/putao/code/rust/bao/vendor/servo/components/shared/layout)
   Compiling bao-servo-timers v0.5.4 (/home/putao/code/rust/bao/vendor/servo/components/timers)
   Compiling bao-servo-metrics v0.5.7 (/home/putao/code/rust/bao/vendor/servo/components/metrics)
   Compiling bao-servo-media-gstreamer-render v0.5.5 (/home/putao/code/rust/bao/vendor/servo/components/media/backends/gstreamer/render)
   Compiling bao-servo-xpath v0.5.5 (/home/putao/code/rust/bao/vendor/servo/components/xpath)
   Compiling bao-servo-media-gstreamer-render-unix v0.5.5 (/home/putao/code/rust/bao/vendor/servo/components/media/backends/gstreamer/render-unix)
   Compiling bao-servo-background-hang-monitor v0.5.5 (/home/putao/code/rust/bao/vendor/servo/components/background_hang_monitor)
warning: fields `stack_ptrs` and `count` are never read
  --> vendor/servo/components/background_hang_monitor/sampler.rs:27:5
   |
25 | pub struct NativeStack {
   |            ----------- fields in this struct
26 |     instruction_ptrs: [*mut std::ffi::c_void; MAX_NATIVE_FRAMES],
27 |     stack_ptrs: [*mut std::ffi::c_void; MAX_NATIVE_FRAMES],
   |     ^^^^^^^^^^
28 |     count: usize,
   |     ^^^^^
   |
   = note: `#[warn(dead_code)]` (part of `#[warn(unused)]`) on by default

warning: method `process_register` is never used
  --> vendor/servo/components/background_hang_monitor/sampler.rs:50:12
   |
41 | impl NativeStack {
   | ---------------- method in this implementation
...
50 |     pub fn process_register(
   |            ^^^^^^^^^^^^^^^^

warning: `bao-servo-background-hang-monitor` (lib) generated 2 warnings
   Compiling bao-servo-canvas v0.5.7 (/home/putao/code/rust/bao/vendor/servo/components/canvas)
   Compiling bao-servo-webgl v0.5.6 (/home/putao/code/rust/bao/vendor/servo/components/webgl)
   Compiling bao-servo-paint v0.5.7 (/home/putao/code/rust/bao/vendor/servo/components/paint)
   Compiling bao-servo-media-gstreamer v0.5.5 (/home/putao/code/rust/bao/vendor/servo/components/media/backends/gstreamer)
   Compiling bun_io v0.1.15 (/home/putao/code/rust/bao/src/io)
   Compiling bun_boringssl v0.1.12 (/home/putao/code/rust/bao/src/boringssl)
   Compiling bun_uws v0.1.16 (/home/putao/code/rust/bao/src/uws)
   Compiling bun_event_loop v0.1.15 (/home/putao/code/rust/bao/src/event_loop)
   Compiling bun_js_parser v0.1.16 (/home/putao/code/rust/bao/src/js_parser)
   Compiling bun_js_printer v0.1.17 (/home/putao/code/rust/bao/src/js_printer)
   Compiling bun_router v0.1.17 (/home/putao/code/rust/bao/src/router)
   Compiling bun_sha_hmac v0.1.12 (/home/putao/code/rust/bao/src/sha_hmac)
   Compiling bun_spawn v0.1.15 (/home/putao/code/rust/bao/src/spawn)
   Compiling bao_crypto v0.1.10 (/home/putao/code/rust/bao/src/bao_crypto)
   Compiling bao_boringssl_bridge v0.1.14 (/home/putao/code/rust/bao/src/bao_boringssl_bridge)
   Compiling bun_brotli v0.1.17 (/home/putao/code/rust/bao/src/brotli)
   Compiling bun_transpiler v0.1.15 (/home/putao/code/rust/bao/src/transpiler)
   Compiling bun_http v0.1.17 (/home/putao/code/rust/bao/src/http)
   Compiling bun_exe_format v0.1.12 (/home/putao/code/rust/bao/src/exe_format)
   Compiling bun_standalone_graph v0.1.18 (/home/putao/code/rust/bao/src/standalone_graph)
   Compiling bun_bunfig v0.1.16 (/home/putao/code/rust/bao/src/bunfig)
   Compiling bun_s3_signing v0.1.12 (/home/putao/code/rust/bao/src/s3_signing)
   Compiling bao_uloop v0.1.15 (/home/putao/code/rust/bao/src/bao_uloop)
   Compiling bao-servo-storage v0.5.6 (/home/putao/code/rust/bao/vendor/servo/components/storage)
   Compiling bao-servo-media-dummy v0.5.5 (/home/putao/code/rust/bao/vendor/servo/components/media/backends/dummy)
   Compiling bao-servo-wakelock v0.5.5 (/home/putao/code/rust/bao/vendor/servo/components/wakelock)
   Compiling bao-servo-default-resources v0.5.5 (/home/putao/code/rust/bao/vendor/servo/components/default-resources)
   Compiling bao-servo-profile v0.5.5 (/home/putao/code/rust/bao/vendor/servo/components/profile)
warning: function pointer comparisons do not produce meaningful results since their addresses are not guaranteed to be unique
   --> /var/cargo-builds/3c/6184ceb77072ba/test-ci/build/bao-mozjs-sys-8c5bfe5f0d0984fd/out/build/gluebindings.rs:206:9
    |
204 |       #[derive(Debug, Copy, Clone, PartialEq)]
    |                                    --------- in this derive macro expansion
205 |       pub struct JobQueueTraps {
206 | /         pub getHostDefinedData: ::std::option::Option<
207 | |             unsafe extern "C" fn(
208 | |                 queue: *const ::std::os::raw::c_void,
209 | |                 cx: *mut root::JSContext,
210 | |                 data: root::JS::MutableHandle<*mut root::JSObject>,
211 | |             ) -> bool,
212 | |         >,
    | |_________^
    |
    = note: the address of the same function can vary between different codegen units
    = note: furthermore, different functions could have the same address after being merged together
    = note: for more information visit <https://doc.rust-lang.org/nightly/core/ptr/fn.fn_addr_eq.html>
    = note: `#[warn(unpredictable_function_pointer_comparisons)]` on by default

warning: function pointer comparisons do not produce meaningful results since their addresses are not guaranteed to be unique
   --> /var/cargo-builds/3c/6184ceb77072ba/test-ci/build/bao-mozjs-sys-8c5bfe5f0d0984fd/out/build/gluebindings.rs:213:9
    |
204 |       #[derive(Debug, Copy, Clone, PartialEq)]
    |                                    --------- in this derive macro expansion
...
213 | /         pub enqueuePromiseJob: ::std::option::Option<
214 | |             unsafe extern "C" fn(
215 | |                 queue: *const ::std::os::raw::c_void,
216 | |                 cx: *mut root::JSContext,
...   |
221 | |             ) -> bool,
222 | |         >,
    | |_________^
    |
    = note: the address of the same function can vary between different codegen units
    = note: furthermore, different functions could have the same address after being merged together
    = note: for more information visit <https://doc.rust-lang.org/nightly/core/ptr/fn.fn_addr_eq.html>

warning: function pointer comparisons do not produce meaningful results since their addresses are not guaranteed to be unique
   --> /var/cargo-builds/3c/6184ceb77072ba/test-ci/build/bao-mozjs-sys-8c5bfe5f0d0984fd/out/build/gluebindings.rs:223:9
    |
204 |       #[derive(Debug, Copy, Clone, PartialEq)]
    |                                    --------- in this derive macro expansion
...
223 | /         pub runJobs: ::std::option::Option<
224 | |             unsafe extern "C" fn(queue: *const ::std::os::raw::c_void, cx: *mut root::JSContext),
225 | |         >,
    | |_________^
    |
    = note: the address of the same function can vary between different codegen units
    = note: furthermore, different functions could have the same address after being merged together
    = note: for more information visit <https://doc.rust-lang.org/nightly/core/ptr/fn.fn_addr_eq.html>

warning: function pointer comparisons do not produce meaningful results since their addresses are not guaranteed to be unique
   --> /var/cargo-builds/3c/6184ceb77072ba/test-ci/build/bao-mozjs-sys-8c5bfe5f0d0984fd/out/build/gluebindings.rs:226:9
    |
204 |       #[derive(Debug, Copy, Clone, PartialEq)]
    |                                    --------- in this derive macro expansion
...
226 | /         pub empty: ::std::option::Option<
227 | |             unsafe extern "C" fn(queue: *const ::std::os::raw::c_void) -> bool,
228 | |         >,
    | |_________^
    |
    = note: the address of the same function can vary between different codegen units
    = note: furthermore, different functions could have the same address after being merged together
    = note: for more information visit <https://doc.rust-lang.org/nightly/core/ptr/fn.fn_addr_eq.html>

warning: function pointer comparisons do not produce meaningful results since their addresses are not guaranteed to be unique
   --> /var/cargo-builds/3c/6184ceb77072ba/test-ci/build/bao-mozjs-sys-8c5bfe5f0d0984fd/out/build/gluebindings.rs:229:9
    |
204 |       #[derive(Debug, Copy, Clone, PartialEq)]
    |                                    --------- in this derive macro expansion
...
229 | /         pub pushNewInterruptQueue: ::std::option::Option<
230 | |             unsafe extern "C" fn(
231 | |                 aInterruptQueues: *mut ::std::os::raw::c_void,
232 | |             ) -> *const ::std::os::raw::c_void,
233 | |         >,
    | |_________^
    |
    = note: the address of the same function can vary between different codegen units
    = note: furthermore, different functions could have the same address after being merged together
    = note: for more information visit <https://doc.rust-lang.org/nightly/core/ptr/fn.fn_addr_eq.html>

warning: function pointer comparisons do not produce meaningful results since their addresses are not guaranteed to be unique
   --> /var/cargo-builds/3c/6184ceb77072ba/test-ci/build/bao-mozjs-sys-8c5bfe5f0d0984fd/out/build/gluebindings.rs:234:9
    |
204 |       #[derive(Debug, Copy, Clone, PartialEq)]
    |                                    --------- in this derive macro expansion
...
234 | /         pub popInterruptQueue: ::std::option::Option<
235 | |             unsafe extern "C" fn(
236 | |                 aInterruptQueues: *mut ::std::os::raw::c_void,
237 | |             ) -> *const ::std::os::raw::c_void,
238 | |         >,
    | |_________^
    |
    = note: the address of the same function can vary between different codegen units
    = note: furthermore, different functions could have the same address after being merged together
    = note: for more information visit <https://doc.rust-lang.org/nightly/core/ptr/fn.fn_addr_eq.html>

warning: function pointer comparisons do not produce meaningful results since their addresses are not guaranteed to be unique
   --> /var/cargo-builds/3c/6184ceb77072ba/test-ci/build/bao-mozjs-sys-8c5bfe5f0d0984fd/out/build/gluebindings.rs:239:9
    |
204 |       #[derive(Debug, Copy, Clone, PartialEq)]
    |                                    --------- in this derive macro expansion
...
239 | /         pub dropInterruptQueues: ::std::option::Option<
240 | |             unsafe extern "C" fn(aInterruptQueues: *mut ::std::os::raw::c_void),
241 | |         >,
    | |_________^
    |
    = note: the address of the same function can vary between different codegen units
    = note: furthermore, different functions could have the same address after being merged together
    = note: for more information visit <https://doc.rust-lang.org/nightly/core/ptr/fn.fn_addr_eq.html>

warning: function pointer comparisons do not produce meaningful results since their addresses are not guaranteed to be unique
   --> /var/cargo-builds/3c/6184ceb77072ba/test-ci/build/bao-mozjs-sys-8c5bfe5f0d0984fd/out/build/gluebindings.rs:313:9
    |
311 |       #[derive(Debug, Copy, Clone, PartialEq)]
    |                                    --------- in this derive macro expansion
312 |       pub struct JSExternalStringCallbacksTraps {
313 | /         pub latin1Finalize: ::std::option::Option<
314 | |             unsafe extern "C" fn(
315 | |                 privateData: *const ::std::os::raw::c_void,
316 | |                 chars: *mut root::JS::Latin1Char,
317 | |             ),
318 | |         >,
    | |_________^
    |
    = note: the address of the same function can vary between different codegen units
    = note: furthermore, different functions could have the same address after being merged together
    = note: for more information visit <https://doc.rust-lang.org/nightly/core/ptr/fn.fn_addr_eq.html>

warning: function pointer comparisons do not produce meaningful results since their addresses are not guaranteed to be unique
   --> /var/cargo-builds/3c/6184ceb77072ba/test-ci/build/bao-mozjs-sys-8c5bfe5f0d0984fd/out/build/gluebindings.rs:319:9
    |
311 |       #[derive(Debug, Copy, Clone, PartialEq)]
    |                                    --------- in this derive macro expansion
...
319 | /         pub utf16Finalize: ::std::option::Option<
320 | |             unsafe extern "C" fn(privateData: *const ::std::os::raw::c_void, chars: *mut u16),
321 | |         >,
    | |_________^
    |
    = note: the address of the same function can vary between different codegen units
    = note: furthermore, different functions could have the same address after being merged together
    = note: for more information visit <https://doc.rust-lang.org/nightly/core/ptr/fn.fn_addr_eq.html>

warning: function pointer comparisons do not produce meaningful results since their addresses are not guaranteed to be unique
   --> /var/cargo-builds/3c/6184ceb77072ba/test-ci/build/bao-mozjs-sys-8c5bfe5f0d0984fd/out/build/gluebindings.rs:322:9
    |
311 |       #[derive(Debug, Copy, Clone, PartialEq)]
    |                                    --------- in this derive macro expansion
...
322 | /         pub latin1SizeOfBuffer: ::std::option::Option<
323 | |             unsafe extern "C" fn(
324 | |                 privateData: *const ::std::os::raw::c_void,
325 | |                 chars: *const root::JS::Latin1Char,
326 | |                 mallocSizeOf: root::mozilla::MallocSizeOf,
327 | |             ) -> usize,
328 | |         >,
    | |_________^
    |
    = note: the address of the same function can vary between different codegen units
    = note: furthermore, different functions could have the same address after being merged together
    = note: for more information visit <https://doc.rust-lang.org/nightly/core/ptr/fn.fn_addr_eq.html>

warning: function pointer comparisons do not produce meaningful results since their addresses are not guaranteed to be unique
   --> /var/cargo-builds/3c/6184ceb77072ba/test-ci/build/bao-mozjs-sys-8c5bfe5f0d0984fd/out/build/gluebindings.rs:329:9
    |
311 |       #[derive(Debug, Copy, Clone, PartialEq)]
    |                                    --------- in this derive macro expansion
...
329 | /         pub utf16SizeOfBuffer: ::std::option::Option<
330 | |             unsafe extern "C" fn(
331 | |                 privateData: *const ::std::os::raw::c_void,
332 | |                 chars: *const u16,
333 | |                 mallocSizeOf: root::mozilla::MallocSizeOf,
334 | |             ) -> usize,
335 | |         >,
    | |_________^
    |
    = note: the address of the same function can vary between different codegen units
    = note: furthermore, different functions could have the same address after being merged together
    = note: for more information visit <https://doc.rust-lang.org/nightly/core/ptr/fn.fn_addr_eq.html>

warning: function pointer comparisons do not produce meaningful results since their addresses are not guaranteed to be unique
   --> /var/cargo-builds/3c/6184ceb77072ba/test-ci/build/bao-mozjs-sys-8c5bfe5f0d0984fd/out/build/gluebindings.rs:374:9
    |
372 |       #[derive(Debug, Copy, Clone, PartialEq)]
    |                                    --------- in this derive macro expansion
373 |       pub struct ProxyTraps {
374 | /         pub enter: ::std::option::Option<
375 | |             unsafe extern "C" fn(
376 | |                 cx: *mut root::JSContext,
377 | |                 proxy: root::JS::HandleObject,
...   |
381 | |             ) -> bool,
382 | |         >,
    | |_________^
    |
    = note: the address of the same function can vary between different codegen units
    = note: furthermore, different functions could have the same address after being merged together
    = note: for more information visit <https://doc.rust-lang.org/nightly/core/ptr/fn.fn_addr_eq.html>

warning: function pointer comparisons do not produce meaningful results since their addresses are not guaranteed to be unique
   --> /var/cargo-builds/3c/6184ceb77072ba/test-ci/build/bao-mozjs-sys-8c5bfe5f0d0984fd/out/build/gluebindings.rs:383:9
    |
372 |       #[derive(Debug, Copy, Clone, PartialEq)]
    |                                    --------- in this derive macro expansion
...
383 | /         pub getOwnPropertyDescriptor: ::std::option::Option<
384 | |             unsafe extern "C" fn(
385 | |                 cx: *mut root::JSContext,
386 | |                 proxy: root::JS::HandleObject,
...   |
390 | |             ) -> bool,
391 | |         >,
    | |_________^
    |
    = note: the address of the same function can vary between different codegen units
    = note: furthermore, different functions could have the same address after being merged together
    = note: for more information visit <https://doc.rust-lang.org/nightly/core/ptr/fn.fn_addr_eq.html>

warning: function pointer comparisons do not produce meaningful results since their addresses are not guaranteed to be unique
   --> /var/cargo-builds/3c/6184ceb77072ba/test-ci/build/bao-mozjs-sys-8c5bfe5f0d0984fd/out/build/gluebindings.rs:392:9
    |
372 |       #[derive(Debug, Copy, Clone, PartialEq)]
    |                                    --------- in this derive macro expansion
...
392 | /         pub defineProperty: ::std::option::Option<
393 | |             unsafe extern "C" fn(
394 | |                 cx: *mut root::JSContext,
395 | |                 proxy: root::JS::HandleObject,
...   |
399 | |             ) -> bool,
400 | |         >,
    | |_________^
    |
    = note: the address of the same function can vary between different codegen units
    = note: furthermore, different functions could have the same address after being merged together
    = note: for more information visit <https://doc.rust-lang.org/nightly/core/ptr/fn.fn_addr_eq.html>

warning: function pointer comparisons do not produce meaningful results since their addresses are not guaranteed to be unique
   --> /var/cargo-builds/3c/6184ceb77072ba/test-ci/build/bao-mozjs-sys-8c5bfe5f0d0984fd/out/build/gluebindings.rs:401:9
    |
372 |       #[derive(Debug, Copy, Clone, PartialEq)]
    |                                    --------- in this derive macro expansion
...
401 | /         pub ownPropertyKeys: ::std::option::Option<
402 | |             unsafe extern "C" fn(
403 | |                 cx: *mut root::JSContext,
404 | |                 proxy: root::JS::HandleObject,
405 | |                 props: root::JS::MutableHandleIdVector,
406 | |             ) -> bool,
407 | |         >,
    | |_________^
    |
    = note: the address of the same function can vary between different codegen units
    = note: furthermore, different functions could have the same address after being merged together
    = note: for more information visit <https://doc.rust-lang.org/nightly/core/ptr/fn.fn_addr_eq.html>

warning: function pointer comparisons do not produce meaningful results since their addresses are not guaranteed to be unique
   --> /var/cargo-builds/3c/6184ceb77072ba/test-ci/build/bao-mozjs-sys-8c5bfe5f0d0984fd/out/build/gluebindings.rs:408:9
    |
372 |       #[derive(Debug, Copy, Clone, PartialEq)]
    |                                    --------- in this derive macro expansion
...
408 | /         pub delete_: ::std::option::Option<
409 | |             unsafe extern "C" fn(
410 | |                 cx: *mut root::JSContext,
411 | |                 proxy: root::JS::HandleObject,
...   |
414 | |             ) -> bool,
415 | |         >,
    | |_________^
    |
    = note: the address of the same function can vary between different codegen units
    = note: furthermore, different functions could have the same address after being merged together
    = note: for more information visit <https://doc.rust-lang.org/nightly/core/ptr/fn.fn_addr_eq.html>

warning: function pointer comparisons do not produce meaningful results since their addresses are not guaranteed to be unique
   --> /var/cargo-builds/3c/6184ceb77072ba/test-ci/build/bao-mozjs-sys-8c5bfe5f0d0984fd/out/build/gluebindings.rs:416:9
    |
372 |       #[derive(Debug, Copy, Clone, PartialEq)]
    |                                    --------- in this derive macro expansion
...
416 | /         pub enumerate: ::std::option::Option<
417 | |             unsafe extern "C" fn(
418 | |                 cx: *mut root::JSContext,
419 | |                 proxy: root::JS::HandleObject,
420 | |                 props: root::JS::MutableHandleIdVector,
421 | |             ) -> bool,
422 | |         >,
    | |_________^
    |
    = note: the address of the same function can vary between different codegen units
    = note: furthermore, different functions could have the same address after being merged together
    = note: for more information visit <https://doc.rust-lang.org/nightly/core/ptr/fn.fn_addr_eq.html>

warning: function pointer comparisons do not produce meaningful results since their addresses are not guaranteed to be unique
   --> /var/cargo-builds/3c/6184ceb77072ba/test-ci/build/bao-mozjs-sys-8c5bfe5f0d0984fd/out/build/gluebindings.rs:423:9
    |
372 |       #[derive(Debug, Copy, Clone, PartialEq)]
    |                                    --------- in this derive macro expansion
...
423 | /         pub getPrototypeIfOrdinary: ::std::option::Option<
424 | |             unsafe extern "C" fn(
425 | |                 cx: *mut root::JSContext,
426 | |                 proxy: root::JS::HandleObject,
...   |
429 | |             ) -> bool,
430 | |         >,
    | |_________^
    |
    = note: the address of the same function can vary between different codegen units
    = note: furthermore, different functions could have the same address after being merged together
    = note: for more information visit <https://doc.rust-lang.org/nightly/core/ptr/fn.fn_addr_eq.html>

warning: function pointer comparisons do not produce meaningful results since their addresses are not guaranteed to be unique
   --> /var/cargo-builds/3c/6184ceb77072ba/test-ci/build/bao-mozjs-sys-8c5bfe5f0d0984fd/out/build/gluebindings.rs:431:9
    |
372 |       #[derive(Debug, Copy, Clone, PartialEq)]
    |                                    --------- in this derive macro expansion
...
431 | /         pub getPrototype: ::std::option::Option<
432 | |             unsafe extern "C" fn(
433 | |                 cx: *mut root::JSContext,
434 | |                 proxy: root::JS::HandleObject,
435 | |                 protop: root::JS::MutableHandleObject,
436 | |             ) -> bool,
437 | |         >,
    | |_________^
    |
    = note: the address of the same function can vary between different codegen units
    = note: furthermore, different functions could have the same address after being merged together
    = note: for more information visit <https://doc.rust-lang.org/nightly/core/ptr/fn.fn_addr_eq.html>

warning: function pointer comparisons do not produce meaningful results since their addresses are not guaranteed to be unique
   --> /var/cargo-builds/3c/6184ceb77072ba/test-ci/build/bao-mozjs-sys-8c5bfe5f0d0984fd/out/build/gluebindings.rs:438:9
    |
372 |       #[derive(Debug, Copy, Clone, PartialEq)]
    |                                    --------- in this derive macro expansion
...
438 | /         pub setPrototype: ::std::option::Option<
439 | |             unsafe extern "C" fn(
440 | |                 cx: *mut root::JSContext,
441 | |                 proxy: root::JS::HandleObject,
...   |
444 | |             ) -> bool,
445 | |         >,
    | |_________^
    |
    = note: the address of the same function can vary between different codegen units
    = note: furthermore, different functions could have the same address after being merged together
    = note: for more information visit <https://doc.rust-lang.org/nightly/core/ptr/fn.fn_addr_eq.html>

warning: function pointer comparisons do not produce meaningful results since their addresses are not guaranteed to be unique
   --> /var/cargo-builds/3c/6184ceb77072ba/test-ci/build/bao-mozjs-sys-8c5bfe5f0d0984fd/out/build/gluebindings.rs:446:9
    |
372 |       #[derive(Debug, Copy, Clone, PartialEq)]
    |                                    --------- in this derive macro expansion
...
446 | /         pub setImmutablePrototype: ::std::option::Option<
447 | |             unsafe extern "C" fn(
448 | |                 cx: *mut root::JSContext,
449 | |                 proxy: root::JS::HandleObject,
450 | |                 succeeded: *mut bool,
451 | |             ) -> bool,
452 | |         >,
    | |_________^
    |
    = note: the address of the same function can vary between different codegen units
    = note: furthermore, different functions could have the same address after being merged together
    = note: for more information visit <https://doc.rust-lang.org/nightly/core/ptr/fn.fn_addr_eq.html>

warning: function pointer comparisons do not produce meaningful results since their addresses are not guaranteed to be unique
   --> /var/cargo-builds/3c/6184ceb77072ba/test-ci/build/bao-mozjs-sys-8c5bfe5f0d0984fd/out/build/gluebindings.rs:453:9
    |
372 |       #[derive(Debug, Copy, Clone, PartialEq)]
    |                                    --------- in this derive macro expansion
...
453 | /         pub preventExtensions: ::std::option::Option<
454 | |             unsafe extern "C" fn(
455 | |                 cx: *mut root::JSContext,
456 | |                 proxy: root::JS::HandleObject,
457 | |                 result: *mut root::JS::ObjectOpResult,
458 | |             ) -> bool,
459 | |         >,
    | |_________^
    |
    = note: the address of the same function can vary between different codegen units
    = note: furthermore, different functions could have the same address after being merged together
    = note: for more information visit <https://doc.rust-lang.org/nightly/core/ptr/fn.fn_addr_eq.html>

warning: function pointer comparisons do not produce meaningful results since their addresses are not guaranteed to be unique
   --> /var/cargo-builds/3c/6184ceb77072ba/test-ci/build/bao-mozjs-sys-8c5bfe5f0d0984fd/out/build/gluebindings.rs:460:9
    |
372 |       #[derive(Debug, Copy, Clone, PartialEq)]
    |                                    --------- in this derive macro expansion
...
460 | /         pub isExtensible: ::std::option::Option<
461 | |             unsafe extern "C" fn(
462 | |                 cx: *mut root::JSContext,
463 | |                 proxy: root::JS::HandleObject,
464 | |                 succeeded: *mut bool,
465 | |             ) -> bool,
466 | |         >,
    | |_________^
    |
    = note: the address of the same function can vary between different codegen units
    = note: furthermore, different functions could have the same address after being merged together
    = note: for more information visit <https://doc.rust-lang.org/nightly/core/ptr/fn.fn_addr_eq.html>

warning: function pointer comparisons do not produce meaningful results since their addresses are not guaranteed to be unique
   --> /var/cargo-builds/3c/6184ceb77072ba/test-ci/build/bao-mozjs-sys-8c5bfe5f0d0984fd/out/build/gluebindings.rs:467:9
    |
372 |       #[derive(Debug, Copy, Clone, PartialEq)]
    |                                    --------- in this derive macro expansion
...
467 | /         pub has: ::std::option::Option<
468 | |             unsafe extern "C" fn(
469 | |                 cx: *mut root::JSContext,
470 | |                 proxy: root::JS::HandleObject,
...   |
473 | |             ) -> bool,
474 | |         >,
    | |_________^
    |
    = note: the address of the same function can vary between different codegen units
    = note: furthermore, different functions could have the same address after being merged together
    = note: for more information visit <https://doc.rust-lang.org/nightly/core/ptr/fn.fn_addr_eq.html>

warning: function pointer comparisons do not produce meaningful results since their addresses are not guaranteed to be unique
   --> /var/cargo-builds/3c/6184ceb77072ba/test-ci/build/bao-mozjs-sys-8c5bfe5f0d0984fd/out/build/gluebindings.rs:475:9
    |
372 |       #[derive(Debug, Copy, Clone, PartialEq)]
    |                                    --------- in this derive macro expansion
...
475 | /         pub get: ::std::option::Option<
476 | |             unsafe extern "C" fn(
477 | |                 cx: *mut root::JSContext,
478 | |                 proxy: root::JS::HandleObject,
...   |
482 | |             ) -> bool,
483 | |         >,
    | |_________^
    |
    = note: the address of the same function can vary between different codegen units
    = note: furthermore, different functions could have the same address after being merged together
    = note: for more information visit <https://doc.rust-lang.org/nightly/core/ptr/fn.fn_addr_eq.html>

warning: function pointer comparisons do not produce meaningful results since their addresses are not guaranteed to be unique
   --> /var/cargo-builds/3c/6184ceb77072ba/test-ci/build/bao-mozjs-sys-8c5bfe5f0d0984fd/out/build/gluebindings.rs:484:9
    |
372 |       #[derive(Debug, Copy, Clone, PartialEq)]
    |                                    --------- in this derive macro expansion
...
484 | /         pub set: ::std::option::Option<
485 | |             unsafe extern "C" fn(
486 | |                 cx: *mut root::JSContext,
487 | |                 proxy: root::JS::HandleObject,
...   |
492 | |             ) -> bool,
493 | |         >,
    | |_________^
    |
    = note: the address of the same function can vary between different codegen units
    = note: furthermore, different functions could have the same address after being merged together
    = note: for more information visit <https://doc.rust-lang.org/nightly/core/ptr/fn.fn_addr_eq.html>

warning: function pointer comparisons do not produce meaningful results since their addresses are not guaranteed to be unique
   --> /var/cargo-builds/3c/6184ceb77072ba/test-ci/build/bao-mozjs-sys-8c5bfe5f0d0984fd/out/build/gluebindings.rs:494:9
    |
372 |       #[derive(Debug, Copy, Clone, PartialEq)]
    |                                    --------- in this derive macro expansion
...
494 | /         pub call: ::std::option::Option<
495 | |             unsafe extern "C" fn(
496 | |                 cx: *mut root::JSContext,
497 | |                 proxy: root::JS::HandleObject,
498 | |                 args: *const root::JS::CallArgs,
499 | |             ) -> bool,
500 | |         >,
    | |_________^
    |
    = note: the address of the same function can vary between different codegen units
    = note: furthermore, different functions could have the same address after being merged together
    = note: for more information visit <https://doc.rust-lang.org/nightly/core/ptr/fn.fn_addr_eq.html>

warning: function pointer comparisons do not produce meaningful results since their addresses are not guaranteed to be unique
   --> /var/cargo-builds/3c/6184ceb77072ba/test-ci/build/bao-mozjs-sys-8c5bfe5f0d0984fd/out/build/gluebindings.rs:501:9
    |
372 |       #[derive(Debug, Copy, Clone, PartialEq)]
    |                                    --------- in this derive macro expansion
...
501 | /         pub construct: ::std::option::Option<
502 | |             unsafe extern "C" fn(
503 | |                 cx: *mut root::JSContext,
504 | |                 proxy: root::JS::HandleObject,
505 | |                 args: *const root::JS::CallArgs,
506 | |             ) -> bool,
507 | |         >,
    | |_________^
    |
    = note: the address of the same function can vary between different codegen units
    = note: furthermore, different functions could have the same address after being merged together
    = note: for more information visit <https://doc.rust-lang.org/nightly/core/ptr/fn.fn_addr_eq.html>

warning: function pointer comparisons do not produce meaningful results since their addresses are not guaranteed to be unique
   --> /var/cargo-builds/3c/6184ceb77072ba/test-ci/build/bao-mozjs-sys-8c5bfe5f0d0984fd/out/build/gluebindings.rs:508:9
    |
372 |       #[derive(Debug, Copy, Clone, PartialEq)]
    |                                    --------- in this derive macro expansion
...
508 | /         pub hasOwn: ::std::option::Option<
509 | |             unsafe extern "C" fn(
510 | |                 cx: *mut root::JSContext,
511 | |                 proxy: root::JS::HandleObject,
...   |
514 | |             ) -> bool,
515 | |         >,
    | |_________^
    |
    = note: the address of the same function can vary between different codegen units
    = note: furthermore, different functions could have the same address after being merged together
    = note: for more information visit <https://doc.rust-lang.org/nightly/core/ptr/fn.fn_addr_eq.html>

warning: function pointer comparisons do not produce meaningful results since their addresses are not guaranteed to be unique
   --> /var/cargo-builds/3c/6184ceb77072ba/test-ci/build/bao-mozjs-sys-8c5bfe5f0d0984fd/out/build/gluebindings.rs:516:9
    |
372 |       #[derive(Debug, Copy, Clone, PartialEq)]
    |                                    --------- in this derive macro expansion
...
516 | /         pub getOwnEnumerablePropertyKeys: ::std::option::Option<
517 | |             unsafe extern "C" fn(
518 | |                 cx: *mut root::JSContext,
519 | |                 proxy: root::JS::HandleObject,
520 | |                 props: root::JS::MutableHandleIdVector,
521 | |             ) -> bool,
522 | |         >,
    | |_________^
    |
    = note: the address of the same function can vary between different codegen units
    = note: furthermore, different functions could have the same address after being merged together
    = note: for more information visit <https://doc.rust-lang.org/nightly/core/ptr/fn.fn_addr_eq.html>

warning: function pointer comparisons do not produce meaningful results since their addresses are not guaranteed to be unique
   --> /var/cargo-builds/3c/6184ceb77072ba/test-ci/build/bao-mozjs-sys-8c5bfe5f0d0984fd/out/build/gluebindings.rs:523:9
    |
372 |       #[derive(Debug, Copy, Clone, PartialEq)]
    |                                    --------- in this derive macro expansion
...
523 | /         pub nativeCall: ::std::option::Option<
524 | |             unsafe extern "C" fn(
525 | |                 cx: *mut root::JSContext,
526 | |                 test: root::JS::IsAcceptableThis,
...   |
529 | |             ) -> bool,
530 | |         >,
    | |_________^
    |
    = note: the address of the same function can vary between different codegen units
    = note: furthermore, different functions could have the same address after being merged together
    = note: for more information visit <https://doc.rust-lang.org/nightly/core/ptr/fn.fn_addr_eq.html>

warning: function pointer comparisons do not produce meaningful results since their addresses are not guaranteed to be unique
   --> /var/cargo-builds/3c/6184ceb77072ba/test-ci/build/bao-mozjs-sys-8c5bfe5f0d0984fd/out/build/gluebindings.rs:531:9
    |
372 |       #[derive(Debug, Copy, Clone, PartialEq)]
    |                                    --------- in this derive macro expansion
...
531 | /         pub objectClassIs: ::std::option::Option<
532 | |             unsafe extern "C" fn(
533 | |                 obj: root::JS::HandleObject,
534 | |                 classValue: root::js::ESClass,
535 | |                 cx: *mut root::JSContext,
536 | |             ) -> bool,
537 | |         >,
    | |_________^
    |
    = note: the address of the same function can vary between different codegen units
    = note: furthermore, different functions could have the same address after being merged together
    = note: for more information visit <https://doc.rust-lang.org/nightly/core/ptr/fn.fn_addr_eq.html>

warning: function pointer comparisons do not produce meaningful results since their addresses are not guaranteed to be unique
   --> /var/cargo-builds/3c/6184ceb77072ba/test-ci/build/bao-mozjs-sys-8c5bfe5f0d0984fd/out/build/gluebindings.rs:538:9
    |
372 |       #[derive(Debug, Copy, Clone, PartialEq)]
    |                                    --------- in this derive macro expansion
...
538 | /         pub className: ::std::option::Option<
539 | |             unsafe extern "C" fn(
540 | |                 cx: *mut root::JSContext,
541 | |                 proxy: root::JS::HandleObject,
542 | |             ) -> *const ::std::os::raw::c_char,
543 | |         >,
    | |_________^
    |
    = note: the address of the same function can vary between different codegen units
    = note: furthermore, different functions could have the same address after being merged together
    = note: for more information visit <https://doc.rust-lang.org/nightly/core/ptr/fn.fn_addr_eq.html>

warning: function pointer comparisons do not produce meaningful results since their addresses are not guaranteed to be unique
   --> /var/cargo-builds/3c/6184ceb77072ba/test-ci/build/bao-mozjs-sys-8c5bfe5f0d0984fd/out/build/gluebindings.rs:544:9
    |
372 |       #[derive(Debug, Copy, Clone, PartialEq)]
    |                                    --------- in this derive macro expansion
...
544 | /         pub fun_toString: ::std::option::Option<
545 | |             unsafe extern "C" fn(
546 | |                 cx: *mut root::JSContext,
547 | |                 proxy: root::JS::HandleObject,
548 | |                 isToString: bool,
549 | |             ) -> *mut root::JSString,
550 | |         >,
    | |_________^
    |
    = note: the address of the same function can vary between different codegen units
    = note: furthermore, different functions could have the same address after being merged together
    = note: for more information visit <https://doc.rust-lang.org/nightly/core/ptr/fn.fn_addr_eq.html>

warning: function pointer comparisons do not produce meaningful results since their addresses are not guaranteed to be unique
   --> /var/cargo-builds/3c/6184ceb77072ba/test-ci/build/bao-mozjs-sys-8c5bfe5f0d0984fd/out/build/gluebindings.rs:551:9
    |
372 |       #[derive(Debug, Copy, Clone, PartialEq)]
    |                                    --------- in this derive macro expansion
...
551 | /         pub boxedValue_unbox: ::std::option::Option<
552 | |             unsafe extern "C" fn(
553 | |                 cx: *mut root::JSContext,
554 | |                 proxy: root::JS::HandleObject,
555 | |                 vp: root::JS::MutableHandleValue,
556 | |             ) -> bool,
557 | |         >,
    | |_________^
    |
    = note: the address of the same function can vary between different codegen units
    = note: furthermore, different functions could have the same address after being merged together
    = note: for more information visit <https://doc.rust-lang.org/nightly/core/ptr/fn.fn_addr_eq.html>

warning: function pointer comparisons do not produce meaningful results since their addresses are not guaranteed to be unique
   --> /var/cargo-builds/3c/6184ceb77072ba/test-ci/build/bao-mozjs-sys-8c5bfe5f0d0984fd/out/build/gluebindings.rs:558:9
    |
372 |       #[derive(Debug, Copy, Clone, PartialEq)]
    |                                    --------- in this derive macro expansion
...
558 | /         pub defaultValue: ::std::option::Option<
559 | |             unsafe extern "C" fn(
560 | |                 cx: *mut root::JSContext,
561 | |                 obj: root::JS::HandleObject,
...   |
564 | |             ) -> bool,
565 | |         >,
    | |_________^
    |
    = note: the address of the same function can vary between different codegen units
    = note: furthermore, different functions could have the same address after being merged together
    = note: for more information visit <https://doc.rust-lang.org/nightly/core/ptr/fn.fn_addr_eq.html>

warning: function pointer comparisons do not produce meaningful results since their addresses are not guaranteed to be unique
   --> /var/cargo-builds/3c/6184ceb77072ba/test-ci/build/bao-mozjs-sys-8c5bfe5f0d0984fd/out/build/gluebindings.rs:566:9
    |
372 |       #[derive(Debug, Copy, Clone, PartialEq)]
    |                                    --------- in this derive macro expansion
...
566 | /         pub trace: ::std::option::Option<
567 | |             unsafe extern "C" fn(trc: *mut root::JSTracer, proxy: *mut root::JSObject),
568 | |         >,
    | |_________^
    |
    = note: the address of the same function can vary between different codegen units
    = note: furthermore, different functions could have the same address after being merged together
    = note: for more information visit <https://doc.rust-lang.org/nightly/core/ptr/fn.fn_addr_eq.html>

warning: function pointer comparisons do not produce meaningful results since their addresses are not guaranteed to be unique
   --> /var/cargo-builds/3c/6184ceb77072ba/test-ci/build/bao-mozjs-sys-8c5bfe5f0d0984fd/out/build/gluebindings.rs:569:9
    |
372 |       #[derive(Debug, Copy, Clone, PartialEq)]
    |                                    --------- in this derive macro expansion
...
569 | /         pub finalize: ::std::option::Option<
570 | |             unsafe extern "C" fn(cx: *mut root::JS::GCContext, proxy: *mut root::JSObject),
571 | |         >,
    | |_________^
    |
    = note: the address of the same function can vary between different codegen units
    = note: furthermore, different functions could have the same address after being merged together
    = note: for more information visit <https://doc.rust-lang.org/nightly/core/ptr/fn.fn_addr_eq.html>

warning: function pointer comparisons do not produce meaningful results since their addresses are not guaranteed to be unique
   --> /var/cargo-builds/3c/6184ceb77072ba/test-ci/build/bao-mozjs-sys-8c5bfe5f0d0984fd/out/build/gluebindings.rs:572:9
    |
372 |       #[derive(Debug, Copy, Clone, PartialEq)]
    |                                    --------- in this derive macro expansion
...
572 | /         pub objectMoved: ::std::option::Option<
573 | |             unsafe extern "C" fn(proxy: *mut root::JSObject, old: *mut root::JSObject) -> usize,
574 | |         >,
    | |_________^
    |
    = note: the address of the same function can vary between different codegen units
    = note: furthermore, different functions could have the same address after being merged together
    = note: for more information visit <https://doc.rust-lang.org/nightly/core/ptr/fn.fn_addr_eq.html>

warning: function pointer comparisons do not produce meaningful results since their addresses are not guaranteed to be unique
   --> /var/cargo-builds/3c/6184ceb77072ba/test-ci/build/bao-mozjs-sys-8c5bfe5f0d0984fd/out/build/gluebindings.rs:575:9
    |
372 |       #[derive(Debug, Copy, Clone, PartialEq)]
    |                                    --------- in this derive macro expansion
...
575 | /         pub isCallable:
576 | |             ::std::option::Option<unsafe extern "C" fn(obj: *mut root::JSObject) -> bool>,
    | |_________________________________________________________________________________________^
    |
    = note: the address of the same function can vary between different codegen units
    = note: furthermore, different functions could have the same address after being merged together
    = note: for more information visit <https://doc.rust-lang.org/nightly/core/ptr/fn.fn_addr_eq.html>

warning: function pointer comparisons do not produce meaningful results since their addresses are not guaranteed to be unique
   --> /var/cargo-builds/3c/6184ceb77072ba/test-ci/build/bao-mozjs-sys-8c5bfe5f0d0984fd/out/build/gluebindings.rs:577:9
    |
372 |       #[derive(Debug, Copy, Clone, PartialEq)]
    |                                    --------- in this derive macro expansion
...
577 | /         pub isConstructor:
578 | |             ::std::option::Option<unsafe extern "C" fn(obj: *mut root::JSObject) -> bool>,
    | |_________________________________________________________________________________________^
    |
    = note: the address of the same function can vary between different codegen units
    = note: furthermore, different functions could have the same address after being merged together
    = note: for more information visit <https://doc.rust-lang.org/nightly/core/ptr/fn.fn_addr_eq.html>

warning: function pointer comparisons do not produce meaningful results since their addresses are not guaranteed to be unique
   --> /var/cargo-builds/3c/6184ceb77072ba/test-ci/build/bao-mozjs-sys-8c5bfe5f0d0984fd/out/build/gluebindings.rs:734:9
    |
732 |       #[derive(Debug, Copy, Clone, PartialEq)]
    |                                    --------- in this derive macro expansion
733 |       pub struct JSPrincipalsCallbacks {
734 | /         pub write: ::std::option::Option<
735 | |             unsafe extern "C" fn(
736 | |                 arg1: *mut root::JSPrincipals,
737 | |                 cx: *mut root::JSContext,
738 | |                 writer: *mut root::JSStructuredCloneWriter,
739 | |             ) -> bool,
740 | |         >,
    | |_________^
    |
    = note: the address of the same function can vary between different codegen units
    = note: furthermore, different functions could have the same address after being merged together
    = note: for more information visit <https://doc.rust-lang.org/nightly/core/ptr/fn.fn_addr_eq.html>

warning: function pointer comparisons do not produce meaningful results since their addresses are not guaranteed to be unique
   --> /var/cargo-builds/3c/6184ceb77072ba/test-ci/build/bao-mozjs-sys-8c5bfe5f0d0984fd/out/build/gluebindings.rs:741:9
    |
732 |       #[derive(Debug, Copy, Clone, PartialEq)]
    |                                    --------- in this derive macro expansion
...
741 | /         pub isSystemOrAddonPrincipal:
742 | |             ::std::option::Option<unsafe extern "C" fn(arg1: *mut root::JSPrincipals) -> bool>,
    | |______________________________________________________________________________________________^
    |
    = note: the address of the same function can vary between different codegen units
    = note: furthermore, different functions could have the same address after being merged together
    = note: for more information visit <https://doc.rust-lang.org/nightly/core/ptr/fn.fn_addr_eq.html>

warning: function pointer comparisons do not produce meaningful results since their addresses are not guaranteed to be unique
    --> /var/cargo-builds/3c/6184ceb77072ba/test-ci/build/bao-mozjs-sys-8c5bfe5f0d0984fd/out/build/gluebindings.rs:1383:9
     |
1381 |     #[derive(Debug, Copy, Clone, PartialEq)]
     |                                  --------- in this derive macro expansion
1382 |     pub struct EventLoopCallbackData {
1383 |         pub dispatchCallback: root::RustDispatchToEventLoopCallback,
     |         ^^^^^^^^^^^^^^^^^^^^^^^^^^^^^^^^^^^^^^^^^^^^^^^^^^^^^^^^^^^
     |
     = note: the address of the same function can vary between different codegen units
     = note: furthermore, different functions could have the same address after being merged together
     = note: for more information visit <https://doc.rust-lang.org/nightly/core/ptr/fn.fn_addr_eq.html>

warning: function pointer comparisons do not produce meaningful results since their addresses are not guaranteed to be unique
     --> /var/cargo-builds/3c/6184ceb77072ba/test-ci/build/bao-mozjs-sys-8c5bfe5f0d0984fd/out/build/jsapi.rs:15677:9
      |
15675 |     #[derive(Debug, Copy, Clone, PartialEq)]
      |                                  --------- in this derive macro expansion
15676 |     pub struct JSClassOps {
15677 |         pub addProperty: root::JSAddPropertyOp,
      |         ^^^^^^^^^^^^^^^^^^^^^^^^^^^^^^^^^^^^^^
      |
      = note: the address of the same function can vary between different codegen units
      = note: furthermore, different functions could have the same address after being merged together
      = note: for more information visit <https://doc.rust-lang.org/nightly/core/ptr/fn.fn_addr_eq.html>

warning: function pointer comparisons do not produce meaningful results since their addresses are not guaranteed to be unique
     --> /var/cargo-builds/3c/6184ceb77072ba/test-ci/build/bao-mozjs-sys-8c5bfe5f0d0984fd/out/build/jsapi.rs:15678:9
      |
15675 |     #[derive(Debug, Copy, Clone, PartialEq)]
      |                                  --------- in this derive macro expansion
...
15678 |         pub delProperty: root::JSDeletePropertyOp,
      |         ^^^^^^^^^^^^^^^^^^^^^^^^^^^^^^^^^^^^^^^^^
      |
      = note: the address of the same function can vary between different codegen units
      = note: furthermore, different functions could have the same address after being merged together
      = note: for more information visit <https://doc.rust-lang.org/nightly/core/ptr/fn.fn_addr_eq.html>

warning: function pointer comparisons do not produce meaningful results since their addresses are not guaranteed to be unique
     --> /var/cargo-builds/3c/6184ceb77072ba/test-ci/build/bao-mozjs-sys-8c5bfe5f0d0984fd/out/build/jsapi.rs:15679:9
      |
15675 |     #[derive(Debug, Copy, Clone, PartialEq)]
      |                                  --------- in this derive macro expansion
...
15679 |         pub enumerate: root::JSEnumerateOp,
      |         ^^^^^^^^^^^^^^^^^^^^^^^^^^^^^^^^^^
      |
      = note: the address of the same function can vary between different codegen units
      = note: furthermore, different functions could have the same address after being merged together
      = note: for more information visit <https://doc.rust-lang.org/nightly/core/ptr/fn.fn_addr_eq.html>

warning: function pointer comparisons do not produce meaningful results since their addresses are not guaranteed to be unique
     --> /var/cargo-builds/3c/6184ceb77072ba/test-ci/build/bao-mozjs-sys-8c5bfe5f0d0984fd/out/build/jsapi.rs:15680:9
      |
15675 |     #[derive(Debug, Copy, Clone, PartialEq)]
      |                                  --------- in this derive macro expansion
...
15680 |         pub newEnumerate: root::JSNewEnumerateOp,
      |         ^^^^^^^^^^^^^^^^^^^^^^^^^^^^^^^^^^^^^^^^
      |
      = note: the address of the same function can vary between different codegen units
      = note: furthermore, different functions could have the same address after being merged together
      = note: for more information visit <https://doc.rust-lang.org/nightly/core/ptr/fn.fn_addr_eq.html>

warning: function pointer comparisons do not produce meaningful results since their addresses are not guaranteed to be unique
     --> /var/cargo-builds/3c/6184ceb77072ba/test-ci/build/bao-mozjs-sys-8c5bfe5f0d0984fd/out/build/jsapi.rs:15681:9
      |
15675 |     #[derive(Debug, Copy, Clone, PartialEq)]
      |                                  --------- in this derive macro expansion
...
15681 |         pub resolve: root::JSResolveOp,
      |         ^^^^^^^^^^^^^^^^^^^^^^^^^^^^^^
      |
      = note: the address of the same function can vary between different codegen units
      = note: furthermore, different functions could have the same address after being merged together
      = note: for more information visit <https://doc.rust-lang.org/nightly/core/ptr/fn.fn_addr_eq.html>

warning: function pointer comparisons do not produce meaningful results since their addresses are not guaranteed to be unique
     --> /var/cargo-builds/3c/6184ceb77072ba/test-ci/build/bao-mozjs-sys-8c5bfe5f0d0984fd/out/build/jsapi.rs:15682:9
      |
15675 |     #[derive(Debug, Copy, Clone, PartialEq)]
      |                                  --------- in this derive macro expansion
...
15682 |         pub mayResolve: root::JSMayResolveOp,
      |         ^^^^^^^^^^^^^^^^^^^^^^^^^^^^^^^^^^^^
      |
      = note: the address of the same function can vary between different codegen units
      = note: furthermore, different functions could have the same address after being merged together
      = note: for more information visit <https://doc.rust-lang.org/nightly/core/ptr/fn.fn_addr_eq.html>

warning: function pointer comparisons do not produce meaningful results since their addresses are not guaranteed to be unique
     --> /var/cargo-builds/3c/6184ceb77072ba/test-ci/build/bao-mozjs-sys-8c5bfe5f0d0984fd/out/build/jsapi.rs:15683:9
      |
15675 |     #[derive(Debug, Copy, Clone, PartialEq)]
      |                                  --------- in this derive macro expansion
...
15683 |         pub finalize: root::JSFinalizeOp,
      |         ^^^^^^^^^^^^^^^^^^^^^^^^^^^^^^^^
      |
      = note: the address of the same function can vary between different codegen units
      = note: furthermore, different functions could have the same address after being merged together
      = note: for more information visit <https://doc.rust-lang.org/nightly/core/ptr/fn.fn_addr_eq.html>

warning: function pointer comparisons do not produce meaningful results since their addresses are not guaranteed to be unique
     --> /var/cargo-builds/3c/6184ceb77072ba/test-ci/build/bao-mozjs-sys-8c5bfe5f0d0984fd/out/build/jsapi.rs:15684:9
      |
15675 |     #[derive(Debug, Copy, Clone, PartialEq)]
      |                                  --------- in this derive macro expansion
...
15684 |         pub call: root::JSNative,
      |         ^^^^^^^^^^^^^^^^^^^^^^^^
      |
      = note: the address of the same function can vary between different codegen units
      = note: furthermore, different functions could have the same address after being merged together
      = note: for more information visit <https://doc.rust-lang.org/nightly/core/ptr/fn.fn_addr_eq.html>

warning: function pointer comparisons do not produce meaningful results since their addresses are not guaranteed to be unique
     --> /var/cargo-builds/3c/6184ceb77072ba/test-ci/build/bao-mozjs-sys-8c5bfe5f0d0984fd/out/build/jsapi.rs:15685:9
      |
15675 |     #[derive(Debug, Copy, Clone, PartialEq)]
      |                                  --------- in this derive macro expansion
...
15685 |         pub construct: root::JSNative,
      |         ^^^^^^^^^^^^^^^^^^^^^^^^^^^^^
      |
      = note: the address of the same function can vary between different codegen units
      = note: furthermore, different functions could have the same address after being merged together
      = note: for more information visit <https://doc.rust-lang.org/nightly/core/ptr/fn.fn_addr_eq.html>

warning: function pointer comparisons do not produce meaningful results since their addresses are not guaranteed to be unique
     --> /var/cargo-builds/3c/6184ceb77072ba/test-ci/build/bao-mozjs-sys-8c5bfe5f0d0984fd/out/build/jsapi.rs:15686:9
      |
15675 |     #[derive(Debug, Copy, Clone, PartialEq)]
      |                                  --------- in this derive macro expansion
...
15686 |         pub trace: root::JSTraceOp,
      |         ^^^^^^^^^^^^^^^^^^^^^^^^^^
      |
      = note: the address of the same function can vary between different codegen units
      = note: furthermore, different functions could have the same address after being merged together
      = note: for more information visit <https://doc.rust-lang.org/nightly/core/ptr/fn.fn_addr_eq.html>

warning: function pointer comparisons do not produce meaningful results since their addresses are not guaranteed to be unique
     --> /var/cargo-builds/3c/6184ceb77072ba/test-ci/build/bao-mozjs-sys-8c5bfe5f0d0984fd/out/build/jsapi.rs:16837:9
      |
16835 |     #[derive(Debug, Copy, Clone, PartialEq)]
      |                                  --------- in this derive macro expansion
16836 |     pub struct JSSecurityCallbacks {
16837 |         pub contentSecurityPolicyAllows: root::JSCSPEvalChecker,
      |         ^^^^^^^^^^^^^^^^^^^^^^^^^^^^^^^^^^^^^^^^^^^^^^^^^^^^^^^
      |
      = note: the address of the same function can vary between different codegen units
      = note: furthermore, different functions could have the same address after being merged together
      = note: for more information visit <https://doc.rust-lang.org/nightly/core/ptr/fn.fn_addr_eq.html>

warning: function pointer comparisons do not produce meaningful results since their addresses are not guaranteed to be unique
     --> /var/cargo-builds/3c/6184ceb77072ba/test-ci/build/bao-mozjs-sys-8c5bfe5f0d0984fd/out/build/jsapi.rs:16838:9
      |
16835 |     #[derive(Debug, Copy, Clone, PartialEq)]
      |                                  --------- in this derive macro expansion
...
16838 |         pub codeForEvalGets: root::JSCodeForEvalOp,
      |         ^^^^^^^^^^^^^^^^^^^^^^^^^^^^^^^^^^^^^^^^^^
      |
      = note: the address of the same function can vary between different codegen units
      = note: furthermore, different functions could have the same address after being merged together
      = note: for more information visit <https://doc.rust-lang.org/nightly/core/ptr/fn.fn_addr_eq.html>

warning: function pointer comparisons do not produce meaningful results since their addresses are not guaranteed to be unique
     --> /var/cargo-builds/3c/6184ceb77072ba/test-ci/build/bao-mozjs-sys-8c5bfe5f0d0984fd/out/build/jsapi.rs:16839:9
      |
16835 |     #[derive(Debug, Copy, Clone, PartialEq)]
      |                                  --------- in this derive macro expansion
...
16839 |         pub subsumes: root::JSSubsumesOp,
      |         ^^^^^^^^^^^^^^^^^^^^^^^^^^^^^^^^
      |
      = note: the address of the same function can vary between different codegen units
      = note: furthermore, different functions could have the same address after being merged together
      = note: for more information visit <https://doc.rust-lang.org/nightly/core/ptr/fn.fn_addr_eq.html>

warning: function pointer comparisons do not produce meaningful results since their addresses are not guaranteed to be unique
     --> /var/cargo-builds/3c/6184ceb77072ba/test-ci/build/bao-mozjs-sys-8c5bfe5f0d0984fd/out/build/jsapi.rs:17642:9
      |
17640 |     #[derive(Debug, Copy, Clone, PartialEq)]
      |                                  --------- in this derive macro expansion
17641 |     pub struct JSNativeWrapper {
17642 |         pub op: root::JSNative,
      |         ^^^^^^^^^^^^^^^^^^^^^^
      |
      = note: the address of the same function can vary between different codegen units
      = note: furthermore, different functions could have the same address after being merged together
      = note: for more information visit <https://doc.rust-lang.org/nightly/core/ptr/fn.fn_addr_eq.html>

warning: function pointer comparisons do not produce meaningful results since their addresses are not guaranteed to be unique
     --> /var/cargo-builds/3c/6184ceb77072ba/test-ci/build/bao-mozjs-sys-8c5bfe5f0d0984fd/out/build/jsapi.rs:17666:9
      |
17664 |     #[derive(Debug, Copy, Clone, PartialEq)]
      |                                  --------- in this derive macro expansion
17665 |     pub struct JSPropertySpec_SelfHostedWrapper {
17666 |         pub unused: root::JSNative,
      |         ^^^^^^^^^^^^^^^^^^^^^^^^^^
      |
      = note: the address of the same function can vary between different codegen units
      = note: furthermore, different functions could have the same address after being merged together
      = note: for more information visit <https://doc.rust-lang.org/nightly/core/ptr/fn.fn_addr_eq.html>

warning: function pointer comparisons do not produce meaningful results since their addresses are not guaranteed to be unique
     --> /var/cargo-builds/3c/6184ceb77072ba/test-ci/build/bao-mozjs-sys-8c5bfe5f0d0984fd/out/build/jsapi.rs:18155:9
      |
18153 |     #[derive(Debug, Copy, Clone, PartialEq)]
      |                                  --------- in this derive macro expansion
18154 |     pub struct JSWrapObjectCallbacks {
18155 |         pub wrap: root::JSWrapObjectCallback,
      |         ^^^^^^^^^^^^^^^^^^^^^^^^^^^^^^^^^^^^
      |
      = note: the address of the same function can vary between different codegen units
      = note: furthermore, different functions could have the same address after being merged together
      = note: for more information visit <https://doc.rust-lang.org/nightly/core/ptr/fn.fn_addr_eq.html>

warning: function pointer comparisons do not produce meaningful results since their addresses are not guaranteed to be unique
     --> /var/cargo-builds/3c/6184ceb77072ba/test-ci/build/bao-mozjs-sys-8c5bfe5f0d0984fd/out/build/jsapi.rs:18156:9
      |
18153 |     #[derive(Debug, Copy, Clone, PartialEq)]
      |                                  --------- in this derive macro expansion
...
18156 |         pub preWrap: root::JSPreWrapCallback,
      |         ^^^^^^^^^^^^^^^^^^^^^^^^^^^^^^^^^^^^
      |
      = note: the address of the same function can vary between different codegen units
      = note: furthermore, different functions could have the same address after being merged together
      = note: for more information visit <https://doc.rust-lang.org/nightly/core/ptr/fn.fn_addr_eq.html>

warning: function pointer comparisons do not produce meaningful results since their addresses are not guaranteed to be unique
     --> /var/cargo-builds/3c/6184ceb77072ba/test-ci/build/bao-mozjs-sys-8c5bfe5f0d0984fd/out/build/jsapi.rs:19062:9
      |
19060 |     #[derive(Debug, Copy, Clone, PartialEq)]
      |                                  --------- in this derive macro expansion
19061 |     pub struct JSLocaleCallbacks {
19062 |         pub localeToUpperCase: root::JSLocaleToUpperCase,
      |         ^^^^^^^^^^^^^^^^^^^^^^^^^^^^^^^^^^^^^^^^^^^^^^^^
      |
      = note: the address of the same function can vary between different codegen units
      = note: furthermore, different functions could have the same address after being merged together
      = note: for more information visit <https://doc.rust-lang.org/nightly/core/ptr/fn.fn_addr_eq.html>

warning: function pointer comparisons do not produce meaningful results since their addresses are not guaranteed to be unique
     --> /var/cargo-builds/3c/6184ceb77072ba/test-ci/build/bao-mozjs-sys-8c5bfe5f0d0984fd/out/build/jsapi.rs:19063:9
      |
19060 |     #[derive(Debug, Copy, Clone, PartialEq)]
      |                                  --------- in this derive macro expansion
...
19063 |         pub localeToLowerCase: root::JSLocaleToLowerCase,
      |         ^^^^^^^^^^^^^^^^^^^^^^^^^^^^^^^^^^^^^^^^^^^^^^^^
      |
      = note: the address of the same function can vary between different codegen units
      = note: furthermore, different functions could have the same address after being merged together
      = note: for more information visit <https://doc.rust-lang.org/nightly/core/ptr/fn.fn_addr_eq.html>

warning: function pointer comparisons do not produce meaningful results since their addresses are not guaranteed to be unique
     --> /var/cargo-builds/3c/6184ceb77072ba/test-ci/build/bao-mozjs-sys-8c5bfe5f0d0984fd/out/build/jsapi.rs:19064:9
      |
19060 |     #[derive(Debug, Copy, Clone, PartialEq)]
      |                                  --------- in this derive macro expansion
...
19064 |         pub localeCompare: root::JSLocaleCompare,
      |         ^^^^^^^^^^^^^^^^^^^^^^^^^^^^^^^^^^^^^^^^
      |
      = note: the address of the same function can vary between different codegen units
      = note: furthermore, different functions could have the same address after being merged together
      = note: for more information visit <https://doc.rust-lang.org/nightly/core/ptr/fn.fn_addr_eq.html>

warning: function pointer comparisons do not produce meaningful results since their addresses are not guaranteed to be unique
     --> /var/cargo-builds/3c/6184ceb77072ba/test-ci/build/bao-mozjs-sys-8c5bfe5f0d0984fd/out/build/jsapi.rs:19065:9
      |
19060 |     #[derive(Debug, Copy, Clone, PartialEq)]
      |                                  --------- in this derive macro expansion
...
19065 |         pub localeToUnicode: root::JSLocaleToUnicode,
      |         ^^^^^^^^^^^^^^^^^^^^^^^^^^^^^^^^^^^^^^^^^^^^
      |
      = note: the address of the same function can vary between different codegen units
      = note: furthermore, different functions could have the same address after being merged together
      = note: for more information visit <https://doc.rust-lang.org/nightly/core/ptr/fn.fn_addr_eq.html>

warning: function pointer comparisons do not produce meaningful results since their addresses are not guaranteed to be unique
     --> /var/cargo-builds/3c/6184ceb77072ba/test-ci/build/bao-mozjs-sys-8c5bfe5f0d0984fd/out/build/jsapi.rs:19178:9
      |
19176 |     #[derive(Debug, Copy, Clone, PartialEq)]
      |                                  --------- in this derive macro expansion
19177 |     pub struct JSStructuredCloneCallbacks {
19178 |         pub read: root::ReadStructuredCloneOp,
      |         ^^^^^^^^^^^^^^^^^^^^^^^^^^^^^^^^^^^^^
      |
      = note: the address of the same function can vary between different codegen units
      = note: furthermore, different functions could have the same address after being merged together
      = note: for more information visit <https://doc.rust-lang.org/nightly/core/ptr/fn.fn_addr_eq.html>

warning: function pointer comparisons do not produce meaningful results since their addresses are not guaranteed to be unique
     --> /var/cargo-builds/3c/6184ceb77072ba/test-ci/build/bao-mozjs-sys-8c5bfe5f0d0984fd/out/build/jsapi.rs:19179:9
      |
19176 |     #[derive(Debug, Copy, Clone, PartialEq)]
      |                                  --------- in this derive macro expansion
...
19179 |         pub write: root::WriteStructuredCloneOp,
      |         ^^^^^^^^^^^^^^^^^^^^^^^^^^^^^^^^^^^^^^^
      |
      = note: the address of the same function can vary between different codegen units
      = note: furthermore, different functions could have the same address after being merged together
      = note: for more information visit <https://doc.rust-lang.org/nightly/core/ptr/fn.fn_addr_eq.html>

warning: function pointer comparisons do not produce meaningful results since their addresses are not guaranteed to be unique
     --> /var/cargo-builds/3c/6184ceb77072ba/test-ci/build/bao-mozjs-sys-8c5bfe5f0d0984fd/out/build/jsapi.rs:19180:9
      |
19176 |     #[derive(Debug, Copy, Clone, PartialEq)]
      |                                  --------- in this derive macro expansion
...
19180 |         pub reportError: root::StructuredCloneErrorOp,
      |         ^^^^^^^^^^^^^^^^^^^^^^^^^^^^^^^^^^^^^^^^^^^^^
      |
      = note: the address of the same function can vary between different codegen units
      = note: furthermore, different functions could have the same address after being merged together
      = note: for more information visit <https://doc.rust-lang.org/nightly/core/ptr/fn.fn_addr_eq.html>

warning: function pointer comparisons do not produce meaningful results since their addresses are not guaranteed to be unique
     --> /var/cargo-builds/3c/6184ceb77072ba/test-ci/build/bao-mozjs-sys-8c5bfe5f0d0984fd/out/build/jsapi.rs:19181:9
      |
19176 |     #[derive(Debug, Copy, Clone, PartialEq)]
      |                                  --------- in this derive macro expansion
...
19181 |         pub readTransfer: root::ReadTransferStructuredCloneOp,
      |         ^^^^^^^^^^^^^^^^^^^^^^^^^^^^^^^^^^^^^^^^^^^^^^^^^^^^^
      |
      = note: the address of the same function can vary between different codegen units
      = note: furthermore, different functions could have the same address after being merged together
      = note: for more information visit <https://doc.rust-lang.org/nightly/core/ptr/fn.fn_addr_eq.html>

warning: function pointer comparisons do not produce meaningful results since their addresses are not guaranteed to be unique
     --> /var/cargo-builds/3c/6184ceb77072ba/test-ci/build/bao-mozjs-sys-8c5bfe5f0d0984fd/out/build/jsapi.rs:19182:9
      |
19176 |     #[derive(Debug, Copy, Clone, PartialEq)]
      |                                  --------- in this derive macro expansion
...
19182 |         pub writeTransfer: root::TransferStructuredCloneOp,
      |         ^^^^^^^^^^^^^^^^^^^^^^^^^^^^^^^^^^^^^^^^^^^^^^^^^^
      |
      = note: the address of the same function can vary between different codegen units
      = note: furthermore, different functions could have the same address after being merged together
      = note: for more information visit <https://doc.rust-lang.org/nightly/core/ptr/fn.fn_addr_eq.html>

warning: function pointer comparisons do not produce meaningful results since their addresses are not guaranteed to be unique
     --> /var/cargo-builds/3c/6184ceb77072ba/test-ci/build/bao-mozjs-sys-8c5bfe5f0d0984fd/out/build/jsapi.rs:19183:9
      |
19176 |     #[derive(Debug, Copy, Clone, PartialEq)]
      |                                  --------- in this derive macro expansion
...
19183 |         pub freeTransfer: root::FreeTransferStructuredCloneOp,
      |         ^^^^^^^^^^^^^^^^^^^^^^^^^^^^^^^^^^^^^^^^^^^^^^^^^^^^^
      |
      = note: the address of the same function can vary between different codegen units
      = note: furthermore, different functions could have the same address after being merged together
      = note: for more information visit <https://doc.rust-lang.org/nightly/core/ptr/fn.fn_addr_eq.html>

warning: function pointer comparisons do not produce meaningful results since their addresses are not guaranteed to be unique
     --> /var/cargo-builds/3c/6184ceb77072ba/test-ci/build/bao-mozjs-sys-8c5bfe5f0d0984fd/out/build/jsapi.rs:19184:9
      |
19176 |     #[derive(Debug, Copy, Clone, PartialEq)]
      |                                  --------- in this derive macro expansion
...
19184 |         pub canTransfer: root::CanTransferStructuredCloneOp,
      |         ^^^^^^^^^^^^^^^^^^^^^^^^^^^^^^^^^^^^^^^^^^^^^^^^^^^
      |
      = note: the address of the same function can vary between different codegen units
      = note: furthermore, different functions could have the same address after being merged together
      = note: for more information visit <https://doc.rust-lang.org/nightly/core/ptr/fn.fn_addr_eq.html>

warning: function pointer comparisons do not produce meaningful results since their addresses are not guaranteed to be unique
     --> /var/cargo-builds/3c/6184ceb77072ba/test-ci/build/bao-mozjs-sys-8c5bfe5f0d0984fd/out/build/jsapi.rs:19185:9
      |
19176 |     #[derive(Debug, Copy, Clone, PartialEq)]
      |                                  --------- in this derive macro expansion
...
19185 |         pub sabCloned: root::SharedArrayBufferClonedOp,
      |         ^^^^^^^^^^^^^^^^^^^^^^^^^^^^^^^^^^^^^^^^^^^^^^
      |
      = note: the address of the same function can vary between different codegen units
      = note: furthermore, different functions could have the same address after being merged together
      = note: for more information visit <https://doc.rust-lang.org/nightly/core/ptr/fn.fn_addr_eq.html>

warning: function pointer comparisons do not produce meaningful results since their addresses are not guaranteed to be unique
     --> /var/cargo-builds/3c/6184ceb77072ba/test-ci/build/bao-mozjs-sys-8c5bfe5f0d0984fd/out/build/jsapi.rs:21489:9
      |
21486 |     #[derive(Debug, Copy, Clone, PartialEq)]
      |                                  --------- in this derive macro expansion
...
21489 |         pub call: root::JSNative,
      |         ^^^^^^^^^^^^^^^^^^^^^^^^
      |
      = note: the address of the same function can vary between different codegen units
      = note: furthermore, different functions could have the same address after being merged together
      = note: for more information visit <https://doc.rust-lang.org/nightly/core/ptr/fn.fn_addr_eq.html>

warning: function pointer comparisons do not produce meaningful results since their addresses are not guaranteed to be unique
    --> /var/cargo-builds/3c/6184ceb77072ba/test-ci/build/bao-mozjs-sys-8c5bfe5f0d0984fd/out/build/jsapi.rs:4970:13
     |
4968 |         #[derive(Debug, Copy, Clone, PartialEq)]
     |                                      --------- in this derive macro expansion
4969 |         pub struct ClassSpec {
4970 |             pub createConstructor: root::js::ClassObjectCreationOp,
     |             ^^^^^^^^^^^^^^^^^^^^^^^^^^^^^^^^^^^^^^^^^^^^^^^^^^^^^^
     |
     = note: the address of the same function can vary between different codegen units
     = note: furthermore, different functions could have the same address after being merged together
     = note: for more information visit <https://doc.rust-lang.org/nightly/core/ptr/fn.fn_addr_eq.html>

warning: function pointer comparisons do not produce meaningful results since their addresses are not guaranteed to be unique
    --> /var/cargo-builds/3c/6184ceb77072ba/test-ci/build/bao-mozjs-sys-8c5bfe5f0d0984fd/out/build/jsapi.rs:4971:13
     |
4968 |         #[derive(Debug, Copy, Clone, PartialEq)]
     |                                      --------- in this derive macro expansion
...
4971 |             pub createPrototype: root::js::ClassObjectCreationOp,
     |             ^^^^^^^^^^^^^^^^^^^^^^^^^^^^^^^^^^^^^^^^^^^^^^^^^^^^
     |
     = note: the address of the same function can vary between different codegen units
     = note: furthermore, different functions could have the same address after being merged together
     = note: for more information visit <https://doc.rust-lang.org/nightly/core/ptr/fn.fn_addr_eq.html>

warning: function pointer comparisons do not produce meaningful results since their addresses are not guaranteed to be unique
    --> /var/cargo-builds/3c/6184ceb77072ba/test-ci/build/bao-mozjs-sys-8c5bfe5f0d0984fd/out/build/jsapi.rs:4976:13
     |
4968 |         #[derive(Debug, Copy, Clone, PartialEq)]
     |                                      --------- in this derive macro expansion
...
4976 |             pub finishInit: root::js::FinishClassInitOp,
     |             ^^^^^^^^^^^^^^^^^^^^^^^^^^^^^^^^^^^^^^^^^^^
     |
     = note: the address of the same function can vary between different codegen units
     = note: furthermore, different functions could have the same address after being merged together
     = note: for more information visit <https://doc.rust-lang.org/nightly/core/ptr/fn.fn_addr_eq.html>

warning: function pointer comparisons do not produce meaningful results since their addresses are not guaranteed to be unique
    --> /var/cargo-builds/3c/6184ceb77072ba/test-ci/build/bao-mozjs-sys-8c5bfe5f0d0984fd/out/build/jsapi.rs:5007:13
     |
5004 |         #[derive(Debug, Copy, Clone, PartialEq)]
     |                                      --------- in this derive macro expansion
...
5007 |             pub objectMovedOp: root::JSObjectMovedOp,
     |             ^^^^^^^^^^^^^^^^^^^^^^^^^^^^^^^^^^^^^^^^
     |
     = note: the address of the same function can vary between different codegen units
     = note: furthermore, different functions could have the same address after being merged together
     = note: for more information visit <https://doc.rust-lang.org/nightly/core/ptr/fn.fn_addr_eq.html>

warning: function pointer comparisons do not produce meaningful results since their addresses are not guaranteed to be unique
    --> /var/cargo-builds/3c/6184ceb77072ba/test-ci/build/bao-mozjs-sys-8c5bfe5f0d0984fd/out/build/jsapi.rs:5019:13
     |
5017 |         #[derive(Debug, Copy, Clone, PartialEq)]
     |                                      --------- in this derive macro expansion
5018 |         pub struct ObjectOps {
5019 |             pub lookupProperty: root::js::LookupPropertyOp,
     |             ^^^^^^^^^^^^^^^^^^^^^^^^^^^^^^^^^^^^^^^^^^^^^^
     |
     = note: the address of the same function can vary between different codegen units
     = note: furthermore, different functions could have the same address after being merged together
     = note: for more information visit <https://doc.rust-lang.org/nightly/core/ptr/fn.fn_addr_eq.html>

warning: function pointer comparisons do not produce meaningful results since their addresses are not guaranteed to be unique
    --> /var/cargo-builds/3c/6184ceb77072ba/test-ci/build/bao-mozjs-sys-8c5bfe5f0d0984fd/out/build/jsapi.rs:5020:13
     |
5017 |         #[derive(Debug, Copy, Clone, PartialEq)]
     |                                      --------- in this derive macro expansion
...
5020 |             pub defineProperty: root::js::DefinePropertyOp,
     |             ^^^^^^^^^^^^^^^^^^^^^^^^^^^^^^^^^^^^^^^^^^^^^^
     |
     = note: the address of the same function can vary between different codegen units
     = note: furthermore, different functions could have the same address after being merged together
     = note: for more information visit <https://doc.rust-lang.org/nightly/core/ptr/fn.fn_addr_eq.html>

warning: function pointer comparisons do not produce meaningful results since their addresses are not guaranteed to be unique
    --> /var/cargo-builds/3c/6184ceb77072ba/test-ci/build/bao-mozjs-sys-8c5bfe5f0d0984fd/out/build/jsapi.rs:5021:13
     |
5017 |         #[derive(Debug, Copy, Clone, PartialEq)]
     |                                      --------- in this derive macro expansion
...
5021 |             pub hasProperty: root::js::HasPropertyOp,
     |             ^^^^^^^^^^^^^^^^^^^^^^^^^^^^^^^^^^^^^^^^
     |
     = note: the address of the same function can vary between different codegen units
     = note: furthermore, different functions could have the same address after being merged together
     = note: for more information visit <https://doc.rust-lang.org/nightly/core/ptr/fn.fn_addr_eq.html>

warning: function pointer comparisons do not produce meaningful results since their addresses are not guaranteed to be unique
    --> /var/cargo-builds/3c/6184ceb77072ba/test-ci/build/bao-mozjs-sys-8c5bfe5f0d0984fd/out/build/jsapi.rs:5022:13
     |
5017 |         #[derive(Debug, Copy, Clone, PartialEq)]
     |                                      --------- in this derive macro expansion
...
5022 |             pub getProperty: root::js::GetPropertyOp,
     |             ^^^^^^^^^^^^^^^^^^^^^^^^^^^^^^^^^^^^^^^^
     |
     = note: the address of the same function can vary between different codegen units
     = note: furthermore, different functions could have the same address after being merged together
     = note: for more information visit <https://doc.rust-lang.org/nightly/core/ptr/fn.fn_addr_eq.html>

warning: function pointer comparisons do not produce meaningful results since their addresses are not guaranteed to be unique
    --> /var/cargo-builds/3c/6184ceb77072ba/test-ci/build/bao-mozjs-sys-8c5bfe5f0d0984fd/out/build/jsapi.rs:5023:13
     |
5017 |         #[derive(Debug, Copy, Clone, PartialEq)]
     |                                      --------- in this derive macro expansion
...
5023 |             pub setProperty: root::js::SetPropertyOp,
     |             ^^^^^^^^^^^^^^^^^^^^^^^^^^^^^^^^^^^^^^^^
     |
     = note: the address of the same function can vary between different codegen units
     = note: furthermore, different functions could have the same address after being merged together
     = note: for more information visit <https://doc.rust-lang.org/nightly/core/ptr/fn.fn_addr_eq.html>

warning: function pointer comparisons do not produce meaningful results since their addresses are not guaranteed to be unique
    --> /var/cargo-builds/3c/6184ceb77072ba/test-ci/build/bao-mozjs-sys-8c5bfe5f0d0984fd/out/build/jsapi.rs:5024:13
     |
5017 |         #[derive(Debug, Copy, Clone, PartialEq)]
     |                                      --------- in this derive macro expansion
...
5024 |             pub getOwnPropertyDescriptor: root::js::GetOwnPropertyOp,
     |             ^^^^^^^^^^^^^^^^^^^^^^^^^^^^^^^^^^^^^^^^^^^^^^^^^^^^^^^^
     |
     = note: the address of the same function can vary between different codegen units
     = note: furthermore, different functions could have the same address after being merged together
     = note: for more information visit <https://doc.rust-lang.org/nightly/core/ptr/fn.fn_addr_eq.html>

warning: function pointer comparisons do not produce meaningful results since their addresses are not guaranteed to be unique
    --> /var/cargo-builds/3c/6184ceb77072ba/test-ci/build/bao-mozjs-sys-8c5bfe5f0d0984fd/out/build/jsapi.rs:5025:13
     |
5017 |         #[derive(Debug, Copy, Clone, PartialEq)]
     |                                      --------- in this derive macro expansion
...
5025 |             pub deleteProperty: root::js::DeletePropertyOp,
     |             ^^^^^^^^^^^^^^^^^^^^^^^^^^^^^^^^^^^^^^^^^^^^^^
     |
     = note: the address of the same function can vary between different codegen units
     = note: furthermore, different functions could have the same address after being merged together
     = note: for more information visit <https://doc.rust-lang.org/nightly/core/ptr/fn.fn_addr_eq.html>

warning: function pointer comparisons do not produce meaningful results since their addresses are not guaranteed to be unique
    --> /var/cargo-builds/3c/6184ceb77072ba/test-ci/build/bao-mozjs-sys-8c5bfe5f0d0984fd/out/build/jsapi.rs:5026:13
     |
5017 |         #[derive(Debug, Copy, Clone, PartialEq)]
     |                                      --------- in this derive macro expansion
...
5026 |             pub getElements: root::js::GetElementsOp,
     |             ^^^^^^^^^^^^^^^^^^^^^^^^^^^^^^^^^^^^^^^^
     |
     = note: the address of the same function can vary between different codegen units
     = note: furthermore, different functions could have the same address after being merged together
     = note: for more information visit <https://doc.rust-lang.org/nightly/core/ptr/fn.fn_addr_eq.html>

warning: function pointer comparisons do not produce meaningful results since their addresses are not guaranteed to be unique
    --> /var/cargo-builds/3c/6184ceb77072ba/test-ci/build/bao-mozjs-sys-8c5bfe5f0d0984fd/out/build/jsapi.rs:5027:13
     |
5017 |         #[derive(Debug, Copy, Clone, PartialEq)]
     |                                      --------- in this derive macro expansion
...
5027 |             pub funToString: root::JSFunToStringOp,
     |             ^^^^^^^^^^^^^^^^^^^^^^^^^^^^^^^^^^^^^^
     |
     = note: the address of the same function can vary between different codegen units
     = note: furthermore, different functions could have the same address after being merged together
     = note: for more information visit <https://doc.rust-lang.org/nightly/core/ptr/fn.fn_addr_eq.html>

warning: function pointer comparisons do not produce meaningful results since their addresses are not guaranteed to be unique
    --> /var/cargo-builds/3c/6184ceb77072ba/test-ci/build/bao-mozjs-sys-8c5bfe5f0d0984fd/out/build/jsapi.rs:6061:13
     |
6059 |         #[derive(Debug, Copy, Clone, PartialEq)]
     |                                      --------- in this derive macro expansion
6060 |         pub struct JSDOMCallbacks {
6061 |             pub instanceClassMatchesProto: root::js::DOMInstanceClassHasProtoAtDepth,
     |             ^^^^^^^^^^^^^^^^^^^^^^^^^^^^^^^^^^^^^^^^^^^^^^^^^^^^^^^^^^^^^^^^^^^^^^^^
     |
     = note: the address of the same function can vary between different codegen units
     = note: furthermore, different functions could have the same address after being merged together
     = note: for more information visit <https://doc.rust-lang.org/nightly/core/ptr/fn.fn_addr_eq.html>

warning: function pointer comparisons do not produce meaningful results since their addresses are not guaranteed to be unique
    --> /var/cargo-builds/3c/6184ceb77072ba/test-ci/build/bao-mozjs-sys-8c5bfe5f0d0984fd/out/build/jsapi.rs:6062:13
     |
6059 |         #[derive(Debug, Copy, Clone, PartialEq)]
     |                                      --------- in this derive macro expansion
...
6062 |             pub instanceClassIsError: root::js::DOMInstanceClassIsError,
     |             ^^^^^^^^^^^^^^^^^^^^^^^^^^^^^^^^^^^^^^^^^^^^^^^^^^^^^^^^^^^
     |
     = note: the address of the same function can vary between different codegen units
     = note: furthermore, different functions could have the same address after being merged together
     = note: for more information visit <https://doc.rust-lang.org/nightly/core/ptr/fn.fn_addr_eq.html>

warning: function pointer comparisons do not produce meaningful results since their addresses are not guaranteed to be unique
     --> /var/cargo-builds/3c/6184ceb77072ba/test-ci/build/bao-mozjs-sys-8c5bfe5f0d0984fd/out/build/jsapi.rs:11558:13
      |
11556 |         #[derive(Debug, Copy, Clone, PartialEq)]
      |                                      --------- in this derive macro expansion
11557 |         pub struct BufferContentsDeleter {
11558 |             pub freeFunc_: root::JS::BufferContentsFreeFunc,
      |             ^^^^^^^^^^^^^^^^^^^^^^^^^^^^^^^^^^^^^^^^^^^^^^^
      |
      = note: the address of the same function can vary between different codegen units
      = note: furthermore, different functions could have the same address after being merged together
      = note: for more information visit <https://doc.rust-lang.org/nightly/core/ptr/fn.fn_addr_eq.html>

warning: function pointer comparisons do not produce meaningful results since their addresses are not guaranteed to be unique
     --> /var/cargo-builds/3c/6184ceb77072ba/test-ci/build/bao-mozjs-sys-8c5bfe5f0d0984fd/out/build/jsapi.rs:13060:13
      |
13057 |         #[derive(Debug, Copy, Clone, PartialEq)]
      |                                      --------- in this derive macro expansion
...
13060 |             pub mallocSizeOf_: root::mozilla::MallocSizeOf,
      |             ^^^^^^^^^^^^^^^^^^^^^^^^^^^^^^^^^^^^^^^^^^^^^^
      |
      = note: the address of the same function can vary between different codegen units
      = note: furthermore, different functions could have the same address after being merged together
      = note: for more information visit <https://doc.rust-lang.org/nightly/core/ptr/fn.fn_addr_eq.html>

warning: function pointer comparisons do not produce meaningful results since their addresses are not guaranteed to be unique
     --> /var/cargo-builds/3c/6184ceb77072ba/test-ci/build/bao-mozjs-sys-8c5bfe5f0d0984fd/out/build/jsapi.rs:13405:13
      |
13390 |         #[derive(Debug, PartialEq)]
      |                         --------- in this derive macro expansion
...
13405 |             pub mallocSizeOf_: root::mozilla::MallocSizeOf,
      |             ^^^^^^^^^^^^^^^^^^^^^^^^^^^^^^^^^^^^^^^^^^^^^^
      |
      = note: the address of the same function can vary between different codegen units
      = note: furthermore, different functions could have the same address after being merged together
      = note: for more information visit <https://doc.rust-lang.org/nightly/core/ptr/fn.fn_addr_eq.html>

warning: function pointer comparisons do not produce meaningful results since their addresses are not guaranteed to be unique
     --> /var/cargo-builds/3c/6184ceb77072ba/test-ci/build/bao-mozjs-sys-8c5bfe5f0d0984fd/out/build/jsapi.rs:13444:13
      |
13441 |         #[derive(Debug, Copy, Clone, PartialEq)]
      |                                      --------- in this derive macro expansion
...
13444 |             pub getISupports_: root::JS::ObjectPrivateVisitor_GetISupportsFun,
      |             ^^^^^^^^^^^^^^^^^^^^^^^^^^^^^^^^^^^^^^^^^^^^^^^^^^^^^^^^^^^^^^^^^
      |
      = note: the address of the same function can vary between different codegen units
      = note: furthermore, different functions could have the same address after being merged together
      = note: for more information visit <https://doc.rust-lang.org/nightly/core/ptr/fn.fn_addr_eq.html>

warning: function pointer comparisons do not produce meaningful results since their addresses are not guaranteed to be unique
     --> /var/cargo-builds/3c/6184ceb77072ba/test-ci/build/bao-mozjs-sys-8c5bfe5f0d0984fd/out/build/jsapi.rs:14614:13
      |
14611 |         #[derive(Debug, PartialEq)]
      |                         --------- in this derive macro expansion
...
14614 |             pub prevReporter_: root::JS::WarningReporter,
      |             ^^^^^^^^^^^^^^^^^^^^^^^^^^^^^^^^^^^^^^^^^^^^
      |
      = note: the address of the same function can vary between different codegen units
      = note: furthermore, different functions could have the same address after being merged together
      = note: for more information visit <https://doc.rust-lang.org/nightly/core/ptr/fn.fn_addr_eq.html>

   Compiling bao-mozjs v0.22.1 (/home/putao/code/rust/bao/vendor/mozjs/mozjs)
   Compiling bun_sm v0.1.20 (/home/putao/code/rust/bao/src/bun_sm)
warning: `bao-mozjs-sys` (lib) generated 94 warnings
   Compiling bao_workflow_host v0.1.13 (/home/putao/code/rust/bao/src/bao_workflow_host)
warning: use of deprecated function `mozjs::conversions::unsafe_jsstr_to_string`: Use jsstr_to_string instead
  --> src/bao_workflow_host/src/lib.rs:33:41
   |
33 |         Some(nn) => mozjs::conversions::unsafe_jsstr_to_string(cx, nn),
   |                                         ^^^^^^^^^^^^^^^^^^^^^^
   |
   = note: `#[warn(deprecated)]` on by default

warning: use of deprecated function `mozjs::conversions::unsafe_jsstr_to_string`: Use jsstr_to_string instead
 --> src/bun_sm/src/value.rs:4:25
  |
4 | use mozjs::conversions::unsafe_jsstr_to_string;
  |                         ^^^^^^^^^^^^^^^^^^^^^^
  |
  = note: `#[warn(deprecated)]` on by default

warning: use of deprecated function `mozjs::conversions::unsafe_jsstr_to_string`: Use jsstr_to_string instead
   --> src/bun_sm/src/value.rs:317:28
    |
317 |             let rust_str = unsafe_jsstr_to_string(cx, NonNull::new(s).expect("null-checked JSString"));
    |                            ^^^^^^^^^^^^^^^^^^^^^^

warning: use of deprecated function `mozjs::conversions::unsafe_jsstr_to_string`: Use jsstr_to_string instead
   --> src/bun_sm/src/js_value.rs:249:41
    |
249 |         Ok(unsafe { mozjs::conversions::unsafe_jsstr_to_string(cx, nn) })
    |                                         ^^^^^^^^^^^^^^^^^^^^^^

warning: use of deprecated function `mozjs::conversions::unsafe_jsstr_to_string`: Use jsstr_to_string instead
 --> src/bun_sm/src/host_fn.rs:4:25
  |
4 | use mozjs::conversions::unsafe_jsstr_to_string;
  |                         ^^^^^^^^^^^^^^^^^^^^^^

warning: use of deprecated function `mozjs::conversions::unsafe_jsstr_to_string`: Use jsstr_to_string instead
   --> src/bun_sm/src/host_fn.rs:480:18
    |
480 |             Some(unsafe_jsstr_to_string(cx, NonNull::new(s)?))
    |                  ^^^^^^^^^^^^^^^^^^^^^^

warning: use of deprecated function `mozjs::conversions::unsafe_jsstr_to_string`: Use jsstr_to_string instead
   --> src/bun_sm/src/host_fn.rs:639:13
    |
639 |             unsafe_jsstr_to_string(cx, NonNull::new(s).expect("null-checked JSString"))
    |             ^^^^^^^^^^^^^^^^^^^^^^

warning: use of deprecated function `mozjs::conversions::unsafe_jsstr_to_string`: Use jsstr_to_string instead
   --> src/bun_sm/src/host_fn.rs:818:13
    |
818 |             unsafe_jsstr_to_string(cx, NonNull::new(s).expect("null-checked JSString"))
    |             ^^^^^^^^^^^^^^^^^^^^^^

warning: use of deprecated function `mozjs::conversions::unsafe_jsstr_to_string`: Use jsstr_to_string instead
   --> src/bun_sm/src/host_fn.rs:881:17
    |
881 |                 unsafe_jsstr_to_string(self.cx, NonNull::new(s).expect("null-checked"))
    |                 ^^^^^^^^^^^^^^^^^^^^^^

warning: use of deprecated function `mozjs::conversions::unsafe_jsstr_to_string`: Use jsstr_to_string instead
  --> src/bun_sm/src/initialize.rs:39:41
   |
39 |                     mozjs::conversions::unsafe_jsstr_to_string(cx, NonNull::new_unchecked(js_str))
   |                                         ^^^^^^^^^^^^^^^^^^^^^^

warning: use of deprecated function `mozjs::conversions::unsafe_jsstr_to_string`: Use jsstr_to_string instead
   --> src/bun_sm/src/module_loader.rs:258:44
    |
258 |     let url = unsafe { mozjs::conversions::unsafe_jsstr_to_string(raw_cx, jsstr) };
    |                                            ^^^^^^^^^^^^^^^^^^^^^^

warning: use of deprecated function `mozjs::conversions::unsafe_jsstr_to_string`: Use jsstr_to_string instead
   --> src/bun_sm/src/module_loader.rs:858:45
    |
858 |     let specifier_str = mozjs::conversions::unsafe_jsstr_to_string(
    |                                             ^^^^^^^^^^^^^^^^^^^^^^

warning: use of deprecated function `mozjs::conversions::unsafe_jsstr_to_string`: Use jsstr_to_string instead
    --> src/bun_sm/src/module_loader.rs:1780:33
     |
1780 |             mozjs::conversions::unsafe_jsstr_to_string(
     |                                 ^^^^^^^^^^^^^^^^^^^^^^

warning: use of deprecated function `mozjs::conversions::unsafe_jsstr_to_string`: Use jsstr_to_string instead
    --> src/bun_sm/src/module_loader.rs:1961:45
     |
1961 |     let specifier_str = mozjs::conversions::unsafe_jsstr_to_string(
     |                                             ^^^^^^^^^^^^^^^^^^^^^^

warning: use of deprecated function `mozjs::rust::error_info_from_exception_stack`: Use error_info_from_exception_stack_safe instead
    --> src/bun_sm/src/module_loader.rs:3490:22
     |
3490 |         mozjs::rust::error_info_from_exception_stack(cx.raw_cx_no_gc(), exn.handle_mut().into())
     |                      ^^^^^^^^^^^^^^^^^^^^^^^^^^^^^^^

warning: `bao_workflow_host` (lib) generated 1 warning
warning: variable does not need to be mutable
   --> src/bun_sm/src/js_value.rs:296:13
    |
296 |         let mut wrapped_cx =
    |             ----^^^^^^^^^^
    |             |
    |             help: remove this `mut`
    |
    = note: `#[warn(unused_mut)]` (part of `#[warn(unused)]`) on by default

warning: unnecessary `unsafe` block
   --> src/bun_sm/src/module_loader.rs:254:21
    |
254 |     let url_jsstr = unsafe { referencing_private.to_string() };
    |                     ^^^^^^ unnecessary `unsafe` block
    |
    = note: `#[warn(unused_unsafe)]` (part of `#[warn(unused)]`) on by default

warning: unnecessary `unsafe` block
    --> src/bun_sm/src/module_loader.rs:1913:26
     |
1771 |     unsafe {
     |     ------ because it's nested under this `unsafe` block
...
1913 |         let global_obj = unsafe { CurrentGlobalOrNull(raw_cx) };
     |                          ^^^^^^ unnecessary `unsafe` block

warning: unnecessary `unsafe` block
    --> src/bun_sm/src/module_loader.rs:1921:23
     |
1771 |     unsafe {
     |     ------ because it's nested under this `unsafe` block
...
1921 |             let got = unsafe {
     |                       ^^^^^^ unnecessary `unsafe` block

warning: unnecessary `unsafe` block
    --> src/bun_sm/src/module_loader.rs:1935:25
     |
1771 |     unsafe {
     |     ------ because it's nested under this `unsafe` block
...
1935 |                 let _ = unsafe {
     |                         ^^^^^^ unnecessary `unsafe` block

warning: unnecessary `unsafe` block
    --> src/bun_sm/src/module_loader.rs:2157:20
     |
2152 |     unsafe {
     |     ------ because it's nested under this `unsafe` block
...
2157 |             return unsafe {
     |                    ^^^^^^ unnecessary `unsafe` block

warning: unnecessary `unsafe` block
    --> src/bun_sm/src/module_loader.rs:2165:20
     |
2152 |     unsafe {
     |     ------ because it's nested under this `unsafe` block
...
2165 |             return unsafe {
     |                    ^^^^^^ unnecessary `unsafe` block

warning: unnecessary `unsafe` block
    --> src/bun_sm/src/module_loader.rs:2180:20
     |
2152 |     unsafe {
     |     ------ because it's nested under this `unsafe` block
...
2180 |             return unsafe {
     |                    ^^^^^^ unnecessary `unsafe` block

   Compiling bao_engine v0.1.20 (/home/putao/code/rust/bao/src/bao_engine)
warning: use of deprecated function `mozjs::rust::error_info_from_exception_stack`: Use error_info_from_exception_stack_safe instead
   --> src/bao_engine/src/context.rs:897:22
    |
897 |         mozjs::rust::error_info_from_exception_stack(cx.raw_cx_no_gc(), exn.handle_mut().into())
    |                      ^^^^^^^^^^^^^^^^^^^^^^^^^^^^^^^
    |
    = note: `#[warn(deprecated)]` on by default

warning: variable does not need to be mutable
   --> src/bao_engine/src/job_queue.rs:171:9
    |
171 |     let mut wrapped_cx =
    |         ----^^^^^^^^^^
    |         |
    |         help: remove this `mut`
    |
    = note: `#[warn(unused_mut)]` (part of `#[warn(unused)]`) on by default

warning: unnecessary `unsafe` block
   --> src/bao_engine/src/job_queue.rs:283:25
    |
255 |         unsafe {
    |         ------ because it's nested under this `unsafe` block
...
283 |                         unsafe { hook(cx, exn) };
    |                         ^^^^^^ unnecessary `unsafe` block
    |
    = note: `#[warn(unused_unsafe)]` (part of `#[warn(unused)]`) on by default

warning[E0133]: call to unsafe function `mozjs::context::JSContext::from_ptr` is unsafe and requires unsafe block
   --> src/bao_engine/src/memory_stats.rs:103:18
    |
103 |     let mut cx = JSContext::from_ptr(cx_nn);
    |                  ^^^^^^^^^^^^^^^^^^^^^^^^^^ call to unsafe function
    |
    = note: consult the function's documentation for information on how to avoid undefined behavior
note: an unsafe function restricts its caller, but its body is safe by default
   --> src/bao_engine/src/memory_stats.rs:98:1
    |
 98 | pub unsafe fn collect_runtime_stats(cx: *mut mozjs::jsapi::JSContext) -> Result<EngineMemoryStats, String> {
    | ^^^^^^^^^^^^^^^^^^^^^^^^^^^^^^^^^^^^^^^^^^^^^^^^^^^^^^^^^^^^^^^^^^^^^^^^^^^^^^^^^^^^^^^^^^^^^^^^^^^^^^^^^^
    = note: for more information, see <https://doc.rust-lang.org/edition-guide/rust-2024/unsafe-op-in-unsafe-fn.html>
    = note: `#[warn(unsafe_op_in_unsafe_fn)]` (part of `#[warn(rust_2024_compatibility)]`) on by default

warning[E0133]: call to unsafe function `mozjs::jsapi::JS_SetDefaultLocale` is unsafe and requires unsafe block
  --> src/bao_engine/src/realm_policy.rs:73:5
   |
73 |     JS_SetDefaultLocale(JS_GetRuntime(raw_cx), c_locale.as_ptr())
   |     ^^^^^^^^^^^^^^^^^^^^^^^^^^^^^^^^^^^^^^^^^^^^^^^^^^^^^^^^^^^^^ call to unsafe function
   |
   = note: consult the function's documentation for information on how to avoid undefined behavior
note: an unsafe function restricts its caller, but its body is safe by default
  --> src/bao_engine/src/realm_policy.rs:68:1
   |
68 | pub unsafe fn set_default_locale(raw_cx: *mut RawJSContext, locale: &str) -> bool {
   | ^^^^^^^^^^^^^^^^^^^^^^^^^^^^^^^^^^^^^^^^^^^^^^^^^^^^^^^^^^^^^^^^^^^^^^^^^^^^^^^^^
   = note: for more information, see <https://doc.rust-lang.org/edition-guide/rust-2024/unsafe-op-in-unsafe-fn.html>

warning[E0133]: call to unsafe function `mozjs::jsapi::JS_GetRuntime` is unsafe and requires unsafe block
  --> src/bao_engine/src/realm_policy.rs:73:25
   |
73 |     JS_SetDefaultLocale(JS_GetRuntime(raw_cx), c_locale.as_ptr())
   |                         ^^^^^^^^^^^^^^^^^^^^^ call to unsafe function
   |
   = note: consult the function's documentation for information on how to avoid undefined behavior
   = note: for more information, see <https://doc.rust-lang.org/edition-guide/rust-2024/unsafe-op-in-unsafe-fn.html>

warning[E0133]: call to unsafe function `mozjs::jsapi::JS_ResetDefaultLocale` is unsafe and requires unsafe block
  --> src/bao_engine/src/realm_policy.rs:82:5
   |
82 |     JS_ResetDefaultLocale(JS_GetRuntime(raw_cx));
   |     ^^^^^^^^^^^^^^^^^^^^^^^^^^^^^^^^^^^^^^^^^^^^ call to unsafe function
   |
   = note: consult the function's documentation for information on how to avoid undefined behavior
note: an unsafe function restricts its caller, but its body is safe by default
  --> src/bao_engine/src/realm_policy.rs:81:1
   |
81 | pub unsafe fn reset_default_locale(raw_cx: *mut RawJSContext) {
   | ^^^^^^^^^^^^^^^^^^^^^^^^^^^^^^^^^^^^^^^^^^^^^^^^^^^^^^^^^^^^^
   = note: for more information, see <https://doc.rust-lang.org/edition-guide/rust-2024/unsafe-op-in-unsafe-fn.html>

warning[E0133]: call to unsafe function `mozjs::jsapi::JS_GetRuntime` is unsafe and requires unsafe block
  --> src/bao_engine/src/realm_policy.rs:82:27
   |
82 |     JS_ResetDefaultLocale(JS_GetRuntime(raw_cx));
   |                           ^^^^^^^^^^^^^^^^^^^^^ call to unsafe function
   |
   = note: consult the function's documentation for information on how to avoid undefined behavior
   = note: for more information, see <https://doc.rust-lang.org/edition-guide/rust-2024/unsafe-op-in-unsafe-fn.html>

   Compiling bao_stealth v0.1.20 (/home/putao/code/rust/bao/src/bao_stealth)
For more information about this error, try `rustc --explain E0133`.
warning: `bao_engine` (lib) generated 8 warnings (run `cargo fix --lib -p bao_engine` to apply 4 suggestions)
   Compiling bao_cdp v0.1.17 (/home/putao/code/rust/bao/src/bao_cdp)
warning: variable does not need to be mutable
   --> src/bao_stealth/src/engine_props.rs:977:9
    |
977 |     let mut wrapped_cx =
    |         ----^^^^^^^^^^
    |         |
    |         help: remove this `mut`
    |
    = note: `#[warn(unused_mut)]` (part of `#[warn(unused)]`) on by default

warning: variable does not need to be mutable
    --> src/bao_stealth/src/engine_props.rs:1054:9
     |
1054 |     let mut wrapped_cx =
     |         ----^^^^^^^^^^
     |         |
     |         help: remove this `mut`

warning: variable does not need to be mutable
    --> src/bao_stealth/src/engine_props.rs:1211:9
     |
1211 |     let mut wrapped_cx =
     |         ----^^^^^^^^^^
     |         |
     |         help: remove this `mut`

warning: variable does not need to be mutable
    --> src/bao_stealth/src/engine_props.rs:1255:9
     |
1255 |     let mut wrapped_cx =
     |         ----^^^^^^^^^^
     |         |
     |         help: remove this `mut`

warning: variable does not need to be mutable
    --> src/bao_stealth/src/engine_props.rs:1372:21
     |
1372 |                 let mut wrapped_cx =
     |                     ----^^^^^^^^^^
     |                     |
     |                     help: remove this `mut`

warning: variable does not need to be mutable
    --> src/bao_stealth/src/engine_props.rs:1529:9
     |
1529 |     let mut wrapped_cx =
     |         ----^^^^^^^^^^
     |         |
     |         help: remove this `mut`

warning: `bun_sm` (lib) generated 22 warnings (run `cargo fix --lib -p bun_sm` to apply 1 suggestion)
   Compiling bao-servo-net v0.5.14 (/home/putao/code/rust/bao/vendor/servo/components/net)
warning: unused import: `rustls_pki_types::CertificateDer`
  --> vendor/servo/components/net/fetch/methods.rs:40:5
   |
40 | use rustls_pki_types::CertificateDer;
   |     ^^^^^^^^^^^^^^^^^^^^^^^^^^^^^^^^
   |
   = note: `#[warn(unused_imports)]` (part of `#[warn(unused)]`) on by default

warning: `bao_stealth` (lib) generated 6 warnings (run `cargo fix --lib -p bao_stealth` to apply 6 suggestions)
   Compiling bao_cdp_client v0.1.18 (/home/putao/code/rust/bao/src/bao_cdp_client)
   Compiling bun_runtime v0.2.4 (/home/putao/code/rust/bao/src/bao_runtime)
warning: associated function `new` is never used
  --> vendor/servo/components/net/async_runtime.rs:20:19
   |
19 | impl AsyncRuntimeHolder {
   | ----------------------- associated function in this implementation
20 |     pub(crate) fn new(runtime: Runtime) -> Self {
   |                   ^^^
   |
   = note: `#[warn(dead_code)]` (part of `#[warn(unused)]`) on by default

warning: method `has_override` is never used
   --> vendor/servo/components/net/connector.rs:281:19
    |
245 | impl CertificateErrorOverrideManager {
    | ------------------------------------ method in this implementation
...
281 |     pub(crate) fn has_override(&self, der: &[u8]) -> bool {
    |                   ^^^^^^^^^^^^

warning: fields `ca_certificates` and `ignore_certificate_errors` are never read
   --> vendor/servo/components/net/resource_thread.rs:195:5
    |
192 | struct ResourceChannelManager {
    |        ---------------------- fields in this struct
...
195 |     ca_certificates: CACertificates,
    |     ^^^^^^^^^^^^^^^
196 |     ignore_certificate_errors: bool,
    |     ^^^^^^^^^^^^^^^^^^^^^^^^^

warning: unused doc comment
   --> src/bao_runtime/src/bun_ffi.rs:449:1
    |
449 | / /// Minimal x86-64 SysV dynamic-call trampoline (upstream Bun precedent: FFI
450 | | /// CALLS go through hand-written asm there too — libffi is only used for
451 | | /// closures). The vendored libffi's `ffi_call` path corrupts its unix64
452 | | /// trampoline frame inside this workspace's binaries (works in isolation,
...   |
458 | | /// slots are zero-initialized (harmless: callees ignore unclaimed registers).
459 | | /// Returns (rax, xmm0) so callers pick the integer/SSE result per spec.
    | |_-----------------------------------------------------------------------^
    |   |
    |   rustdoc does not generate documentation for macro invocations
    |
    = help: to document an item produced by a macro, the macro must produce the documentation as part of its expansion
    = note: `#[warn(unused_doc_comments)]` (part of `#[warn(unused)]`) on by default

warning: use of deprecated function `mozjs::conversions::unsafe_jsstr_to_string`: Use jsstr_to_string instead
   --> src/bao_runtime/src/lib.rs:216:41
    |
216 |         Some(nn) => mozjs::conversions::unsafe_jsstr_to_string(cx, nn),
    |                                         ^^^^^^^^^^^^^^^^^^^^^^
    |
    = note: `#[warn(deprecated)]` on by default

warning: use of deprecated function `mozjs::conversions::unsafe_jsstr_to_string`: Use jsstr_to_string instead
   --> src/bao_runtime/src/lib.rs:230:41
    |
230 |         Some(nn) => mozjs::conversions::unsafe_jsstr_to_string(cx, nn),
    |                                         ^^^^^^^^^^^^^^^^^^^^^^

warning: use of deprecated function `mozjs::conversions::unsafe_jsstr_to_string`: Use jsstr_to_string instead
  --> src/bao_runtime/src/bun_api.rs:13:25
   |
13 | use mozjs::conversions::unsafe_jsstr_to_string;
   |                         ^^^^^^^^^^^^^^^^^^^^^^

warning: use of deprecated function `mozjs::conversions::unsafe_jsstr_to_string`: Use jsstr_to_string instead
    --> src/bao_runtime/src/bun_api.rs:2708:17
     |
2708 |     let event = unsafe_jsstr_to_string(cx, NonNull::new_unchecked(event_val.to_string()));
     |                 ^^^^^^^^^^^^^^^^^^^^^^

warning: use of deprecated function `mozjs::conversions::unsafe_jsstr_to_string`: Use jsstr_to_string instead
    --> src/bao_runtime/src/bun_api.rs:5081:31
     |
5081 |                     let key = unsafe_jsstr_to_string(raw_cx, NonNull::new_unchecked(key_str_ptr));
     |                               ^^^^^^^^^^^^^^^^^^^^^^

warning: use of deprecated function `mozjs::conversions::unsafe_jsstr_to_string`: Use jsstr_to_string instead
    --> src/bao_runtime/src/bun_api.rs:5252:29
     |
5252 |         mozjs::conversions::unsafe_jsstr_to_string(cx, NonNull::new_unchecked(spec_val.to_string()));
     |                             ^^^^^^^^^^^^^^^^^^^^^^

warning: use of deprecated function `mozjs::conversions::unsafe_jsstr_to_string`: Use jsstr_to_string instead
    --> src/bao_runtime/src/bun_api.rs:5255:44
     |
5255 |         let from_str = mozjs::conversions::unsafe_jsstr_to_string(
     |                                            ^^^^^^^^^^^^^^^^^^^^^^

warning: use of deprecated function `mozjs::conversions::unsafe_jsstr_to_string`: Use jsstr_to_string instead
    --> src/bao_runtime/src/bun_api.rs:5425:42
     |
5425 |                         entrypoints.push(unsafe_jsstr_to_string(
     |                                          ^^^^^^^^^^^^^^^^^^^^^^

warning: use of deprecated function `mozjs::conversions::unsafe_jsstr_to_string`: Use jsstr_to_string instead
    --> src/bao_runtime/src/bun_api.rs:5521:46
     |
5521 |                         config.external.push(unsafe_jsstr_to_string(
     |                                              ^^^^^^^^^^^^^^^^^^^^^^

warning: use of deprecated function `mozjs::conversions::unsafe_jsstr_to_string`: Use jsstr_to_string instead
    --> src/bao_runtime/src/bun_api.rs:5550:31
     |
5550 |                     let key = unsafe_jsstr_to_string(cx, NonNull::new_unchecked(key_ptr));
     |                               ^^^^^^^^^^^^^^^^^^^^^^

warning: use of deprecated function `mozjs::conversions::unsafe_jsstr_to_string`: Use jsstr_to_string instead
    --> src/bao_runtime/src/bun_api.rs:5560:25
     |
5560 |                         unsafe_jsstr_to_string(
     |                         ^^^^^^^^^^^^^^^^^^^^^^

warning: use of deprecated function `mozjs::conversions::unsafe_jsstr_to_string`: Use jsstr_to_string instead
    --> src/bao_runtime/src/bun_api.rs:5630:14
     |
5630 |         Some(unsafe_jsstr_to_string(
     |              ^^^^^^^^^^^^^^^^^^^^^^

warning: use of deprecated function `mozjs::conversions::unsafe_jsstr_to_string`: Use jsstr_to_string instead
    --> src/bao_runtime/src/bun_api.rs:5678:16
     |
5678 |     let name = unsafe_jsstr_to_string(cx, NonNull::new_unchecked(name_val.to_string()));
     |                ^^^^^^^^^^^^^^^^^^^^^^

warning: use of deprecated function `mozjs::conversions::unsafe_jsstr_to_string`: Use jsstr_to_string instead
    --> src/bao_runtime/src/bun_api.rs:6812:15
     |
6812 |     let dir = unsafe_jsstr_to_string(cx, NonNull::new_unchecked(dir_val.to_string()));
     |               ^^^^^^^^^^^^^^^^^^^^^^

warning: use of deprecated function `mozjs::conversions::unsafe_jsstr_to_string`: Use jsstr_to_string instead
   --> src/bao_runtime/src/bun_inspect_api.rs:908:39
    |
908 |         let key = mozjs::conversions::unsafe_jsstr_to_string(
    |                                       ^^^^^^^^^^^^^^^^^^^^^^

warning: use of deprecated function `mozjs::conversions::unsafe_jsstr_to_string`: Use jsstr_to_string instead
   --> src/bao_runtime/src/bun_spawn_sync.rs:201:47
    |
201 |                 let key = mozjs::conversions::unsafe_jsstr_to_string(
    |                                               ^^^^^^^^^^^^^^^^^^^^^^

warning: use of deprecated function `mozjs::conversions::unsafe_jsstr_to_string`: Use jsstr_to_string instead
  --> src/bao_runtime/src/fetch_api.rs:24:25
   |
24 | use mozjs::conversions::unsafe_jsstr_to_string;
   |                         ^^^^^^^^^^^^^^^^^^^^^^

warning: use of deprecated function `mozjs::conversions::unsafe_jsstr_to_string`: Use jsstr_to_string instead
    --> src/bao_runtime/src/fetch_api.rs:1948:21
     |
1948 |                     unsafe_jsstr_to_string(cx, ::std::ptr::NonNull::new_unchecked(key_str_ptr));
     |                     ^^^^^^^^^^^^^^^^^^^^^^

warning: use of deprecated function `mozjs::conversions::unsafe_jsstr_to_string`: Use jsstr_to_string instead
   --> src/bao_runtime/src/bun_password.rs:130:52
    |
130 |     NonNull::new(ptr).map(|nn| mozjs::conversions::unsafe_jsstr_to_string(cx, nn))
    |                                                    ^^^^^^^^^^^^^^^^^^^^^^

warning: use of deprecated function `mozjs::conversions::unsafe_jsstr_to_string`: Use jsstr_to_string instead
   --> src/bao_runtime/src/bun_password.rs:168:50
    |
168 |             opts.algorithm = mozjs::conversions::unsafe_jsstr_to_string(cx, nn);
    |                                                  ^^^^^^^^^^^^^^^^^^^^^^

warning: use of deprecated function `mozjs::conversions::unsafe_jsstr_to_string`: Use jsstr_to_string instead
   --> src/bao_runtime/src/bun_password.rs:218:63
    |
218 |         return NonNull::new(ptr).map(|nn| mozjs::conversions::unsafe_jsstr_to_string(cx, nn));
    |                                                               ^^^^^^^^^^^^^^^^^^^^^^

warning: use of deprecated function `mozjs::conversions::unsafe_jsstr_to_string`: Use jsstr_to_string instead
   --> src/bao_runtime/src/bun_password.rs:254:52
    |
254 |     NonNull::new(ptr).map(|nn| mozjs::conversions::unsafe_jsstr_to_string(cx.raw_cx(), nn))
    |                                                    ^^^^^^^^^^^^^^^^^^^^^^

warning: use of deprecated function `mozjs::conversions::unsafe_jsstr_to_string`: Use jsstr_to_string instead
 --> src/bao_runtime/src/globals.rs:6:25
  |
6 | use mozjs::conversions::unsafe_jsstr_to_string;
  |                         ^^^^^^^^^^^^^^^^^^^^^^

warning: use of deprecated function `mozjs::conversions::unsafe_jsstr_to_string`: Use jsstr_to_string instead
    --> src/bao_runtime/src/globals.rs:2552:17
     |
2552 |                 unsafe_jsstr_to_string(cx, ::std::ptr::NonNull::new_unchecked(enc_val.to_string()))
     |                 ^^^^^^^^^^^^^^^^^^^^^^

warning: use of deprecated function `mozjs::conversions::unsafe_jsstr_to_string`: Use jsstr_to_string instead
    --> src/bao_runtime/src/globals.rs:3159:20
     |
3159 |                 && unsafe_jsstr_to_string(cx, ::std::ptr::NonNull::new_unchecked(type_val.to_string()))
     |                    ^^^^^^^^^^^^^^^^^^^^^^

warning: use of deprecated function `mozjs::conversions::unsafe_jsstr_to_string`: Use jsstr_to_string instead
    --> src/bao_runtime/src/globals.rs:3186:25
     |
3186 |                 let s = unsafe_jsstr_to_string(
     |                         ^^^^^^^^^^^^^^^^^^^^^^

warning: use of deprecated function `mozjs::conversions::unsafe_jsstr_to_string`: Use jsstr_to_string instead
    --> src/bao_runtime/src/globals.rs:3247:25
     |
3247 |                         unsafe_jsstr_to_string(cx, ::std::ptr::NonNull::new_unchecked(elem.to_string()));
     |                         ^^^^^^^^^^^^^^^^^^^^^^

warning: use of deprecated function `mozjs::conversions::unsafe_jsstr_to_string`: Use jsstr_to_string instead
    --> src/bao_runtime/src/globals.rs:3429:9
     |
3429 |         unsafe_jsstr_to_string(
     |         ^^^^^^^^^^^^^^^^^^^^^^

warning: use of deprecated function `mozjs::conversions::unsafe_jsstr_to_string`: Use jsstr_to_string instead
    --> src/bao_runtime/src/globals.rs:3646:13
     |
3646 |             unsafe_jsstr_to_string(cx, ::std::ptr::NonNull::new_unchecked(fill_val.to_string()))
     |             ^^^^^^^^^^^^^^^^^^^^^^

warning: use of deprecated function `mozjs::conversions::unsafe_jsstr_to_string`: Use jsstr_to_string instead
    --> src/bao_runtime/src/globals.rs:4084:21
     |
4084 |             let s = unsafe_jsstr_to_string(cx, ::std::ptr::NonNull::new_unchecked(v.to_string()));
     |                     ^^^^^^^^^^^^^^^^^^^^^^

warning: use of deprecated function `mozjs::conversions::unsafe_jsstr_to_string`: Use jsstr_to_string instead
    --> src/bao_runtime/src/globals.rs:4615:13
     |
4615 |             unsafe_jsstr_to_string(cx, NonNull::new_unchecked(enc_str_ptr)).to_lowercase()
     |             ^^^^^^^^^^^^^^^^^^^^^^

warning: use of deprecated function `mozjs::conversions::unsafe_jsstr_to_string`: Use jsstr_to_string instead
    --> src/bao_runtime/src/globals.rs:4624:13
     |
4624 |             unsafe_jsstr_to_string(cx, NonNull::new_unchecked(enc_str_ptr)).to_lowercase()
     |             ^^^^^^^^^^^^^^^^^^^^^^

warning: use of deprecated function `mozjs::conversions::unsafe_jsstr_to_string`: Use jsstr_to_string instead
    --> src/bao_runtime/src/globals.rs:4730:26
     |
4730 |         let needle_str = unsafe_jsstr_to_string(cx, NonNull::new_unchecked(js_str));
     |                          ^^^^^^^^^^^^^^^^^^^^^^

warning: use of deprecated function `mozjs::conversions::unsafe_jsstr_to_string`: Use jsstr_to_string instead
    --> src/bao_runtime/src/globals.rs:4861:26
     |
4861 |         let needle_str = unsafe_jsstr_to_string(cx, NonNull::new_unchecked(js_str));
     |                          ^^^^^^^^^^^^^^^^^^^^^^

warning: use of deprecated function `mozjs::conversions::unsafe_jsstr_to_string`: Use jsstr_to_string instead
    --> src/bao_runtime/src/globals.rs:4867:13
     |
4867 |             unsafe_jsstr_to_string(cx, NonNull::new_unchecked((*args.get(2).ptr).to_string()))
     |             ^^^^^^^^^^^^^^^^^^^^^^

warning: use of deprecated function `mozjs::conversions::unsafe_jsstr_to_string`: Use jsstr_to_string instead
    --> src/bao_runtime/src/globals.rs:4967:19
     |
4967 |     let enc_str = unsafe_jsstr_to_string(_cx, ::std::ptr::NonNull::new_unchecked(enc_val.to_string()));
     |                   ^^^^^^^^^^^^^^^^^^^^^^

warning: use of deprecated function `mozjs::conversions::unsafe_jsstr_to_string`: Use jsstr_to_string instead
    --> src/bao_runtime/src/globals.rs:4995:9
     |
4995 |         unsafe_jsstr_to_string(
     |         ^^^^^^^^^^^^^^^^^^^^^^

warning: use of deprecated function `mozjs::conversions::unsafe_jsstr_to_string`: Use jsstr_to_string instead
    --> src/bao_runtime/src/globals.rs:5405:9
     |
5405 |         unsafe_jsstr_to_string(cx, NonNull::new_unchecked(algo_val.to_string())).to_lowercase()
     |         ^^^^^^^^^^^^^^^^^^^^^^

warning: use of deprecated function `mozjs::conversions::unsafe_jsstr_to_string`: Use jsstr_to_string instead
    --> src/bao_runtime/src/globals.rs:5449:9
     |
5449 |         unsafe_jsstr_to_string(cx, NonNull::new_unchecked(data_val.to_string())).into_bytes()
     |         ^^^^^^^^^^^^^^^^^^^^^^

warning: use of deprecated function `mozjs::conversions::unsafe_jsstr_to_string`: Use jsstr_to_string instead
   --> src/bao_runtime/src/node_cluster.rs:857:47
    |
857 |                 let key = mozjs::conversions::unsafe_jsstr_to_string(
    |                                               ^^^^^^^^^^^^^^^^^^^^^^

warning: use of deprecated function `mozjs::conversions::unsafe_jsstr_to_string`: Use jsstr_to_string instead
  --> src/bao_runtime/src/node_crypto.rs:11:25
   |
11 | use mozjs::conversions::unsafe_jsstr_to_string;
   |                         ^^^^^^^^^^^^^^^^^^^^^^

warning: use of deprecated function `mozjs::conversions::unsafe_jsstr_to_string`: Use jsstr_to_string instead
  --> src/bao_runtime/src/node_dns.rs:26:25
   |
26 | use mozjs::conversions::unsafe_jsstr_to_string;
   |                         ^^^^^^^^^^^^^^^^^^^^^^

warning: use of deprecated function `mozjs::conversions::unsafe_jsstr_to_string`: Use jsstr_to_string instead
    --> src/bao_runtime/src/node_dns.rs:1808:20
     |
1808 |     let hostname = unsafe_jsstr_to_string(cx, NonNull::new_unchecked(hostname_val.to_string()));
     |                    ^^^^^^^^^^^^^^^^^^^^^^

warning: use of deprecated function `mozjs::conversions::unsafe_jsstr_to_string`: Use jsstr_to_string instead
    --> src/bao_runtime/src/node_dns.rs:1897:20
     |
1897 |     let hostname = unsafe_jsstr_to_string(cx, NonNull::new_unchecked(hostname_val.to_string()));
     |                    ^^^^^^^^^^^^^^^^^^^^^^

warning: use of deprecated function `mozjs::conversions::unsafe_jsstr_to_string`: Use jsstr_to_string instead
    --> src/bao_runtime/src/node_dns.rs:1945:20
     |
1945 |     let hostname = unsafe_jsstr_to_string(cx, NonNull::new_unchecked(hostname_val.to_string()));
     |                    ^^^^^^^^^^^^^^^^^^^^^^

warning: use of deprecated function `mozjs::conversions::unsafe_jsstr_to_string`: Use jsstr_to_string instead
    --> src/bao_runtime/src/node_dns.rs:2047:18
     |
2047 |     let ip_str = unsafe_jsstr_to_string(cx, NonNull::new_unchecked(ip_val.to_string()));
     |                  ^^^^^^^^^^^^^^^^^^^^^^

warning: use of deprecated function `mozjs::conversions::unsafe_jsstr_to_string`: Use jsstr_to_string instead
    --> src/bao_runtime/src/node_dns.rs:2114:20
     |
2114 |     let addr_str = unsafe_jsstr_to_string(cx, NonNull::new_unchecked(addr_val.to_string()));
     |                    ^^^^^^^^^^^^^^^^^^^^^^

warning: use of deprecated function `mozjs::conversions::unsafe_jsstr_to_string`: Use jsstr_to_string instead
    --> src/bao_runtime/src/node_dns.rs:2346:21
     |
2346 |             let s = unsafe_jsstr_to_string(cx, NonNull::new_unchecked(elem.to_string()));
     |                     ^^^^^^^^^^^^^^^^^^^^^^

warning: use of deprecated function `mozjs::conversions::unsafe_jsstr_to_string`: Use jsstr_to_string instead
    --> src/bao_runtime/src/node_dns.rs:2422:20
     |
2422 |     let hostname = unsafe_jsstr_to_string(cx, NonNull::new_unchecked(hostname_val.to_string()));
     |                    ^^^^^^^^^^^^^^^^^^^^^^

warning: use of deprecated function `mozjs::conversions::unsafe_jsstr_to_string`: Use jsstr_to_string instead
    --> src/bao_runtime/src/node_dns.rs:2428:13
     |
2428 |             unsafe_jsstr_to_string(cx, NonNull::new_unchecked(rrtype_val.to_string()))
     |             ^^^^^^^^^^^^^^^^^^^^^^

warning: use of deprecated function `mozjs::conversions::unsafe_jsstr_to_string`: Use jsstr_to_string instead
 --> src/bao_runtime/src/node_events.rs:8:25
  |
8 | use mozjs::conversions::unsafe_jsstr_to_string;
  |                         ^^^^^^^^^^^^^^^^^^^^^^

warning: use of deprecated function `mozjs::conversions::unsafe_jsstr_to_string`: Use jsstr_to_string instead
    --> src/bao_runtime/src/node_http.rs:1450:63
     |
1450 | ...                   let key = mozjs::conversions::unsafe_jsstr_to_string(
     |                                                     ^^^^^^^^^^^^^^^^^^^^^^

warning: use of deprecated function `mozjs::conversions::unsafe_jsstr_to_string`: Use jsstr_to_string instead
    --> src/bao_runtime/src/node_http2.rs:1628:39
     |
1628 |         let key = mozjs::conversions::unsafe_jsstr_to_string(
     |                                       ^^^^^^^^^^^^^^^^^^^^^^

warning: use of deprecated function `mozjs::conversions::unsafe_jsstr_to_string`: Use jsstr_to_string instead
    --> src/bao_runtime/src/node_http2.rs:2631:55
     |
2631 |                         let key = mozjs::conversions::unsafe_jsstr_to_string(
     |                                                       ^^^^^^^^^^^^^^^^^^^^^^

warning: use of deprecated function `mozjs::conversions::unsafe_jsstr_to_string`: Use jsstr_to_string instead
    --> src/bao_runtime/src/node_http2.rs:2658:59
     |
2658 | ...                   let key = mozjs::conversions::unsafe_jsstr_to_string(
     |                                                     ^^^^^^^^^^^^^^^^^^^^^^

warning: use of deprecated function `mozjs::conversions::unsafe_jsstr_to_string`: Use jsstr_to_string instead
    --> src/bao_runtime/src/node_http2.rs:2851:47
     |
2851 |                 let key = mozjs::conversions::unsafe_jsstr_to_string(
     |                                               ^^^^^^^^^^^^^^^^^^^^^^

warning: use of deprecated function `mozjs::conversions::unsafe_jsstr_to_string`: Use jsstr_to_string instead
 --> src/bao_runtime/src/node_https.rs:5:25
  |
5 | use mozjs::conversions::unsafe_jsstr_to_string;
  |                         ^^^^^^^^^^^^^^^^^^^^^^

warning: use of deprecated function `mozjs::conversions::unsafe_jsstr_to_string`: Use jsstr_to_string instead
   --> src/bao_runtime/src/node_https.rs:110:9
    |
110 |         unsafe_jsstr_to_string(cx, NonNull::new_unchecked((*args.get(0).ptr).to_string()))
    |         ^^^^^^^^^^^^^^^^^^^^^^

warning: use of deprecated function `mozjs::conversions::unsafe_jsstr_to_string`: Use jsstr_to_string instead
   --> src/bao_runtime/src/node_https.rs:116:9
    |
116 |         unsafe_jsstr_to_string(cx, NonNull::new_unchecked((*args.get(1).ptr).to_string()))
    |         ^^^^^^^^^^^^^^^^^^^^^^

warning: use of deprecated function `mozjs::conversions::unsafe_jsstr_to_string`: Use jsstr_to_string instead
   --> src/bao_runtime/src/node_https.rs:122:9
    |
122 |         unsafe_jsstr_to_string(cx, NonNull::new_unchecked((*args.get(2).ptr).to_string()))
    |         ^^^^^^^^^^^^^^^^^^^^^^

warning: use of deprecated function `mozjs::conversions::unsafe_jsstr_to_string`: Use jsstr_to_string instead
   --> src/bao_runtime/src/node_https.rs:136:21
    |
136 |             let s = unsafe_jsstr_to_string(cx, NonNull::new_unchecked(v.to_string()));
    |                     ^^^^^^^^^^^^^^^^^^^^^^

warning: use of deprecated function `mozjs::conversions::unsafe_jsstr_to_string`: Use jsstr_to_string instead
   --> src/bao_runtime/src/node_https.rs:168:9
    |
168 |         unsafe_jsstr_to_string(cx, NonNull::new_unchecked((*args.get(4).ptr).to_string()))
    |         ^^^^^^^^^^^^^^^^^^^^^^

warning: use of deprecated function `mozjs::conversions::unsafe_jsstr_to_string`: Use jsstr_to_string instead
  --> src/bao_runtime/src/node_net.rs:13:25
   |
13 | use mozjs::conversions::unsafe_jsstr_to_string;
   |                         ^^^^^^^^^^^^^^^^^^^^^^

warning: use of deprecated function `mozjs::conversions::unsafe_jsstr_to_string`: Use jsstr_to_string instead
   --> src/bao_runtime/src/node_net.rs:886:9
    |
886 |         unsafe_jsstr_to_string(cx, NonNull::new_unchecked((*args.get(1).ptr).to_string()))
    |         ^^^^^^^^^^^^^^^^^^^^^^

warning: use of deprecated function `mozjs::conversions::unsafe_jsstr_to_string`: Use jsstr_to_string instead
   --> src/bao_runtime/src/node_net.rs:997:9
    |
997 |         unsafe_jsstr_to_string(cx, NonNull::new_unchecked((*args.get(1).ptr).to_string()))
    |         ^^^^^^^^^^^^^^^^^^^^^^

warning: use of deprecated function `mozjs::conversions::unsafe_jsstr_to_string`: Use jsstr_to_string instead
    --> src/bao_runtime/src/node_net.rs:1137:9
     |
1137 |         unsafe_jsstr_to_string(cx, NonNull::new_unchecked((*args.get(1).ptr).to_string()))
     |         ^^^^^^^^^^^^^^^^^^^^^^

warning: use of deprecated function `mozjs::conversions::unsafe_jsstr_to_string`: Use jsstr_to_string instead
    --> src/bao_runtime/src/node_net.rs:1465:17
     |
1465 |     let input = unsafe_jsstr_to_string(cx, NonNull::new_unchecked((*args.get(0).ptr).to_string()));
     |                 ^^^^^^^^^^^^^^^^^^^^^^

warning: use of deprecated function `mozjs::conversions::unsafe_jsstr_to_string`: Use jsstr_to_string instead
 --> src/bao_runtime/src/node_tty.rs:5:25
  |
5 | use mozjs::conversions::unsafe_jsstr_to_string;
  |                         ^^^^^^^^^^^^^^^^^^^^^^

warning: use of deprecated function `mozjs::conversions::unsafe_jsstr_to_string`: Use jsstr_to_string instead
   --> src/bao_runtime/src/node_tty.rs:502:21
    |
502 |             let s = unsafe_jsstr_to_string(cx, NonNull::new_unchecked(v.to_string()));
    |                     ^^^^^^^^^^^^^^^^^^^^^^

warning: use of deprecated function `mozjs::conversions::unsafe_jsstr_to_string`: Use jsstr_to_string instead
 --> src/bao_runtime/src/node_url.rs:5:25
  |
5 | use mozjs::conversions::unsafe_jsstr_to_string;
  |                         ^^^^^^^^^^^^^^^^^^^^^^

warning: use of deprecated function `mozjs::conversions::unsafe_jsstr_to_string`: Use jsstr_to_string instead
    --> src/bao_runtime/src/node_url.rs:1624:35
     |
1624 |                         let key = unsafe_jsstr_to_string(cx, NonNull::new_unchecked(key_str));
     |                                   ^^^^^^^^^^^^^^^^^^^^^^

warning: use of deprecated function `mozjs::conversions::unsafe_jsstr_to_string`: Use jsstr_to_string instead
 --> src/bao_runtime/src/node_util.rs:5:25
  |
5 | use mozjs::conversions::unsafe_jsstr_to_string;
  |                         ^^^^^^^^^^^^^^^^^^^^^^

warning: use of deprecated function `mozjs::conversions::unsafe_jsstr_to_string`: Use jsstr_to_string instead
    --> src/bao_runtime/src/node_util.rs:1451:35
     |
1451 |                         let key = unsafe_jsstr_to_string(cx, NonNull::new_unchecked(key_str_ptr));
     |                                   ^^^^^^^^^^^^^^^^^^^^^^

warning: use of deprecated function `mozjs::conversions::unsafe_jsstr_to_string`: Use jsstr_to_string instead
    --> src/bao_runtime/src/node_util.rs:1545:31
     |
1545 |                     let key = unsafe_jsstr_to_string(cx, NonNull::new_unchecked(key_str_ptr));
     |                               ^^^^^^^^^^^^^^^^^^^^^^

warning: use of deprecated function `mozjs::conversions::unsafe_jsstr_to_string`: Use jsstr_to_string instead
    --> src/bao_runtime/src/node_util.rs:2533:22
     |
2533 |             let sa = unsafe_jsstr_to_string(cx, ::std::ptr::NonNull::new_unchecked(a.to_string()));
     |                      ^^^^^^^^^^^^^^^^^^^^^^

warning: use of deprecated function `mozjs::conversions::unsafe_jsstr_to_string`: Use jsstr_to_string instead
    --> src/bao_runtime/src/node_util.rs:2534:22
     |
2534 |             let sb = unsafe_jsstr_to_string(cx, ::std::ptr::NonNull::new_unchecked(b.to_string()));
     |                      ^^^^^^^^^^^^^^^^^^^^^^

warning: use of deprecated function `mozjs::conversions::unsafe_jsstr_to_string`: Use jsstr_to_string instead
  --> src/bao_runtime/src/node_vm.rs:31:25
   |
31 | use mozjs::conversions::unsafe_jsstr_to_string;
   |                         ^^^^^^^^^^^^^^^^^^^^^^

warning: use of deprecated function `mozjs::conversions::unsafe_jsstr_to_string`: Use jsstr_to_string instead
   --> src/bao_runtime/src/node_vm.rs:913:28
    |
913 |         let key = unsafe { unsafe_jsstr_to_string(raw_cx, NonNull::new_unchecked(key_str_ptr)) };
    |                            ^^^^^^^^^^^^^^^^^^^^^^

warning: use of deprecated function `mozjs::conversions::unsafe_jsstr_to_string`: Use jsstr_to_string instead
    --> src/bao_runtime/src/node_vm.rs:1023:13
     |
1023 |             unsafe_jsstr_to_string(raw_cx, NonNull::new_unchecked(key_str_ptr))
     |             ^^^^^^^^^^^^^^^^^^^^^^

warning: use of deprecated function `mozjs::conversions::unsafe_jsstr_to_string`: Use jsstr_to_string instead
    --> src/bao_runtime/src/node_vm.rs:1098:22
     |
1098 |             unsafe { unsafe_jsstr_to_string(raw_cx, NonNull::new_unchecked(key_str_ptr)) };
     |                      ^^^^^^^^^^^^^^^^^^^^^^

warning: use of deprecated function `mozjs::conversions::unsafe_jsstr_to_string`: Use jsstr_to_string instead
   --> src/bao_runtime/src/node_wasi.rs:889:41
    |
889 |                     mozjs::conversions::unsafe_jsstr_to_string(
    |                                         ^^^^^^^^^^^^^^^^^^^^^^

warning: use of deprecated function `mozjs::conversions::unsafe_jsstr_to_string`: Use jsstr_to_string instead
  --> src/bao_runtime/src/node_worker_threads.rs:22:25
   |
22 | use mozjs::conversions::unsafe_jsstr_to_string;
   |                         ^^^^^^^^^^^^^^^^^^^^^^

warning: use of deprecated function `mozjs::conversions::unsafe_jsstr_to_string`: Use jsstr_to_string instead
   --> src/bao_runtime/src/node_worker_threads.rs:881:20
    |
881 |     let filename = unsafe_jsstr_to_string(
    |                    ^^^^^^^^^^^^^^^^^^^^^^

warning: use of deprecated function `mozjs::conversions::unsafe_jsstr_to_string`: Use jsstr_to_string instead
 --> src/bao_runtime/src/require.rs:9:25
  |
9 | use mozjs::conversions::unsafe_jsstr_to_string;
  |                         ^^^^^^^^^^^^^^^^^^^^^^

warning: use of deprecated function `mozjs::conversions::unsafe_jsstr_to_string`: Use jsstr_to_string instead
  --> src/bao_runtime/src/web_api.rs:18:25
   |
18 | use mozjs::conversions::unsafe_jsstr_to_string;
   |                         ^^^^^^^^^^^^^^^^^^^^^^

warning: use of deprecated function `mozjs::conversions::unsafe_jsstr_to_string`: Use jsstr_to_string instead
   --> src/bao_runtime/src/web_api.rs:749:25
    |
749 |                 let s = unsafe_jsstr_to_string(cx, NonNull::new_unchecked(msg_val.to_string()));
    |                         ^^^^^^^^^^^^^^^^^^^^^^

warning: use of deprecated function `mozjs::conversions::unsafe_jsstr_to_string`: Use jsstr_to_string instead
   --> src/bao_runtime/src/web_api.rs:828:15
    |
828 |     let url = unsafe_jsstr_to_string(cx, NonNull::new_unchecked(url_val.to_string()));
    |               ^^^^^^^^^^^^^^^^^^^^^^

warning: use of deprecated function `mozjs::conversions::unsafe_jsstr_to_string`: Use jsstr_to_string instead
    --> src/bao_runtime/src/web_api.rs:1510:13
     |
1510 |     let s = unsafe_jsstr_to_string(
     |             ^^^^^^^^^^^^^^^^^^^^^^

warning: use of deprecated function `mozjs::conversions::unsafe_jsstr_to_string`: Use jsstr_to_string instead
    --> src/bao_runtime/src/web_api.rs:1585:13
     |
1585 |     let s = unsafe_jsstr_to_string(
     |             ^^^^^^^^^^^^^^^^^^^^^^

   Compiling bao-servo-constellation v0.5.13 (/home/putao/code/rust/bao/vendor/servo/components/constellation)
warning: unused import: `ipc_channel::router::ROUTER`
   --> vendor/servo/components/constellation/constellation.rs:121:5
    |
121 | use ipc_channel::router::ROUTER;
    |     ^^^^^^^^^^^^^^^^^^^^^^^^^^^
    |
    = note: `#[warn(unused_imports)]` (part of `#[warn(unused)]`) on by default

warning: variable does not need to be mutable
    --> src/bao_runtime/src/bun_api.rs:5866:9
     |
5866 |     let mut s: String;
     |         ----^
     |         |
     |         help: remove this `mut`
     |
     = note: `#[warn(unused_mut)]` (part of `#[warn(unused)]`) on by default

warning: unused variable: `cx`
    --> src/bao_runtime/src/bun_sqlite.rs:1881:36
     |
1881 | unsafe extern "C" fn iterator_self(cx: *mut JSContext, _argc: u32, vp: *mut JSVal) -> bool {
     |                                    ^^ help: if this is intentional, prefix it with an underscore: `_cx`
     |
     = note: `#[warn(unused_variables)]` (part of `#[warn(unused)]`) on by default

warning: unused variable: `listener_fn`
    --> src/bao_runtime/src/fetch_api.rs:1033:13
     |
1033 |         let listener_fn = JS_NewFunction(
     |             ^^^^^^^^^^^ help: if this is intentional, prefix it with an underscore: `_listener_fn`

warning: unnecessary `unsafe` block
    --> src/bao_runtime/src/fetch_async.rs:2299:31
     |
2284 |     unsafe {
     |     ------ because it's nested under this `unsafe` block
...
2299 |             let node_linked = unsafe { &*this }
     |                               ^^^^^^ unnecessary `unsafe` block
     |
     = note: `#[warn(unused_unsafe)]` (part of `#[warn(unused)]`) on by default

warning: unnecessary `unsafe` block
  --> src/bao_runtime/src/node_crypto.rs:84:41
   |
55 |     unsafe {
   |     ------ because it's nested under this `unsafe` block
...
84 |             rooted!(&in(cx) let proto = unsafe { w2::JS_NewPlainObject(cx) });
   |                                         ^^^^^^ unnecessary `unsafe` block

warning: variable does not need to be mutable
    --> src/bao_runtime/src/node_dns.rs:2387:13
     |
2387 |         let mut cx_ref = mozjs::context::JSContext::from_ptr(NonNull::new_unchecked(cx));
     |             ----^^^^^^
     |             |
     |             help: remove this `mut`

warning: unnecessary `unsafe` block
  --> src/bao_runtime/src/node_inspector.rs:96:41
   |
30 |     unsafe {
   |     ------ because it's nested under this `unsafe` block
...
96 |             rooted!(&in(cx) let proto = unsafe { w2::JS_NewPlainObject(cx) });
   |                                         ^^^^^^ unnecessary `unsafe` block

warning: unnecessary `unsafe` block
    --> src/bao_runtime/src/node_url.rs:1043:17
     |
 920 |     unsafe {
     |     ------ because it's nested under this `unsafe` block
...
1043 |                 unsafe {
     |                 ^^^^^^ unnecessary `unsafe` block

warning: unused variable: `cx`
    --> src/bao_runtime/src/node_url.rs:2151:35
     |
2151 | unsafe extern "C" fn sp_iter_self(cx: *mut JSContext, _argc: u32, vp: *mut JSVal) -> bool {
     |                                   ^^ help: if this is intentional, prefix it with an underscore: `_cx`

warning: unnecessary `unsafe` block
    --> src/bao_runtime/src/node_url.rs:2396:34
     |
2383 |     unsafe {
     |     ------ because it's nested under this `unsafe` block
...
2396 |             let sv = StringValue(unsafe { &*js });
     |                                  ^^^^^^ unnecessary `unsafe` block

warning: unnecessary `unsafe` block
   --> src/bao_runtime/src/timers.rs:335:5
    |
335 |     unsafe {
    |     ^^^^^^ unnecessary `unsafe` block

warning: unnecessary `unsafe` block
    --> src/bao_runtime/src/web_api.rs:1901:9
     |
1901 |         unsafe { &raw const FORMAT }
     |         ^^^^^^ unnecessary `unsafe` block

warning: unused variable: `global`
  --> src/bao_runtime/src/web_streams.rs:18:5
   |
18 |     global: mozjs::rust::Handle<*mut JSObject>,
   |     ^^^^^^ help: if this is intentional, prefix it with an underscore: `_global`

warning: type `TypeSpec` is more private than the item `FfiCallback::new`
   --> src/bao_runtime/src/bun_ffi.rs:87:5
    |
 87 | /     pub fn new(
 88 | |         cx: *mut JSContext,
 89 | |         js_fn: *mut JSObject,
 90 | |         arg_types: Vec<TypeSpec>,
 91 | |         ret: TypeSpec,
 92 | |     ) -> Self {
    | |_____________^ associated function `FfiCallback::new` is reachable at visibility `pub`
    |
note: but type `TypeSpec` is only usable at visibility `pub(self)`
   --> src/bao_runtime/src/bun_ffi.rs:313:1
    |
313 | enum TypeSpec {
    | ^^^^^^^^^^^^^
    = note: `#[warn(private_interfaces)]` on by default

warning: method `arg` is never used
   --> src/bao_runtime/src/bun_ffi.rs:680:8
    |
679 | impl FfiArgSlot {
    | --------------- method in this implementation
680 |     fn arg(&self) -> libffi::middle::Arg {
    |        ^^^
    |
    = note: `#[warn(dead_code)]` (part of `#[warn(unused)]`) on by default

warning: function `url_decode` is never used
    --> src/bao_runtime/src/node_url.rs:2433:4
     |
2433 | fn url_decode(s: &str) -> String {
     |    ^^^^^^^^^^

warning: `bao-servo-net` (lib) generated 4 warnings (run `cargo fix --lib -p bao-servo-net` to apply 1 suggestion)
warning: `bao-servo-constellation` (lib) generated 1 warning (run `cargo fix --lib -p bao-servo-constellation` to apply 1 suggestion)
warning: `bun_runtime` (lib) generated 106 warnings (run `cargo fix --lib -p bun_runtime` to apply 6 suggestions)
warning: unused import: `GlobalScope`
  --> vendor/servo/components/script/dom/document/document_event_handler.rs:74:82
   |
74 |     ClipboardEvent, CompositionEvent, DataTransfer, Element, Event, EventTarget, GlobalScope,
   |                                                                                  ^^^^^^^^^^^
   |
   = note: `#[warn(unused_imports)]` (part of `#[warn(unused)]`) on by default

warning: unused import: `script_bindings::error::Fallible`
  --> vendor/servo/components/script/dom/html/embedded_content/htmlvideoelement.rs:26:5
   |
26 | use script_bindings::error::Fallible;
   |     ^^^^^^^^^^^^^^^^^^^^^^^^^^^^^^^^

warning: unused variable: `cx`
    --> vendor/servo/components/script/dom/document/document.rs:2444:41
     |
2444 |     fn queue_document_completion(&self, cx: &mut JSContext) {
     |                                         ^^ help: if this is intentional, prefix it with an underscore: `_cx`
     |
     = note: `#[warn(unused_variables)]` (part of `#[warn(unused)]`) on by default

warning: method `gamepad_task_source` is never used
   --> vendor/servo/components/script/tasks/task_manager.rs:144:34
    |
 85 | impl TaskManager {
    | ---------------- method in this implementation
...
144 |     task_source_functions!(self, gamepad_task_source, Gamepad);
    |                                  ^^^^^^^^^^^^^^^^^^^
    |
    = note: `#[warn(dead_code)]` (part of `#[warn(unused)]`) on by default
    = note: this warning originates in the macro `task_source_functions` (in Nightly builds, run with -Z macro-backtrace for more info)

warning: method `advance_specific` is never used
  --> vendor/servo/components/script/dom/animations/animationtimeline.rs:42:19
   |
26 | impl AnimationTimeline {
   | ---------------------- method in this implementation
...
42 |     pub(crate) fn advance_specific(&self, by: Duration) {
   |                   ^^^^^^^^^^^^^^^^

warning: method `advance_specific` is never used
  --> vendor/servo/components/script/dom/animations/documenttimeline.rs:80:19
   |
34 | impl DocumentTimeline {
   | --------------------- method in this implementation
...
80 |     pub(crate) fn advance_specific(&self, by: Duration) {
   |                   ^^^^^^^^^^^^^^^^

warning: method `get_snapshot` is never used
   --> vendor/servo/components/script/dom/canvas/imagedata.rs:191:19
    |
 47 | impl ImageData {
    | -------------- method in this implementation
...
191 |     pub(crate) fn get_snapshot(&self, no_gc: &NoGC) -> Snapshot {
    |                   ^^^^^^^^^^^^

warning: method `advance_animation_timeline_for_testing` is never used
    --> vendor/servo/components/script/dom/document/document.rs:4902:19
     |
3938 | impl Document {
     | ------------- method in this implementation
...
4902 |     pub(crate) fn advance_animation_timeline_for_testing(&self, delta: TimeDuration) {
     |                   ^^^^^^^^^^^^^^^^^^^^^^^^^^^^^^^^^^^^^^

warning: methods `get_or_init_webgpu_context` and `is_valid` are never used
   --> vendor/servo/components/script/dom/html/embedded_content/htmlcanvaselement.rs:322:8
    |
184 | impl HTMLCanvasElement {
    | ---------------------- methods in this implementation
...
322 |     fn get_or_init_webgpu_context(&self) -> Option<DomRoot<GPUCanvasContext>> {
    |        ^^^^^^^^^^^^^^^^^^^^^^^^^^
...
373 |     pub(crate) fn is_valid(&self) -> bool {
    |                   ^^^^^^^^

warning: method `duplicate` is never used
   --> vendor/servo/components/script/dom/promise/promise.rs:112:19
    |
 98 | impl Promise {
    | ------------ method in this implementation
...
112 |     pub(crate) fn duplicate(&self, cx: &mut JSContext) -> Rc<Promise> {
    |                   ^^^^^^^^^

warning: method `advance_animation_clock` is never used
    --> vendor/servo/components/script/dom/window/window.rs:2635:19
     |
2434 | impl Window {
     | ----------- method in this implementation
...
2635 |     pub(crate) fn advance_animation_clock(&self, no_gc: &NoGC, delta: TimeDuration) {
     |                   ^^^^^^^^^^^^^^^^^^^^^^^

warning: method `perform_a_worklet_task` is never used
   --> vendor/servo/components/script/dom/worklet/worklet.rs:278:8
    |
248 | pub trait WorkletThreadPool: JSTraceable {
    |           ----------------- method in this trait
...
278 |     fn perform_a_worklet_task(&self, worklet_id: WorkletId, worklet_task: WorkletTask);
    |        ^^^^^^^^^^^^^^^^^^^^^^

warning: associated function `handle_tick_all_animations_for_testing` is never used
    --> vendor/servo/components/script/event_loop/script_thread.rs:3798:19
     |
 968 | impl ScriptThread {
     | ----------------- associated function in this implementation
...
3798 |     pub(crate) fn handle_tick_all_animations_for_testing(no_gc: &NoGC, id: PipelineId) {
     |                   ^^^^^^^^^^^^^^^^^^^^^^^^^^^^^^^^^^^^^^

warning: this lint expectation is unfulfilled
   --> vendor/servo/components/script/dom/mod.rs:208:10
    |
208 | #[expect(unused)]
    |          ^^^^^^
    |
    = note: `#[warn(unfulfilled_lint_expectations)]` on by default

   Compiling bao-servo-layout v0.5.12 (/home/putao/code/rust/bao/vendor/servo/components/layout)
   Compiling bao-servo v0.5.12 (/home/putao/code/rust/bao/vendor/servo/components/servo)
warning: unused import: `GenericSender`
  --> vendor/servo/components/servo/servo.rs:43:52
   |
43 | use servo_base::generic_channel::{GenericCallback, GenericSender, RoutedReceiver};
   |                                                    ^^^^^^^^^^^^^
   |
   = note: `#[warn(unused_imports)]` (part of `#[warn(unused)]`) on by default

   Compiling bao-browser v0.1.23 (/home/putao/code/rust/bao/src/bao_browser)
warning: use of deprecated function `mozjs::conversions::unsafe_jsstr_to_string`: Use jsstr_to_string instead
   --> src/bao_browser/src/runtime_bridge.rs:592:54
    |
592 |                 Some(nn) => Some(mozjs::conversions::unsafe_jsstr_to_string(raw_cx, nn)),
    |                                                      ^^^^^^^^^^^^^^^^^^^^^^
    |
    = note: `#[warn(deprecated)]` on by default

warning: unnecessary `unsafe` block
    --> src/bao_browser/src/runtime_bridge.rs:1343:9
     |
1343 |         unsafe { &raw const FORMAT }
     |         ^^^^^^ unnecessary `unsafe` block
     |
     = note: `#[warn(unused_unsafe)]` (part of `#[warn(unused)]`) on by default

warning: `bao-browser` (lib) generated 2 warnings
warning: `bao-servo` (lib) generated 1 warning (run `cargo fix --lib -p bao-servo` to apply 1 suggestion)
warning: `bao-servo-script` (lib) generated 14 warnings (run `cargo fix --lib -p bao-servo-script` to apply 3 suggestions)
   Compiling bench-harness v0.1.0 (/home/putao/code/rust/bao/bench/harness)
    Finished `test-ci` profile [optimized + debuginfo] target(s) in 14m 08s
warning: the following packages contain code that will be rejected by a future version of Rust: surfman v0.13.0
note: to see what the problems were, use the option `--future-incompat-report`, or run `cargo report future-incompatibilities --id 1`
[bench] soak run-1 → bench/results/2026-09-19-66bdb414/soak.run-1.json

[bench] summary:
  soak.run-1:
    browser_runtime_init ms: p50=4.107665 p95=4.107665 n=1
    probe_page_ready ms: p50=284.527731 p95=284.527731 n=1
    churn_cycle ms: p50=60.245751000000006 p95=113.41686899999999 n=29938 [unstable cv=0.4270168194078866]
    churn_pages_per_s_wall ops_per_s: p50=8.316394679914655 p95=8.316394679914655 n=1
    vm_rss_after_close KiB: p50=395868.0 p95=564976.0 n=29938 [unstable cv=0.28842106571831166]
    vm_hwm KiB: p50=426020.0 p95=591852.0 n=29938 [unstable cv=0.153511154920568]
    fd_count_after_close count: p50=17.0 p95=17.0 n=29938
    thread_count_after_close count: p50=88.0 p95=88.0 n=29938
    vm_rss_slope_over_soak KiB_per_s: p50=72.48913836973375 p95=72.48913836973375 n=1
    vm_rss_slope_steady KiB_per_s: p50=126.7857838577568 p95=126.7857838577568 n=1
    segment_rss_growth_kib KiB: p50=67520.0 p95=119628.0 n=6 [unstable cv=1.2534108209162051]
    segment_rss_first_kib KiB: p50=314108.0 p95=534576.0 n=6 [unstable cv=0.29824818170574247]
    segment_rss_last_kib KiB: p50=375744.0 p95=575060.0 n=6 [unstable cv=0.3187471869699893]
    segment_cycles count: p50=4828.0 p95=5372.0 n=6 [unstable cv=0.05743147873885064]
    forced_gc_rss_pre_kib KiB: p50=479628.0 p95=575060.0 n=7 [unstable cv=0.35037968318125895]
    forced_gc_rss_post_kib KiB: p50=394500.0 p95=519252.0 n=7 [unstable cv=0.36225405255128423]
    forced_gc_rss_drop_kib KiB: p50=55812.0 p95=85128.0 n=7 [unstable cv=0.7234925594800082]
    forced_gc_eval_ms ms: p50=2.4548360000000002 p95=12.442971 n=7 [unstable cv=0.9261492425872007]
    forced_gc_engine_gc_heap_kib KiB: p50=2048.0 p95=2048.0 n=7
    forced_gc_engine_gc_things_kib KiB: p50=1123.2890625 p95=1123.2890625 n=7
    forced_gc_engine_malloc_heap_kib KiB: p50=4474.5048828125 p95=5072.7421875 n=7
    forced_gc_engine_zone_count count: p50=5.0 p95=5.0 n=7
    forced_gc_engine_realm_count count: p50=3.0 p95=3.0 n=7
    forced_gc_engine_gc_things_drop_kib KiB: p50=0.1953125 p95=122.125 n=7 [unstable cv=2.422328375086622]
    vm_rss_post_idle KiB: p50=518480.0 p95=518480.0 n=120
    vm_rss_slope_post KiB_per_s: p50=-0.3189465583959448 p95=-0.3189465583959448 n=1
[soak-daily] done: verdict=completed streak=1/60 min
[soak-daily] artifact self-collect: bench/ committed
